/projects/caeg/data/production/CGG3/0125/CGG3012591/20221214_HYLVJDSX3_LV7001886170, CGG3012591_LV7001886170
/projects/caeg/data/production/CGG3/0125/CGG3012591/20221216_HYLKKDSX3_LV7001886164, CGG3012591_LV7001886164
/projects/caeg/data/production/CGG3/0125/CGG3012563/20221214_HYLVJDSX3_LV7001886159, CGG3012563_LV7001886159
/projects/caeg/data/production/CGG3/0125/CGG3012563/20221216_HYLKKDSX3_LV7001886153, CGG3012563_LV7001886153
/projects/caeg/data/production/CGG3/0125/CGG3012567/20221216_HYLKKDSX3_LV7001886189, CGG3012567_LV7001886189
/projects/caeg/data/production/CGG3/0125/CGG3012567/20221214_HYLVJDSX3_LV7001886195, CGG3012567_LV7001886195
/projects/caeg/data/production/CGG3/0125/CGG3012558/20221214_HYLVJDSX3_LV7001842753, CGG3012558_LV7001842753
/projects/caeg/data/production/CGG3/0125/CGG3012558/20221216_HYLKKDSX3_LV7001886129, CGG3012558_LV7001886129
/projects/caeg/data/production/CGG3/0125/CGG3012595/20221216_HYLKKDSX3_LV7001886200, CGG3012595_LV7001886200
/projects/caeg/data/production/CGG3/0125/CGG3012595/20221214_HYLVJDSX3_LV7001886206, CGG3012595_LV7001886206
/projects/caeg/data/production/CGG3/0125/CGG3012575/20221216_HYLKKDSX3_LV7001886128, CGG3012575_LV7001886128
/projects/caeg/data/production/CGG3/0125/CGG3012575/20221214_HYLVJDSX3_LV7001886134, CGG3012575_LV7001886134
/projects/caeg/data/production/CGG3/0125/CGG3012572/20221214_HYLVJDSX3_LV7001886219, CGG3012572_LV7001886219
/projects/caeg/data/production/CGG3/0125/CGG3012572/20221216_HYLKKDSX3_LV7001886213, CGG3012572_LV7001886213
/projects/caeg/data/production/CGG3/0125/CGG3012566/20221214_HYLVJDSX3_LV7001886183, CGG3012566_LV7001886183
/projects/caeg/data/production/CGG3/0125/CGG3012566/20221216_HYLKKDSX3_LV7001886177, CGG3012566_LV7001886177
/projects/caeg/data/production/CGG3/0125/CGG3012592/20221214_HYLVJDSX3_LV7001886194, CGG3012592_LV7001886194
/projects/caeg/data/production/CGG3/0125/CGG3012592/20221216_HYLKKDSX3_LV7001886188, CGG3012592_LV7001886188
/projects/caeg/data/production/CGG3/0125/CGG3012574/20221214_HYLVJDSX3_LV7001886231, CGG3012574_LV7001886231
/projects/caeg/data/production/CGG3/0125/CGG3012574/20221216_HYLKKDSX3_LV7001886225, CGG3012574_LV7001886225
/projects/caeg/data/production/CGG3/0125/CGG3012569/20221214_HYLVJDSX3_LV7001886207, CGG3012569_LV7001886207
/projects/caeg/data/production/CGG3/0125/CGG3012569/20221216_HYLKKDSX3_LV7001886201, CGG3012569_LV7001886201
/projects/caeg/data/production/CGG3/0125/CGG3012576/20221216_HYLKKDSX3_LV7001886152, CGG3012576_LV7001886152
/projects/caeg/data/production/CGG3/0125/CGG3012576/20221214_HYLVJDSX3_LV7001886158, CGG3012576_LV7001886158
/projects/caeg/data/production/CGG3/0125/CGG3012565/20221216_HYLKKDSX3_LV7001886165, CGG3012565_LV7001886165
/projects/caeg/data/production/CGG3/0125/CGG3012565/20221214_HYLVJDSX3_LV7001886171, CGG3012565_LV7001886171
/projects/caeg/data/production/CGG3/0125/CGG3012593/20221216_HYLKKDSX3_LV7001886176, CGG3012593_LV7001886176
/projects/caeg/data/production/CGG3/0125/CGG3012593/20221214_HYLVJDSX3_LV7001886182, CGG3012593_LV7001886182
/projects/caeg/data/production/CGG3/0125/CGG3012597/20221214_HYLVJDSX3_LV7001886218, CGG3012597_LV7001886218
/projects/caeg/data/production/CGG3/0125/CGG3012597/20221216_HYLKKDSX3_LV7001886212, CGG3012597_LV7001886212
/projects/caeg/data/production/CGG3/0162/CGG3016210/20221214_HYLVJDSX3_LV7001886180, CGG3016210_LV7001886180
/projects/caeg/data/production/CGG3/0162/CGG3016210/20221216_HYLKKDSX3_LV7001886174, CGG3016210_LV7001886174
/projects/caeg/data/production/CGG3/0162/CGG3016232/20221216_HYLKKDSX3_LV7001886125, CGG3016232_LV7001886125
/projects/caeg/data/production/CGG3/0162/CGG3016232/20221214_HYLVJDSX3_LV7001886131, CGG3016232_LV7001886131
/projects/caeg/data/production/CGG3/0162/CGG3016230/20221216_HYLKKDSX3_LV7001886222, CGG3016230_LV7001886222
/projects/caeg/data/production/CGG3/0162/CGG3016230/20221214_HYLVJDSX3_LV7001886228, CGG3016230_LV7001886228
/projects/caeg/data/production/CGG3/0162/CGG3016209/20221216_HYLKKDSX3_LV7001886162, CGG3016209_LV7001886162
/projects/caeg/data/production/CGG3/0162/CGG3016209/20221214_HYLVJDSX3_LV7001886168, CGG3016209_LV7001886168
/projects/caeg/data/production/CGG3/0162/CGG3016207/20221216_HYLKKDSX3_LV7001886127, CGG3016207_LV7001886127
/projects/caeg/data/production/CGG3/0162/CGG3016207/20221214_HYLVJDSX3_LV7001886132, CGG3016207_LV7001886132
/projects/caeg/data/production/CGG3/0162/CGG3016236/20221216_HYLKKDSX3_LV7001886161, CGG3016236_LV7001886161
/projects/caeg/data/production/CGG3/0162/CGG3016236/20221214_HYLVJDSX3_LV7001886167, CGG3016236_LV7001886167
/projects/caeg/data/production/CGG3/0162/CGG3016238/20221216_HYLKKDSX3_LV7001886173, CGG3016238_LV7001886173
/projects/caeg/data/production/CGG3/0162/CGG3016238/20221214_HYLVJDSX3_LV7001886179, CGG3016238_LV7001886179
/projects/caeg/data/production/CGG3/0162/CGG3016206/20221214_HYLVJDSX3_LV7001886229, CGG3016206_LV7001886229
/projects/caeg/data/production/CGG3/0162/CGG3016206/20221216_HYLKKDSX3_LV7001886223, CGG3016206_LV7001886223
/projects/caeg/data/production/CGG3/0162/CGG3016205/20221216_HYLKKDSX3_LV7001886211, CGG3016205_LV7001886211
/projects/caeg/data/production/CGG3/0162/CGG3016205/20221214_HYLVJDSX3_LV7001886217, CGG3016205_LV7001886217
/projects/caeg/data/production/CGG3/0162/CGG3016218/20221214_HYLVJDSX3_LV7001886204, CGG3016218_LV7001886204
/projects/caeg/data/production/CGG3/0162/CGG3016218/20221216_HYLKKDSX3_LV7001886198, CGG3016218_LV7001886198
/projects/caeg/data/production/CGG3/0162/CGG3016242/20221214_HYLVJDSX3_LV7001886203, CGG3016242_LV7001886203
/projects/caeg/data/production/CGG3/0162/CGG3016242/20221216_HYLKKDSX3_LV7001886197, CGG3016242_LV7001886197
/projects/caeg/data/production/CGG3/0162/CGG3016204/20221216_HYLKKDSX3_LV7001886199, CGG3016204_LV7001886199
/projects/caeg/data/production/CGG3/0162/CGG3016204/20221214_HYLVJDSX3_LV7001886205, CGG3016204_LV7001886205
/projects/caeg/data/production/CGG3/0162/CGG3016240/20221216_HYLKKDSX3_LV7001886185, CGG3016240_LV7001886185
/projects/caeg/data/production/CGG3/0162/CGG3016240/20221214_HYLVJDSX3_LV7001858265, CGG3016240_LV7001858265
/projects/caeg/data/production/CGG3/0162/CGG3016208/20221216_HYLKKDSX3_LV7001886150, CGG3016208_LV7001886150
/projects/caeg/data/production/CGG3/0162/CGG3016208/20221214_HYLVJDSX3_LV7001886156, CGG3016208_LV7001886156
/projects/caeg/data/production/CGG3/0162/CGG3016220/20221214_HYLVJDSX3_LV7001886216, CGG3016220_LV7001886216
/projects/caeg/data/production/CGG3/0162/CGG3016220/20221216_HYLKKDSX3_LV7001886210, CGG3016220_LV7001886210
/projects/caeg/data/production/CGG3/0162/CGG3016234/20221216_HYLKKDSX3_LV7001886126, CGG3016234_LV7001886126
/projects/caeg/data/production/CGG3/0162/CGG3016234/20221214_HYLVJDSX3_LV7001886155, CGG3016234_LV7001886155
/projects/caeg/data/production/CGG3/0162/CGG3016211/20221216_HYLKKDSX3_LV7001886186, CGG3016211_LV7001886186
/projects/caeg/data/production/CGG3/0162/CGG3016211/20221214_HYLVJDSX3_LV7001886192, CGG3016211_LV7001886192
/projects/caeg/data/production/CGG3/0948/CGG309489/20211008_HF2LWDSX2_AKL29052021, CGG309489_AKL29052021
/projects/caeg/data/production/CGG3/0189/CGG3018939/20240209_BH37VJDSX7_LV7008955883, CGG3018939_LV7008955883
/projects/caeg/data/production/CGG3/0189/CGG3018901/20240207_BH23WMDSX7_LV7008955900, CGG3018901_LV7008955900
/projects/caeg/data/production/CGG3/0189/CGG3018902/20240207_BH23WMDSX7_LV7008955912, CGG3018902_LV7008955912
/projects/caeg/data/production/CGG3/0189/CGG3018922/20240209_BH37VJDSX7_LV7008955849, CGG3018922_LV7008955849
/projects/caeg/data/production/CGG3/0189/CGG3018943/20240209_BH37VJDSX7_LV7008955810, CGG3018943_LV7008955810
/projects/caeg/data/production/CGG3/0189/CGG3018923/20240209_BH37VJDSX7_LV7008955861, CGG3018923_LV7008955861
/projects/caeg/data/production/CGG3/0189/CGG3018930/20240209_BH37VJDSX7_LV7008955860, CGG3018930_LV7008955860
/projects/caeg/data/production/CGG3/0189/CGG3018941/20240209_BH37VJDSX7_LV7008955907, CGG3018941_LV7008955907
/projects/caeg/data/production/CGG3/0189/CGG3018966/20240209_BH37VJDSX7_LV7008955809, CGG3018966_LV7008955809
/projects/caeg/data/production/CGG3/0189/CGG3018929/20240209_BH37VJDSX7_LV7008955848, CGG3018929_LV7008955848
/projects/caeg/data/production/CGG3/0189/CGG3018905/20240207_BH23WMDSX7_LV7008955815, CGG3018905_LV7008955815
/projects/caeg/data/production/CGG3/0189/CGG3018915/20240209_BH37VJDSX7_LV7008955886, CGG3018915_LV7008955886
/projects/caeg/data/production/CGG3/0189/CGG3018925/20240209_BH37VJDSX7_LV7008953856, CGG3018925_LV7008953856
/projects/caeg/data/production/CGG3/0189/CGG3018940/20240209_BH37VJDSX7_LV7008955895, CGG3018940_LV7008955895
/projects/caeg/data/production/CGG3/0189/CGG3018927/20240209_BH37VJDSX7_LV7008955800, CGG3018927_LV7008955800
/projects/caeg/data/production/CGG3/0189/CGG3018964/20240209_BH37VJDSX7_LV7008955791, CGG3018964_LV7008955791
/projects/caeg/data/production/CGG3/0189/CGG3018907/20240207_BH23WMDSX7_LV7008955863, CGG3018907_LV7008955863
/projects/caeg/data/production/CGG3/0189/CGG3018904/20240207_BH23WMDSX7_LV7008958814, CGG3018904_LV7008958814
/projects/caeg/data/production/CGG3/0189/CGG3018913/20240209_BH37VJDSX7_LV7008955850, CGG3018913_LV7008955850
/projects/caeg/data/production/CGG3/0189/CGG3018919/20240209_BH37VJDSX7_LV7008955820, CGG3018919_LV7008955820
/projects/caeg/data/production/CGG3/0189/CGG3018903/20240207_BH23WMDSX7_LV7008953864, CGG3018903_LV7008953864
/projects/caeg/data/production/CGG3/0189/CGG3018942/20240209_BH37VJDSX7_LV7008953841, CGG3018942_LV7008953841
/projects/caeg/data/production/CGG3/0189/CGG3018961/20240209_BH37VJDSX7_LV7008955882, CGG3018961_LV7008955882
/projects/caeg/data/production/CGG3/0189/CGG3018931/20240209_BH37VJDSX7_LV7008955884, CGG3018931_LV7008955884
/projects/caeg/data/production/CGG3/0189/CGG3018906/20240207_BH23WMDSX7_LV7008955851, CGG3018906_LV7008955851
/projects/caeg/data/production/CGG3/0189/CGG3018936/20240209_BH37VJDSX7_LV7008955811, CGG3018936_LV7008955811
/projects/caeg/data/production/CGG3/0189/CGG3018900/20240207_BH23WMDSX7_LV7008955888, CGG3018900_LV7008955888
/projects/caeg/data/production/CGG3/0189/CGG3018921/20240209_BH37VJDSX7_LV7008955813, CGG3018921_LV7008955813
/projects/caeg/data/production/CGG3/0189/CGG3018938/20240209_BH37VJDSX7_LV7008955859, CGG3018938_LV7008955859
/projects/caeg/data/production/CGG3/0189/CGG3018912/20240209_BH37VJDSX7_LV7008955814, CGG3018912_LV7008955814
/projects/caeg/data/production/CGG3/0189/CGG3018909/20240209_BH37VJDSX7_LV7008955794, CGG3018909_LV7008955794
/projects/caeg/data/production/CGG3/0189/CGG3018932/20240209_BH37VJDSX7_LV7008955896, CGG3018932_LV7008955896
/projects/caeg/data/production/CGG3/0189/CGG3018944/20240209_BH37VJDSX7_LV7008955846, CGG3018944_LV7008955846
/projects/caeg/data/production/CGG3/0189/CGG3018908/20240207_BH23WMDSX7_LV7008955887, CGG3018908_LV7008955887
/projects/caeg/data/production/CGG3/0189/CGG3018926/20240209_BH37VJDSX7_LV7008953843, CGG3018926_LV7008953843
/projects/caeg/data/production/CGG3/0189/CGG3018945/20240209_BH37VJDSX7_LV7008955858, CGG3018945_LV7008955858
/projects/caeg/data/production/CGG3/0189/CGG3018965/20240209_BH37VJDSX7_LV7008955797, CGG3018965_LV7008955797
/projects/caeg/data/production/CGG3/0189/CGG3018963/20240209_BH37VJDSX7_LV7008955906, CGG3018963_LV7008955906
/projects/caeg/data/production/CGG3/0189/CGG3018928/20240209_BH37VJDSX7_LV7008955812, CGG3018928_LV7008955812
/projects/caeg/data/production/CGG3/0189/CGG3018914/20240209_BH37VJDSX7_LV7008955862, CGG3018914_LV7008955862
/projects/caeg/data/production/CGG3/0189/CGG3018920/20240209_BH37VJDSX7_LV7008955801, CGG3018920_LV7008955801
/projects/caeg/data/production/CGG3/0189/CGG3018916/20240209_BH37VJDSX7_LV7008955898, CGG3018916_LV7008955898
/projects/caeg/data/production/CGG3/0189/CGG3018935/20240209_BH37VJDSX7_LV7008955799, CGG3018935_LV7008955799
/projects/caeg/data/production/CGG3/0189/CGG3018933/20240209_BH37VJDSX7_LV7008955908, CGG3018933_LV7008955908
/projects/caeg/data/production/CGG3/0189/CGG3018937/20240209_BH37VJDSX7_LV7008955847, CGG3018937_LV7008955847
/projects/caeg/data/production/CGG3/0189/CGG3018934/20240209_BH37VJDSX7_LV7008953855, CGG3018934_LV7008953855
/projects/caeg/data/production/CGG3/0189/CGG3018924/20240209_BH37VJDSX7_LV7008955885, CGG3018924_LV7008955885
/projects/caeg/data/production/CGG3/0189/CGG3018917/20240209_BH37VJDSX7_LV7008955910, CGG3018917_LV7008955910
/projects/caeg/data/production/CGG3/0189/CGG3018962/20240209_BH37VJDSX7_LV7008955894, CGG3018962_LV7008955894
/projects/caeg/data/production/CGG3/0189/CGG3018911/20240209_BH37VJDSX7_LV7008955802, CGG3018911_LV7008955802
/projects/caeg/data/production/CGG3/0110/CGG3011079/20221209_HYMCFDSX3_LV7001886284, CGG3011079_LV7001886284
/projects/caeg/data/production/CGG3/0110/CGG3011067/20221209_HYMCFDSX3_LV7001886346, CGG3011067_LV7001886346
/projects/caeg/data/production/CGG3/0110/CGG3011067/20221209_HYMCFDSX3_LV7001886322, CGG3011067_LV7001886322
/projects/caeg/data/production/CGG3/0110/CGG3011037/20221209_HYMCFDSX3_LV7001886310, CGG3011037_LV7001886310
/projects/caeg/data/production/CGG3/0110/CGG3011037/20221209_HYMCFDSX3_LV7001886298, CGG3011037_LV7001886298
/projects/caeg/data/production/CGG3/0110/CGG3011080/20221209_HYMCFDSX3_LV7001886296, CGG3011080_LV7001886296
/projects/caeg/data/production/CGG3/0110/CGG3011042/20221209_HYMCFDSX3_LV7001886235, CGG3011042_LV7001886235
/projects/caeg/data/production/CGG3/0110/CGG3011069/20221209_HYMCFDSX3_LV7001886285, CGG3011069_LV7001886285
/projects/caeg/data/production/CGG3/0110/CGG3011069/20221209_HYMCFDSX3_LV7001886273, CGG3011069_LV7001886273
/projects/caeg/data/production/CGG3/0110/CGG3011035/20221209_HYMCFDSX3_LV7001886238, CGG3011035_LV7001886238
/projects/caeg/data/production/CGG3/0110/CGG3011035/20221209_HYMCFDSX3_LV7001886262, CGG3011035_LV7001886262
/projects/caeg/data/production/CGG3/0110/CGG3011077/20221209_HYMCFDSX3_LV7001886345, CGG3011077_LV7001886345
/projects/caeg/data/production/CGG3/0110/CGG3011077/20221209_HYMCFDSX3_LV7001886236, CGG3011077_LV7001886236
/projects/caeg/data/production/CGG3/0110/CGG3011036/20221209_HYMCFDSX3_LV7001886286, CGG3011036_LV7001886286
/projects/caeg/data/production/CGG3/0110/CGG3011036/20221209_HYMCFDSX3_LV7001886274, CGG3011036_LV7001886274
/projects/caeg/data/production/CGG3/0110/CGG3011070/20221209_HYMCFDSX3_LV7001886297, CGG3011070_LV7001886297
/projects/caeg/data/production/CGG3/0110/CGG3011041/20221209_HYMCFDSX3_LV7001886344, CGG3011041_LV7001886344
/projects/caeg/data/production/CGG3/0110/CGG3011047/20221209_HYMCFDSX3_LV7001886271, CGG3011047_LV7001886271
/projects/caeg/data/production/CGG3/0110/CGG3011048/20221209_HYMCFDSX3_LV7001886283, CGG3011048_LV7001886283
/projects/caeg/data/production/CGG3/0110/CGG3011040/20221209_HYMCFDSX3_LV7001886320, CGG3011040_LV7001886320
/projects/caeg/data/production/CGG3/0110/CGG3011078/20221209_HYMCFDSX3_LV7001886260, CGG3011078_LV7001886260
/projects/caeg/data/production/CGG3/0110/CGG3011078/20221209_HYMCFDSX3_LV7001886272, CGG3011078_LV7001886272
/projects/caeg/data/production/CGG3/0110/CGG3011072/20221209_HYMCFDSX3_LV7001886321, CGG3011072_LV7001886321
/projects/caeg/data/production/CGG3/0110/CGG3011071/20221209_HYMCFDSX3_LV7001886309, CGG3011071_LV7001886309
/projects/caeg/data/production/CGG3/0110/CGG3011068/20221209_HYMCFDSX3_LV7001886261, CGG3011068_LV7001886261
/projects/caeg/data/production/CGG3/0110/CGG3011068/20221209_HYMCFDSX3_LV7001886237, CGG3011068_LV7001886237
/projects/caeg/data/production/CGG3/0110/CGG3011044/20221209_HYMCFDSX3_LV7001886259, CGG3011044_LV7001886259
/projects/caeg/data/production/CGG3/0110/CGG3011081/20221209_HYMCFDSX3_LV7001886308, CGG3011081_LV7001886308
/projects/caeg/data/production/CGG3/0134/CGG3013417/20220718_HJ7YWDSX3_LV7001884008, CGG3013417_LV7001884008
/projects/caeg/data/production/CGG3/0134/CGG3013419/20220718_HJ7YWDSX3_LV7001884044, CGG3013419_LV7001884044
/projects/caeg/data/production/CGG3/0134/CGG3013401/20220718_HJ7YWDSX3_LV7001884010, CGG3013401_LV7001884010
/projects/caeg/data/production/CGG3/0134/CGG3013421/20220718_HJ7YWDSX3_LV7001884068, CGG3013421_LV7001884068
/projects/caeg/data/production/CGG3/0134/CGG3013400/20220718_HJ7YWDSX3_LV7001884119, CGG3013400_LV7001884119
/projects/caeg/data/production/CGG3/0134/CGG3013408/20220718_HJ7YWDSX3_LV7001884118, CGG3013408_LV7001884118
/projects/caeg/data/production/CGG3/0134/CGG3013431/20220718_HJ7YWDSX3_LV7001884006, CGG3013431_LV7001884006
/projects/caeg/data/production/CGG3/0134/CGG3013425/20220718_HJ7YWDSX3_LV7001884007, CGG3013425_LV7001884007
/projects/caeg/data/production/CGG3/0134/CGG3013411/20220718_HJ7YWDSX3_LV7001884045, CGG3013411_LV7001884045
/projects/caeg/data/production/CGG3/0134/CGG3013406/20220718_HJ7YWDSX3_LV7001884082, CGG3013406_LV7001884082
/projects/caeg/data/production/CGG3/0134/CGG3013410/20220718_HJ7YWDSX3_LV7001884033, CGG3013410_LV7001884033
/projects/caeg/data/production/CGG3/0134/CGG3013412/20220718_HJ7YWDSX3_LV7001884057, CGG3013412_LV7001884057
/projects/caeg/data/production/CGG3/0134/CGG3013403/20220718_HJ7YWDSX3_LV7001884046, CGG3013403_LV7001884046
/projects/caeg/data/production/CGG3/0134/CGG3013426/20220718_HJ7YWDSX3_LV7001884031, CGG3013426_LV7001884031
/projects/caeg/data/production/CGG3/0134/CGG3013402/20220718_HJ7YWDSX3_LV7001884034, CGG3013402_LV7001884034
/projects/caeg/data/production/CGG3/0134/CGG3013415/20220718_HJ7YWDSX3_LV7001884105, CGG3013415_LV7001884105
/projects/caeg/data/production/CGG3/0134/CGG3013416/20220718_HJ7YWDSX3_LV7001884117, CGG3013416_LV7001884117
/projects/caeg/data/production/CGG3/0134/CGG3013420/20220718_HJ7YWDSX3_LV7001884056, CGG3013420_LV7001884056
/projects/caeg/data/production/CGG3/0134/CGG3013414/20220718_HJ7YWDSX3_LV7001884081, CGG3013414_LV7001884081
/projects/caeg/data/production/CGG3/0134/CGG3013427/20220718_HJ7YWDSX3_LV7001884043, CGG3013427_LV7001884043
/projects/caeg/data/production/CGG3/0134/CGG3013404/20220718_HJ7YWDSX3_LV7001884058, CGG3013404_LV7001884058
/projects/caeg/data/production/CGG3/0134/CGG3013432/20220718_HJ7YWDSX3_LV7001884030, CGG3013432_LV7001884030
/projects/caeg/data/production/CGG3/0134/CGG3013407/20220718_HJ7YWDSX3_LV7001884106, CGG3013407_LV7001884106
/projects/caeg/data/production/CGG3/0134/CGG3013424/20220718_HJ7YWDSX3_LV7001884116, CGG3013424_LV7001884116
/projects/caeg/data/production/CGG3/0134/CGG3013405/20220718_HJ7YWDSX3_LV7001884070, CGG3013405_LV7001884070
/projects/caeg/data/production/CGG3/0134/CGG3013428/20220718_HJ7YWDSX3_LV7001884055, CGG3013428_LV7001884055
/projects/caeg/data/production/CGG3/0134/CGG3013423/20220718_HJ7YWDSX3_LV7001884104, CGG3013423_LV7001884104
/projects/caeg/data/production/CGG3/0134/CGG3013418/20220718_HJ7YWDSX3_LV7001884032, CGG3013418_LV7001884032
/projects/caeg/data/production/CGG3/0134/CGG3013422/20220718_HJ7YWDSX3_LV7001884080, CGG3013422_LV7001884080
/projects/caeg/data/production/CGG3/0134/CGG3013413/20220718_HJ7YWDSX3_LV7001884069, CGG3013413_LV7001884069
/projects/caeg/data/production/CGG3/0134/CGG3013430/20220718_HJ7YWDSX3_LV7001884079, CGG3013430_LV7001884079
/projects/caeg/data/production/CGG3/0134/CGG3013429/20220718_HJ7YWDSX3_LV7001884067, CGG3013429_LV7001884067
/projects/caeg/data/production/CGG3/0134/CGG3013409/20220718_HJ7YWDSX3_LV7001884009, CGG3013409_LV7001884009
/projects/caeg/data/production/CGG3/0186/CGG3018684/20240202_BHTT3LDSX5_LV7008958673, CGG3018684_LV7008958673
/projects/caeg/data/production/CGG3/0186/CGG3018684/20240202_AHTNTGDSX5_LV7008958673, CGG3018684_LV7008958673
/projects/caeg/data/production/CGG3/0186/CGG3018687/20240202_AHTNTGDSX5_LV7008958709, CGG3018687_LV7008958709
/projects/caeg/data/production/CGG3/0186/CGG3018687/20240202_BHTT3LDSX5_LV7008958709, CGG3018687_LV7008958709
/projects/caeg/data/production/CGG3/0186/CGG3018671/20240202_BHTT3LDSX5_LV7008958711, CGG3018671_LV7008958711
/projects/caeg/data/production/CGG3/0186/CGG3018671/20240202_AHTNTGDSX5_LV7008958711, CGG3018671_LV7008958711
/projects/caeg/data/production/CGG3/0186/CGG3018697/20240202_BHTT3LDSX5_LV7008958696, CGG3018697_LV7008958696
/projects/caeg/data/production/CGG3/0186/CGG3018697/20240202_AHTNTGDSX5_LV7008958696, CGG3018697_LV7008958696
/projects/caeg/data/production/CGG3/0186/CGG3018674/20240202_BHTT3LDSX5_LV7008958650, CGG3018674_LV7008958650
/projects/caeg/data/production/CGG3/0186/CGG3018674/20240202_AHTNTGDSX5_LV7008958650, CGG3018674_LV7008958650
/projects/caeg/data/production/CGG3/0186/CGG3018673/20240202_BHTT3LDSX5_LV7008958638, CGG3018673_LV7008958638
/projects/caeg/data/production/CGG3/0186/CGG3018673/20240202_AHTNTGDSX5_LV7008958638, CGG3018673_LV7008958638
/projects/caeg/data/production/CGG3/0186/CGG3018670/20240202_BHTT3LDSX5_LV7008958699, CGG3018670_LV7008958699
/projects/caeg/data/production/CGG3/0186/CGG3018670/20240202_AHTNTGDSX5_LV7008958699, CGG3018670_LV7008958699
/projects/caeg/data/production/CGG3/0186/CGG3018685/20240202_BHTT3LDSX5_LV7008958685, CGG3018685_LV7008958685
/projects/caeg/data/production/CGG3/0186/CGG3018685/20240202_AHTNTGDSX5_LV7008958685, CGG3018685_LV7008958685
/projects/caeg/data/production/CGG3/0186/CGG3018667/20240202_BHTT3LDSX5_LV7008958663, CGG3018667_LV7008958663
/projects/caeg/data/production/CGG3/0186/CGG3018667/20240202_AHTNTGDSX5_LV7008958663, CGG3018667_LV7008958663
/projects/caeg/data/production/CGG3/0186/CGG3018672/20240202_BHTT3LDSX5_LV7008958626, CGG3018672_LV7008958626
/projects/caeg/data/production/CGG3/0186/CGG3018672/20240202_AHTNTGDSX5_LV7008958626, CGG3018672_LV7008958626
/projects/caeg/data/production/CGG3/0186/CGG3018663/20240202_AHTNTGDSX5_LV7008958712, CGG3018663_LV7008958712
/projects/caeg/data/production/CGG3/0186/CGG3018663/20240202_BHTT3LDSX5_LV7008958712, CGG3018663_LV7008958712
/projects/caeg/data/production/CGG3/0186/CGG3018678/20240202_BHTT3LDSX5_LV7008958698, CGG3018678_LV7008958698
/projects/caeg/data/production/CGG3/0186/CGG3018678/20240202_AHTNTGDSX5_LV7008958698, CGG3018678_LV7008958698
/projects/caeg/data/production/CGG3/0186/CGG3018677/20240202_BHTT3LDSX5_LV7008958686, CGG3018677_LV7008958686
/projects/caeg/data/production/CGG3/0186/CGG3018677/20240202_AHTNTGDSX5_LV7008958686, CGG3018677_LV7008958686
/projects/caeg/data/production/CGG3/0186/CGG3018659/20240202_BHTT3LDSX5_LV7008958664, CGG3018659_LV7008958664
/projects/caeg/data/production/CGG3/0186/CGG3018659/20240202_AHTNTGDSX5_LV7008958664, CGG3018659_LV7008958664
/projects/caeg/data/production/CGG3/0186/CGG3018661/20240202_AHTNTGDSX5_LV7008958688, CGG3018661_LV7008958688
/projects/caeg/data/production/CGG3/0186/CGG3018661/20240202_BHTT3LDSX5_LV7008958688, CGG3018661_LV7008958688
/projects/caeg/data/production/CGG3/0186/CGG3018680/20240202_BHTT3LDSX5_LV7008958625, CGG3018680_LV7008958625
/projects/caeg/data/production/CGG3/0186/CGG3018680/20240202_AHTNTGDSX5_LV7008958625, CGG3018680_LV7008958625
/projects/caeg/data/production/CGG3/0186/CGG3018681/20240202_BHTT3LDSX5_LV7008958637, CGG3018681_LV7008958637
/projects/caeg/data/production/CGG3/0186/CGG3018681/20240202_AHTNTGDSX5_LV7008958637, CGG3018681_LV7008958637
/projects/caeg/data/production/CGG3/0186/CGG3018691/20240202_BHTT3LDSX5_LV7008958669, CGG3018691_LV7008958669
/projects/caeg/data/production/CGG3/0186/CGG3018691/20240202_AHTNTGDSX5_LV7008958669, CGG3018691_LV7008958669
/projects/caeg/data/production/CGG3/0186/CGG3018686/20240202_BHTT3LDSX5_LV7008958697, CGG3018686_LV7008958697
/projects/caeg/data/production/CGG3/0186/CGG3018686/20240202_AHTNTGDSX5_LV7008958697, CGG3018686_LV7008958697
/projects/caeg/data/production/CGG3/0186/CGG3018693/20240202_BHTT3LDSX5_LV7008958648, CGG3018693_LV7008958648
/projects/caeg/data/production/CGG3/0186/CGG3018693/20240202_AHTNTGDSX5_LV7008958648, CGG3018693_LV7008958648
/projects/caeg/data/production/CGG3/0186/CGG3018688/20240202_BHTT3LDSX5_LV7008958624, CGG3018688_LV7008958624
/projects/caeg/data/production/CGG3/0186/CGG3018688/20240202_AHTNTGDSX5_LV7008958624, CGG3018688_LV7008958624
/projects/caeg/data/production/CGG3/0186/CGG3018689/20240202_BHTT3LDSX5_LV7008958636, CGG3018689_LV7008958636
/projects/caeg/data/production/CGG3/0186/CGG3018689/20240202_AHTNTGDSX5_LV7008958636, CGG3018689_LV7008958636
/projects/caeg/data/production/CGG3/0186/CGG3018662/20240202_AHTNTGDSX5_LV7008958700, CGG3018662_LV7008958700
/projects/caeg/data/production/CGG3/0186/CGG3018662/20240202_BHTT3LDSX5_LV7008958700, CGG3018662_LV7008958700
/projects/caeg/data/production/CGG3/0186/CGG3018669/20240202_BHTT3LDSX5_LV7008958687, CGG3018669_LV7008958687
/projects/caeg/data/production/CGG3/0186/CGG3018669/20240202_AHTNTGDSX5_LV7008958687, CGG3018669_LV7008958687
/projects/caeg/data/production/CGG3/0186/CGG3018683/20240202_AHTNTGDSX5_LV7008958661, CGG3018683_LV7008958661
/projects/caeg/data/production/CGG3/0186/CGG3018683/20240202_BHTT3LDSX5_LV7008958661, CGG3018683_LV7008958661
/projects/caeg/data/production/CGG3/0186/CGG3018692/20240202_AHTNTGDSX5_LV7008958681, CGG3018692_LV7008958681
/projects/caeg/data/production/CGG3/0186/CGG3018692/20240202_BHTT3LDSX5_LV7008958681, CGG3018692_LV7008958681
/projects/caeg/data/production/CGG3/0186/CGG3018665/20240202_BHTT3LDSX5_LV7008957349, CGG3018665_LV7008957349
/projects/caeg/data/production/CGG3/0186/CGG3018665/20240202_AHTNTGDSX5_LV7008957349, CGG3018665_LV7008957349
/projects/caeg/data/production/CGG3/0186/CGG3018694/20240202_AHTNTGDSX5_LV7008958660, CGG3018694_LV7008958660
/projects/caeg/data/production/CGG3/0186/CGG3018694/20240202_BHTT3LDSX5_LV7008958660, CGG3018694_LV7008958660
/projects/caeg/data/production/CGG3/0186/CGG3018676/20240202_AHTNTGDSX5_LV7008958674, CGG3018676_LV7008958674
/projects/caeg/data/production/CGG3/0186/CGG3018676/20240202_BHTT3LDSX5_LV7008958674, CGG3018676_LV7008958674
/projects/caeg/data/production/CGG3/0186/CGG3018679/20240202_AHTNTGDSX5_LV7008957352, CGG3018679_LV7008957352
/projects/caeg/data/production/CGG3/0186/CGG3018679/20240202_BHTT3LDSX5_LV7008957352, CGG3018679_LV7008957352
/projects/caeg/data/production/CGG3/0186/CGG3018682/20240202_BHTT3LDSX5_LV7008958649, CGG3018682_LV7008958649
/projects/caeg/data/production/CGG3/0186/CGG3018682/20240202_AHTNTGDSX5_LV7008958649, CGG3018682_LV7008958649
/projects/caeg/data/production/CGG3/0186/CGG3018658/20240202_AHTNTGDSX5_LV7008958652, CGG3018658_LV7008958652
/projects/caeg/data/production/CGG3/0186/CGG3018658/20240202_BHTT3LDSX5_LV7008958652, CGG3018658_LV7008958652
/projects/caeg/data/production/CGG3/0186/CGG3018696/20240202_BHTT3LDSX5_LV7008958684, CGG3018696_LV7008958684
/projects/caeg/data/production/CGG3/0186/CGG3018696/20240202_AHTNTGDSX5_LV7008958684, CGG3018696_LV7008958684
/projects/caeg/data/production/CGG3/0186/CGG3018656/20240202_AHTNTGDSX5_LV7008958628, CGG3018656_LV7008958628
/projects/caeg/data/production/CGG3/0186/CGG3018656/20240202_BHTT3LDSX5_LV7008958628, CGG3018656_LV7008958628
/projects/caeg/data/production/CGG3/0186/CGG3018675/20240202_BHTT3LDSX5_LV7008958662, CGG3018675_LV7008958662
/projects/caeg/data/production/CGG3/0186/CGG3018675/20240202_AHTNTGDSX5_LV7008958662, CGG3018675_LV7008958662
/projects/caeg/data/production/CGG3/0186/CGG3018690/20240202_BHTT3LDSX5_LV7008958657, CGG3018690_LV7008958657
/projects/caeg/data/production/CGG3/0186/CGG3018690/20240202_AHTNTGDSX5_LV7008958657, CGG3018690_LV7008958657
/projects/caeg/data/production/CGG3/0186/CGG3018668/20240202_AHTNTGDSX5_LV7008958675, CGG3018668_LV7008958675
/projects/caeg/data/production/CGG3/0186/CGG3018668/20240202_BHTT3LDSX5_LV7008958675, CGG3018668_LV7008958675
/projects/caeg/data/production/CGG3/0186/CGG3018699/20240202_BHTT3LDSX5_LV7008958623, CGG3018699_LV7008958623
/projects/caeg/data/production/CGG3/0186/CGG3018699/20240202_AHTNTGDSX5_LV7008958623, CGG3018699_LV7008958623
/projects/caeg/data/production/CGG3/0186/CGG3018698/20240202_AHTNTGDSX5_LV7008958708, CGG3018698_LV7008958708
/projects/caeg/data/production/CGG3/0186/CGG3018698/20240202_BHTT3LDSX5_LV7008958708, CGG3018698_LV7008958708
/projects/caeg/data/production/CGG3/0186/CGG3018666/20240202_AHTNTGDSX5_LV7008958651, CGG3018666_LV7008958651
/projects/caeg/data/production/CGG3/0186/CGG3018666/20240202_BHTT3LDSX5_LV7008958651, CGG3018666_LV7008958651
/projects/caeg/data/production/CGG3/0186/CGG3018660/20240202_AHTNTGDSX5_LV7008958676, CGG3018660_LV7008958676
/projects/caeg/data/production/CGG3/0186/CGG3018660/20240202_BHTT3LDSX5_LV7008958676, CGG3018660_LV7008958676
/projects/caeg/data/production/CGG3/0186/CGG3018657/20240202_AHTNTGDSX5_LV7008957353, CGG3018657_LV7008957353
/projects/caeg/data/production/CGG3/0186/CGG3018657/20240202_BHTT3LDSX5_LV7008957353, CGG3018657_LV7008957353
/projects/caeg/data/production/CGG3/0186/CGG3018695/20240202_AHTNTGDSX5_LV7008958672, CGG3018695_LV7008958672
/projects/caeg/data/production/CGG3/0186/CGG3018695/20240202_BHTT3LDSX5_LV7008958672, CGG3018695_LV7008958672
/projects/caeg/data/production/CGG3/0186/CGG3018664/20240202_AHTNTGDSX5_LV7008958627, CGG3018664_LV7008958627
/projects/caeg/data/production/CGG3/0186/CGG3018664/20240202_BHTT3LDSX5_LV7008958627, CGG3018664_LV7008958627
/projects/caeg/data/production/CGG3/0095/CGG3009555/20220916_HVWMFDSX3_LV7001883421, CGG3009555_LV7001883421
/projects/caeg/data/production/CGG3/0095/CGG3009562/20220916_HVWMFDSX3_LV7001883541, CGG3009562_LV7001883541
/projects/caeg/data/production/CGG3/0095/CGG3009537/20220916_HVWMFDSX3_LV7001883532, CGG3009537_LV7001883532
/projects/caeg/data/production/CGG3/0095/CGG3009544/20220916_HVWMFDSX3_LV7001883507, CGG3009544_LV7001883507
/projects/caeg/data/production/CGG3/0095/CGG3009523/20220718_HJ7YWDSX3_LV7001884001, CGG3009523_LV7001884001
/projects/caeg/data/production/CGG3/0095/CGG3009534/20220916_HVWMFDSX3_LV7001883496, CGG3009534_LV7001883496
/projects/caeg/data/production/CGG3/0095/CGG3009506/20220916_HVWMFDSX3_LV7001883497, CGG3009506_LV7001883497
/projects/caeg/data/production/CGG3/0095/CGG3009505/20220916_HVWMFDSX3_LV7001883485, CGG3009505_LV7001883485
/projects/caeg/data/production/CGG3/0095/CGG3009502/20220916_HVWMFDSX3_LV7001883425, CGG3009502_LV7001883425
/projects/caeg/data/production/CGG3/0095/CGG3009563/20220916_HVWMFDSX3_LV7001883420, CGG3009563_LV7001883420
/projects/caeg/data/production/CGG3/0095/CGG3009529/20220916_HVWMFDSX3_LV7001883424, CGG3009529_LV7001883424
/projects/caeg/data/production/CGG3/0095/CGG3009540/20220916_HVWMFDSX3_LV7001883435, CGG3009540_LV7001883435
/projects/caeg/data/production/CGG3/0095/CGG3009503/20220916_HVWMFDSX3_LV7001883437, CGG3009503_LV7001883437
/projects/caeg/data/production/CGG3/0095/CGG3009518/20220718_HJ7YWDSX3_LV7001884050, CGG3009518_LV7001884050
/projects/caeg/data/production/CGG3/0095/CGG3009532/20220916_HVWMFDSX3_LV7001883448, CGG3009532_LV7001883448
/projects/caeg/data/production/CGG3/0095/CGG3009558/20220916_HVWMFDSX3_LV7001883469, CGG3009558_LV7001883469
/projects/caeg/data/production/CGG3/0095/CGG3009550/20220916_HVWMFDSX3_LV7001883470, CGG3009550_LV7001883470
/projects/caeg/data/production/CGG3/0095/CGG3009549/20220916_HVWMFDSX3_LV7001883446, CGG3009549_LV7001883446
/projects/caeg/data/production/CGG3/0095/CGG3009501/20220916_HVWMFDSX3_LV7001883413, CGG3009501_LV7001883413
/projects/caeg/data/production/CGG3/0095/CGG3009525/20220718_HJ7YWDSX3_LV7001884037, CGG3009525_LV7001884037
/projects/caeg/data/production/CGG3/0095/CGG3009547/20220916_HVWMFDSX3_LV7001838899, CGG3009547_LV7001838899
/projects/caeg/data/production/CGG3/0095/CGG3009552/20220916_HVWMFDSX3_LV7001883506, CGG3009552_LV7001883506
/projects/caeg/data/production/CGG3/0095/CGG3009536/20220916_HVWMFDSX3_LV7001883508, CGG3009536_LV7001883508
/projects/caeg/data/production/CGG3/0095/CGG3009559/20220916_HVWMFDSX3_LV7001883493, CGG3009559_LV7001883493
/projects/caeg/data/production/CGG3/0095/CGG3009545/20220916_HVWMFDSX3_LV7001883531, CGG3009545_LV7001883531
/projects/caeg/data/production/CGG3/0095/CGG3009564/20220916_HVWMFDSX3_LV7001883432, CGG3009564_LV7001883432
/projects/caeg/data/production/CGG3/0095/CGG3009539/20220916_HVWMFDSX3_LV7001883423, CGG3009539_LV7001883423
/projects/caeg/data/production/CGG3/0095/CGG3009560/20220916_HVWMFDSX3_LV7001883505, CGG3009560_LV7001883505
/projects/caeg/data/production/CGG3/0095/CGG3009548/20220916_HVWMFDSX3_LV7001883434, CGG3009548_LV7001883434
/projects/caeg/data/production/CGG3/0095/CGG3009543/20220916_HVWMFDSX3_LV7001883495, CGG3009543_LV7001883495
/projects/caeg/data/production/CGG3/0095/CGG3009528/20220718_HJ7YWDSX3_LV7001884073, CGG3009528_LV7001884073
/projects/caeg/data/production/CGG3/0095/CGG3009500/20220916_HVWMFDSX3_LV7001883534, CGG3009500_LV7001883534
/projects/caeg/data/production/CGG3/0095/CGG3009517/20220718_HJ7YWDSX3_LV7001884038, CGG3009517_LV7001884038
/projects/caeg/data/production/CGG3/0095/CGG3009519/20220718_HJ7YWDSX3_LV7001884062, CGG3009519_LV7001884062
/projects/caeg/data/production/CGG3/0095/CGG3009515/20220718_HJ7YWDSX3_LV7001884002, CGG3009515_LV7001884002
/projects/caeg/data/production/CGG3/0095/CGG3009530/20220916_HVWMFDSX3_LV7001883436, CGG3009530_LV7001883436
/projects/caeg/data/production/CGG3/0095/CGG3009554/20220916_HVWMFDSX3_LV7001883542, CGG3009554_LV7001883542
/projects/caeg/data/production/CGG3/0095/CGG3009508/20221118_HYLFMDSX3_LV7001885841, CGG3009508_LV7001885841
/projects/caeg/data/production/CGG3/0095/CGG3009527/20220718_HJ7YWDSX3_LV7001884061, CGG3009527_LV7001884061
/projects/caeg/data/production/CGG3/0095/CGG3009551/20220916_HVWMFDSX3_LV7001883494, CGG3009551_LV7001883494
/projects/caeg/data/production/CGG3/0095/CGG3009561/20220916_HVWMFDSX3_LV7001883529, CGG3009561_LV7001883529
/projects/caeg/data/production/CGG3/0095/CGG3009533/20220916_HVWMFDSX3_LV7001883472, CGG3009533_LV7001883472
/projects/caeg/data/production/CGG3/0095/CGG3009511/20220718_HJ7YWDSX3_LV7001884063, CGG3009511_LV7001884063
/projects/caeg/data/production/CGG3/0095/CGG3009509/20221118_HYLFMDSX3_LV7001885853, CGG3009509_LV7001885853
/projects/caeg/data/production/CGG3/0095/CGG3009513/20220718_HJ7YWDSX3_LV7001884099, CGG3009513_LV7001884099
/projects/caeg/data/production/CGG3/0095/CGG3009507/20221118_HYLFMDSX3_LV7001885829, CGG3009507_LV7001885829
/projects/caeg/data/production/CGG3/0095/CGG3009521/20220718_HJ7YWDSX3_LV7001884098, CGG3009521_LV7001884098
/projects/caeg/data/production/CGG3/0095/CGG3009557/20220916_HVWMFDSX3_LV7001883445, CGG3009557_LV7001883445
/projects/caeg/data/production/CGG3/0095/CGG3009514/20220718_HJ7YWDSX3_LV7001884111, CGG3009514_LV7001884111
/projects/caeg/data/production/CGG3/0095/CGG3009516/20220718_HJ7YWDSX3_LV7001884026, CGG3009516_LV7001884026
/projects/caeg/data/production/CGG3/0095/CGG3009546/20220916_HVWMFDSX3_LV7001883543, CGG3009546_LV7001883543
/projects/caeg/data/production/CGG3/0095/CGG3009520/20220718_HJ7YWDSX3_LV7001884074, CGG3009520_LV7001884074
/projects/caeg/data/production/CGG3/0095/CGG3009522/20220718_HJ7YWDSX3_LV7001884110, CGG3009522_LV7001884110
/projects/caeg/data/production/CGG3/0095/CGG3009556/20220916_HVWMFDSX3_LV7001883433, CGG3009556_LV7001883433
/projects/caeg/data/production/CGG3/0095/CGG3009510/20220718_HJ7YWDSX3_LV7001884051, CGG3009510_LV7001884051
/projects/caeg/data/production/CGG3/0095/CGG3009542/20220916_HVWMFDSX3_LV7001883471, CGG3009542_LV7001883471
/projects/caeg/data/production/CGG3/0095/CGG3009538/20220916_HVWMFDSX3_LV7001883544, CGG3009538_LV7001883544
/projects/caeg/data/production/CGG3/0095/CGG3009541/20220916_HVWMFDSX3_LV7001883447, CGG3009541_LV7001883447
/projects/caeg/data/production/CGG3/0095/CGG3009504/20220916_HVWMFDSX3_LV7001883461, CGG3009504_LV7001883461
/projects/caeg/data/production/CGG3/0095/CGG3009553/20220916_HVWMFDSX3_LV7001883530, CGG3009553_LV7001883530
/projects/caeg/data/production/CGG3/0095/CGG3009512/20220718_HJ7YWDSX3_LV7001884075, CGG3009512_LV7001884075
/projects/caeg/data/production/CGG3/0095/CGG3009524/20220718_HJ7YWDSX3_LV7001884025, CGG3009524_LV7001884025
/projects/caeg/data/production/CGG3/0095/CGG3009526/20220718_HJ7YWDSX3_LV7001884049, CGG3009526_LV7001884049
/projects/caeg/data/production/CGG3/0174/CGG3017472/20240129_AHTMWGDSX5_LV7008956069, CGG3017472_LV7008956069
/projects/caeg/data/production/CGG3/0174/CGG3017472/20240129_BHTNW2DSX5_LV7008955925, CGG3017472_LV7008955925
/projects/caeg/data/production/CGG3/0174/CGG3017408/20240129_AHTMWGDSX5_LV7008956144, CGG3017408_LV7008956144
/projects/caeg/data/production/CGG3/0174/CGG3017408/20221212_AHYLLHDSX3_LV7001883388, CGG3017408_LV7001883388
/projects/caeg/data/production/CGG3/0174/CGG3017408/20221212_BH3TMMDSX5_LV7001884360, CGG3017408_LV7001884360
/projects/caeg/data/production/CGG3/0174/CGG3017408/20240129_BHTNW2DSX5_LV7008956036, CGG3017408_LV7008956036
/projects/caeg/data/production/CGG3/0174/CGG3017453/20240129_AHTMWGDSX5_LV7008956118, CGG3017453_LV7008956118
/projects/caeg/data/production/CGG3/0174/CGG3017453/20221212_BH3TMMDSX5_LV7001884347, CGG3017453_LV7001884347
/projects/caeg/data/production/CGG3/0174/CGG3017453/20221212_AHYLLHDSX3_LV7001883375, CGG3017453_LV7001883375
/projects/caeg/data/production/CGG3/0174/CGG3017453/20240129_BHTNW2DSX5_LV7008955998, CGG3017453_LV7008955998
/projects/caeg/data/production/CGG3/0174/CGG3017423/20240129_BHTNW2DSX5_LV7008955963, CGG3017423_LV7008955963
/projects/caeg/data/production/CGG3/0174/CGG3017423/20240129_AHTMWGDSX5_LV7008956107, CGG3017423_LV7008956107
/projects/caeg/data/production/CGG3/0174/CGG3017468/20240129_AHTMWGDSX5_LV7008956190, CGG3017468_LV7008956190
/projects/caeg/data/production/CGG3/0174/CGG3017468/20240129_BHTNW2DSX5_LV7008956058, CGG3017468_LV7008956058
/projects/caeg/data/production/CGG3/0174/CGG3017491/20240202_BHTT3LDSX5_LV7008958667, CGG3017491_LV7008958667
/projects/caeg/data/production/CGG3/0174/CGG3017491/20240202_AHTNTGDSX5_LV7008958667, CGG3017491_LV7008958667
/projects/caeg/data/production/CGG3/0174/CGG3017411/20240129_BHTNW2DSX5_LV7008956048, CGG3017411_LV7008956048
/projects/caeg/data/production/CGG3/0174/CGG3017411/20221212_AHYLLHDSX3_LV7001883400, CGG3017411_LV7001883400
/projects/caeg/data/production/CGG3/0174/CGG3017411/20221212_BH3TMMDSX5_LV7001884372, CGG3017411_LV7001884372
/projects/caeg/data/production/CGG3/0174/CGG3017411/20240129_AHTMWGDSX5_LV7008956180, CGG3017411_LV7008956180
/projects/caeg/data/production/CGG3/0174/CGG3017414/20221212_BH3TMMDSX5_LV7001884384, CGG3017414_LV7001884384
/projects/caeg/data/production/CGG3/0174/CGG3017414/20240129_BHTNW2DSX5_LV7008956060, CGG3017414_LV7008956060
/projects/caeg/data/production/CGG3/0174/CGG3017414/20240129_AHTMWGDSX5_LV7008956192, CGG3017414_LV7008956192
/projects/caeg/data/production/CGG3/0174/CGG3017414/20221212_AHYLLHDSX3_LV7001883412, CGG3017414_LV7001883412
/projects/caeg/data/production/CGG3/0174/CGG3017489/20240202_AHTNTGDSX5_LV7008958643, CGG3017489_LV7008958643
/projects/caeg/data/production/CGG3/0174/CGG3017489/20240202_BHTT3LDSX5_LV7008958643, CGG3017489_LV7008958643
/projects/caeg/data/production/CGG3/0174/CGG3017439/20240129_AHTMWGDSX5_LV7008956179, CGG3017439_LV7008956179
/projects/caeg/data/production/CGG3/0174/CGG3017439/20240129_BHTNW2DSX5_LV7008956047, CGG3017439_LV7008956047
/projects/caeg/data/production/CGG3/0174/CGG3017456/20240129_AHTMWGDSX5_LV7008956130, CGG3017456_LV7008956130
/projects/caeg/data/production/CGG3/0174/CGG3017456/20240129_BHTNW2DSX5_LV7008956010, CGG3017456_LV7008956010
/projects/caeg/data/production/CGG3/0174/CGG3017487/20240129_AHTMWGDSX5_LV7008956189, CGG3017487_LV7008956189
/projects/caeg/data/production/CGG3/0174/CGG3017487/20240129_BHTNW2DSX5_LV7008956057, CGG3017487_LV7008956057
/projects/caeg/data/production/CGG3/0174/CGG3017446/20240129_BHTNW2DSX5_LV7008955938, CGG3017446_LV7008955938
/projects/caeg/data/production/CGG3/0174/CGG3017446/20240129_AHTMWGDSX5_LV7008956082, CGG3017446_LV7008956082
/projects/caeg/data/production/CGG3/0174/CGG3017402/20221212_BH3TMMDSX5_LV7001884312, CGG3017402_LV7001884312
/projects/caeg/data/production/CGG3/0174/CGG3017402/20221212_AHYLLHDSX3_LV7001883352, CGG3017402_LV7001883352
/projects/caeg/data/production/CGG3/0174/CGG3017402/20240129_AHTMWGDSX5_LV7008956120, CGG3017402_LV7008956120
/projects/caeg/data/production/CGG3/0174/CGG3017402/20240129_BHTNW2DSX5_LV7008956000, CGG3017402_LV7008956000
/projects/caeg/data/production/CGG3/0174/CGG3017464/20221212_BH3TMMDSX5_LV7001884359, CGG3017464_LV7001884359
/projects/caeg/data/production/CGG3/0174/CGG3017464/20240129_BHTNW2DSX5_LV7008956046, CGG3017464_LV7008956046
/projects/caeg/data/production/CGG3/0174/CGG3017464/20221212_AHYLLHDSX3_LV7001883387, CGG3017464_LV7001883387
/projects/caeg/data/production/CGG3/0174/CGG3017464/20240129_AHTMWGDSX5_LV7008956178, CGG3017464_LV7008956178
/projects/caeg/data/production/CGG3/0174/CGG3017479/20240129_BHTNW2DSX5_LV7008955961, CGG3017479_LV7008955961
/projects/caeg/data/production/CGG3/0174/CGG3017479/20240129_AHTMWGDSX5_LV7008956105, CGG3017479_LV7008956105
/projects/caeg/data/production/CGG3/0174/CGG3017420/20240129_AHTMWGDSX5_LV7008956083, CGG3017420_LV7008956083
/projects/caeg/data/production/CGG3/0174/CGG3017420/20221212_BH3TMMDSX5_LV7001884287, CGG3017420_LV7001884287
/projects/caeg/data/production/CGG3/0174/CGG3017420/20221212_AHYLLHDSX3_LV7001883327, CGG3017420_LV7001883327
/projects/caeg/data/production/CGG3/0174/CGG3017420/20240129_BHTNW2DSX5_LV7008955939, CGG3017420_LV7008955939
/projects/caeg/data/production/CGG3/0174/CGG3017488/20240129_BHTNW2DSX5_LV7008955924, CGG3017488_LV7008955924
/projects/caeg/data/production/CGG3/0174/CGG3017488/20240129_AHTMWGDSX5_LV7008956068, CGG3017488_LV7008956068
/projects/caeg/data/production/CGG3/0174/CGG3017405/20240129_AHTMWGDSX5_LV7009030994, CGG3017405_LV7009030994
/projects/caeg/data/production/CGG3/0174/CGG3017405/20240129_BHTNW2DSX5_LV7008956012, CGG3017405_LV7008956012
/projects/caeg/data/production/CGG3/0174/CGG3017405/20221212_BH3TMMDSX5_LV7001884348, CGG3017405_LV7001884348
/projects/caeg/data/production/CGG3/0174/CGG3017405/20221212_AHYLLHDSX3_LV7001883376, CGG3017405_LV7001883376
/projects/caeg/data/production/CGG3/0174/CGG3017475/20221212_AHYLLHDSX3_LV7001883399, CGG3017475_LV7001883399
/projects/caeg/data/production/CGG3/0174/CGG3017475/20240129_AHTMWGDSX5_LV7008956081, CGG3017475_LV7008956081
/projects/caeg/data/production/CGG3/0174/CGG3017475/20221212_BH3TMMDSX5_LV7001884371, CGG3017475_LV7001884371
/projects/caeg/data/production/CGG3/0174/CGG3017475/20240129_BHTNW2DSX5_LV7008955937, CGG3017475_LV7008955937
/projects/caeg/data/production/CGG3/0174/CGG3017497/20221212_BH3TMMDSX5_LV7001884274, CGG3017497_LV7001884274
/projects/caeg/data/production/CGG3/0174/CGG3017497/20240129_BHTNW2DSX5_LV7008955960, CGG3017497_LV7008955960
/projects/caeg/data/production/CGG3/0174/CGG3017497/20221212_AHYLLHDSX3_LV7001883314, CGG3017497_LV7001883314
/projects/caeg/data/production/CGG3/0174/CGG3017497/20240129_AHTMWGDSX5_LV7008956104, CGG3017497_LV7008956104
/projects/caeg/data/production/CGG3/0174/CGG3017493/20240129_AHTMWGDSX5_LV7008956080, CGG3017493_LV7008956080
/projects/caeg/data/production/CGG3/0174/CGG3017493/20240202_BHTT3LDSX5_LV7008958679, CGG3017493_LV7008958679
/projects/caeg/data/production/CGG3/0174/CGG3017493/20240202_AHTNTGDSX5_LV7008958679, CGG3017493_LV7008958679
/projects/caeg/data/production/CGG3/0174/CGG3017493/20240129_BHTNW2DSX5_LV7008955936, CGG3017493_LV7008955936
/projects/caeg/data/production/CGG3/0174/CGG3017490/20240202_AHTNTGDSX5_LV7008958655, CGG3017490_LV7008958655
/projects/caeg/data/production/CGG3/0174/CGG3017490/20240202_BHTT3LDSX5_LV7008958655, CGG3017490_LV7008958655
/projects/caeg/data/production/CGG3/0174/CGG3017442/20240129_AHTMWGDSX5_LV7008956070, CGG3017442_LV7008956070
/projects/caeg/data/production/CGG3/0174/CGG3017442/20221212_AHYLLHDSX3_LV7001883351, CGG3017442_LV7001883351
/projects/caeg/data/production/CGG3/0174/CGG3017442/20240129_BHTNW2DSX5_LV7008955926, CGG3017442_LV7008955926
/projects/caeg/data/production/CGG3/0174/CGG3017442/20221212_BH3TMMDSX5_LV7001884311, CGG3017442_LV7001884311
/projects/caeg/data/production/CGG3/0174/CGG3017417/20240129_AHTMWGDSX5_LV7008956183, CGG3017417_LV7008956183
/projects/caeg/data/production/CGG3/0174/CGG3017417/20240129_BHTNW2DSX5_LV7008955927, CGG3017417_LV7008955927
/projects/caeg/data/production/CGG3/0174/CGG3017417/20221212_BH3TMMDSX5_LV7001884275, CGG3017417_LV7001884275
/projects/caeg/data/production/CGG3/0174/CGG3017417/20221212_AHYLLHDSX3_LV7001883315, CGG3017417_LV7001883315
/projects/caeg/data/production/CGG3/0174/CGG3017485/20240129_AHTMWGDSX5_LV7008956129, CGG3017485_LV7008956129
/projects/caeg/data/production/CGG3/0174/CGG3017485/20240129_BHTNW2DSX5_LV7008956009, CGG3017485_LV7008956009
/projects/caeg/data/production/CGG3/0174/CGG3017431/20221212_BH3TMMDSX5_LV7001884299, CGG3017431_LV7001884299
/projects/caeg/data/production/CGG3/0174/CGG3017431/20240129_BHTNW2DSX5_LV7008956011, CGG3017431_LV7008956011
/projects/caeg/data/production/CGG3/0174/CGG3017431/20240129_AHTMWGDSX5_LV7008956131, CGG3017431_LV7008956131
/projects/caeg/data/production/CGG3/0174/CGG3017431/20221212_AHYLLHDSX3_LV7001883339, CGG3017431_LV7001883339
/projects/caeg/data/production/CGG3/0174/CGG3017427/20240129_BHTNW2DSX5_LV7008955999, CGG3017427_LV7008955999
/projects/caeg/data/production/CGG3/0174/CGG3017427/20240129_AHTMWGDSX5_LV7008956119, CGG3017427_LV7008956119
/projects/caeg/data/production/CGG3/0174/CGG3017484/20240129_BHTNW2DSX5_LV7008955997, CGG3017484_LV7008955997
/projects/caeg/data/production/CGG3/0174/CGG3017484/20240129_AHTMWGDSX5_LV7008956117, CGG3017484_LV7008956117
/projects/caeg/data/production/CGG3/0174/CGG3017486/20240129_BHTNW2DSX5_LV7008956033, CGG3017486_LV7008956033
/projects/caeg/data/production/CGG3/0174/CGG3017486/20221212_AHYLLHDSX3_LV7001883411, CGG3017486_LV7001883411
/projects/caeg/data/production/CGG3/0174/CGG3017486/20240129_AHTMWGDSX5_LV7008956141, CGG3017486_LV7008956141
/projects/caeg/data/production/CGG3/0174/CGG3017486/20221212_BH3TMMDSX5_LV7001884383, CGG3017486_LV7001884383
/projects/caeg/data/production/CGG3/0174/CGG3017449/20240129_AHTMWGDSX5_LV7008956106, CGG3017449_LV7008956106
/projects/caeg/data/production/CGG3/0174/CGG3017449/20240129_BHTNW2DSX5_LV7008955962, CGG3017449_LV7008955962
/projects/caeg/data/production/CGG3/0174/CGG3017460/20240129_BHTNW2DSX5_LV7008956034, CGG3017460_LV7008956034
/projects/caeg/data/production/CGG3/0174/CGG3017460/20240129_AHTMWGDSX5_LV7008956142, CGG3017460_LV7008956142
/projects/caeg/data/production/CGG3/0174/CGG3017435/20240129_BHTNW2DSX5_LV7008956035, CGG3017435_LV7008956035
/projects/caeg/data/production/CGG3/0174/CGG3017435/20240129_AHTMWGDSX5_LV7008956143, CGG3017435_LV7008956143
/projects/caeg/data/production/CGG3/0133/CGG3013367/20220718_HJ7YWDSX3_LV7001884101, CGG3013367_LV7001884101
/projects/caeg/data/production/CGG3/0133/CGG3013357/20220718_HJ7YWDSX3_LV7001884078, CGG3013357_LV7001884078
/projects/caeg/data/production/CGG3/0133/CGG3013389/20220718_HJ7YWDSX3_LV7001884108, CGG3013389_LV7001884108
/projects/caeg/data/production/CGG3/0133/CGG3013378/20220718_HJ7YWDSX3_LV7001884112, CGG3013378_LV7001884112
/projects/caeg/data/production/CGG3/0133/CGG3013392/20211008_HF2LWDSX2_AFL07072021, CGG3013392_AFL07072021
/projects/caeg/data/production/CGG3/0133/CGG3013392/20220718_HJ7YWDSX3_LV7001884011, CGG3013392_LV7001884011
/projects/caeg/data/production/CGG3/0133/CGG3013358/20220718_HJ7YWDSX3_LV7001884102, CGG3013358_LV7001884102
/projects/caeg/data/production/CGG3/0133/CGG3013374/20211008_HF2LWDSX2_AFL13072021, CGG3013374_AFL13072021
/projects/caeg/data/production/CGG3/0133/CGG3013363/20220718_HJ7YWDSX3_LV7001884041, CGG3013363_LV7001884041
/projects/caeg/data/production/CGG3/0133/CGG3013383/20220718_HJ7YWDSX3_LV7001884012, CGG3013383_LV7001884012
/projects/caeg/data/production/CGG3/0133/CGG3013353/20220718_HJ7YWDSX3_LV7001884042, CGG3013353_LV7001884042
/projects/caeg/data/production/CGG3/0133/CGG3013353/20211008_HF2LWDSX2_AKL29052021, CGG3013353_AKL29052021
/projects/caeg/data/production/CGG3/0133/CGG3013355/20220718_HJ7YWDSX3_LV7001884054, CGG3013355_LV7001884054
/projects/caeg/data/production/CGG3/0133/CGG3013355/20211008_HF2LWDSX2_AKL29052021, CGG3013355_AKL29052021
/projects/caeg/data/production/CGG3/0133/CGG3013362/20220718_HJ7YWDSX3_LV7001884029, CGG3013362_LV7001884029
/projects/caeg/data/production/CGG3/0133/CGG3013395/20220718_HJ7YWDSX3_LV7001884047, CGG3013395_LV7001884047
/projects/caeg/data/production/CGG3/0133/CGG3013385/20220718_HJ7YWDSX3_LV7001884048, CGG3013385_LV7001884048
/projects/caeg/data/production/CGG3/0133/CGG3013373/20220718_HJ7YWDSX3_LV7001884064, CGG3013373_LV7001884064
/projects/caeg/data/production/CGG3/0133/CGG3013371/20220718_HJ7YWDSX3_LV7001884040, CGG3013371_LV7001884040
/projects/caeg/data/production/CGG3/0133/CGG3013394/20211008_HF2LWDSX2_AFL07072021, CGG3013394_AFL07072021
/projects/caeg/data/production/CGG3/0133/CGG3013394/20211008_HF2LWDSX2_AFL13072021, CGG3013394_AFL13072021
/projects/caeg/data/production/CGG3/0133/CGG3013388/20220718_HJ7YWDSX3_LV7001884084, CGG3013388_LV7001884084
/projects/caeg/data/production/CGG3/0133/CGG3013369/20220718_HJ7YWDSX3_LV7001884004, CGG3013369_LV7001884004
/projects/caeg/data/production/CGG3/0133/CGG3013386/20220718_HJ7YWDSX3_LV7001884060, CGG3013386_LV7001884060
/projects/caeg/data/production/CGG3/0133/CGG3013382/20211008_HF2LWDSX2_AFL13072021, CGG3013382_AFL13072021
/projects/caeg/data/production/CGG3/0133/CGG3013375/20220718_HJ7YWDSX3_LV7001884076, CGG3013375_LV7001884076
/projects/caeg/data/production/CGG3/0133/CGG3013390/20220718_HJ7YWDSX3_LV7001884120, CGG3013390_LV7001884120
/projects/caeg/data/production/CGG3/0133/CGG3013397/20220718_HJ7YWDSX3_LV7001884071, CGG3013397_LV7001884071
/projects/caeg/data/production/CGG3/0133/CGG3013370/20220718_HJ7YWDSX3_LV7001884028, CGG3013370_LV7001884028
/projects/caeg/data/production/CGG3/0133/CGG3013398/20220718_HJ7YWDSX3_LV7001884083, CGG3013398_LV7001884083
/projects/caeg/data/production/CGG3/0133/CGG3013384/20220718_HJ7YWDSX3_LV7001884036, CGG3013384_LV7001884036
/projects/caeg/data/production/CGG3/0133/CGG3013393/20220718_HJ7YWDSX3_LV7001884035, CGG3013393_LV7001884035
/projects/caeg/data/production/CGG3/0133/CGG3013391/20211008_HF2LWDSX2_AFL07072021, CGG3013391_AFL07072021
/projects/caeg/data/production/CGG3/0133/CGG3013391/20211008_HF2LWDSX2_AFL13072021, CGG3013391_AFL13072021
/projects/caeg/data/production/CGG3/0133/CGG3013380/20220718_HJ7YWDSX3_LV7001884027, CGG3013380_LV7001884027
/projects/caeg/data/production/CGG3/0133/CGG3013359/20211008_HF2LWDSX2_AFL13072021, CGG3013359_AFL13072021
/projects/caeg/data/production/CGG3/0133/CGG3013387/20220718_HJ7YWDSX3_LV7001884072, CGG3013387_LV7001884072
/projects/caeg/data/production/CGG3/0133/CGG3013381/20220718_HJ7YWDSX3_LV7001884039, CGG3013381_LV7001884039
/projects/caeg/data/production/CGG3/0133/CGG3013365/20220718_HJ7YWDSX3_LV7001884065, CGG3013365_LV7001884065
/projects/caeg/data/production/CGG3/0133/CGG3013365/20211008_HF2LWDSX2_AFL03062021, CGG3013365_AFL03062021
/projects/caeg/data/production/CGG3/0133/CGG3013396/20220718_HJ7YWDSX3_LV7001884059, CGG3013396_LV7001884059
/projects/caeg/data/production/CGG3/0133/CGG3013368/20220718_HJ7YWDSX3_LV7001883737, CGG3013368_LV7001883737
/projects/caeg/data/production/CGG3/0133/CGG3013372/20220718_HJ7YWDSX3_LV7001884052, CGG3013372_LV7001884052
/projects/caeg/data/production/CGG3/0133/CGG3013361/20220718_HJ7YWDSX3_LV7001884005, CGG3013361_LV7001884005
/projects/caeg/data/production/CGG3/0133/CGG3013399/20220718_HJ7YWDSX3_LV7001884107, CGG3013399_LV7001884107
/projects/caeg/data/production/CGG3/0133/CGG3013360/20220718_HJ7YWDSX3_LV7001884114, CGG3013360_LV7001884114
/projects/caeg/data/production/CGG3/0133/CGG3013377/20220718_HJ7YWDSX3_LV7001884100, CGG3013377_LV7001884100
/projects/caeg/data/production/CGG3/0133/CGG3013356/20220718_HJ7YWDSX3_LV7001884066, CGG3013356_LV7001884066
/projects/caeg/data/production/CGG3/0133/CGG3013379/20220718_HJ7YWDSX3_LV7001884003, CGG3013379_LV7001884003
/projects/caeg/data/production/CGG3/0133/CGG3013366/20220718_HJ7YWDSX3_LV7001884077, CGG3013366_LV7001884077
/projects/caeg/data/production/CGG3/0133/CGG3013364/20220718_HJ7YWDSX3_LV7001884053, CGG3013364_LV7001884053
/projects/caeg/data/production/CGG3/0133/CGG3013364/20211008_HF2LWDSX2_AFL03062021, CGG3013364_AFL03062021
/projects/caeg/data/production/CGG3/0191/CGG3019123/20240227_BH3CGFDSX7_LV7008957468, CGG3019123_LV7008957468
/projects/caeg/data/production/CGG3/0191/CGG3019107/20240227_BH3CGFDSX7_LV7008957470, CGG3019107_LV7008957470
/projects/caeg/data/production/CGG3/0191/CGG3019112/20240227_BH3CGFDSX7_LV7008957542, CGG3019112_LV7008957542
/projects/caeg/data/production/CGG3/0191/CGG3019108/20240227_BH3CGFDSX7_LV7008957482, CGG3019108_LV7008957482
/projects/caeg/data/production/CGG3/0191/CGG3019154/20240227_BH3CGFDSX7_LV7008957538, CGG3019154_LV7008957538
/projects/caeg/data/production/CGG3/0191/CGG3019127/20240227_BH3CGFDSX7_LV7008957516, CGG3019127_LV7008957516
/projects/caeg/data/production/CGG3/0191/CGG3019106/20240227_BH3CGFDSX7_LV7008957446, CGG3019106_LV7008957446
/projects/caeg/data/production/CGG3/0191/CGG3019122/20240227_BH3CGFDSX7_LV7008957444, CGG3019122_LV7008957444
/projects/caeg/data/production/CGG3/0191/CGG3019120/20240227_BH3CGFDSX7_LV7008957541, CGG3019120_LV7008957541
/projects/caeg/data/production/CGG3/0191/CGG3019115/20240227_BH3CGFDSX7_LV7008957469, CGG3019115_LV7008957469
/projects/caeg/data/production/CGG3/0191/CGG3019132/20240227_BH3CGFDSX7_LV7008957479, CGG3019132_LV7008957479
/projects/caeg/data/production/CGG3/0191/CGG3019116/20240227_BH3CGFDSX7_LV7008957481, CGG3019116_LV7008957481
/projects/caeg/data/production/CGG3/0191/CGG3019117/20240227_BH3CGFDSX7_LV7008957328, CGG3019117_LV7008957328
/projects/caeg/data/production/CGG3/0191/CGG3019119/20240227_BH3CGFDSX7_LV7008957517, CGG3019119_LV7008957517
/projects/caeg/data/production/CGG3/0191/CGG3019131/20240227_BH3CGFDSX7_LV7008957467, CGG3019131_LV7008957467
/projects/caeg/data/production/CGG3/0191/CGG3019159/20240227_BH3CGFDSX7_LV7008957330, CGG3019159_LV7008957330
/projects/caeg/data/production/CGG3/0191/CGG3019109/20240227_BH3CGFDSX7_LV7008957494, CGG3019109_LV7008957494
/projects/caeg/data/production/CGG3/0191/CGG3019139/20240227_BH3CGFDSX7_LV7008957466, CGG3019139_LV7008957466
/projects/caeg/data/production/CGG3/0191/CGG3019135/20240227_BH3CGFDSX7_LV7008957515, CGG3019135_LV7008957515
/projects/caeg/data/production/CGG3/0191/CGG3019114/20240227_BH3CGFDSX7_LV7008957445, CGG3019114_LV7008957445
/projects/caeg/data/production/CGG3/0191/CGG3019150/20240227_BH3CGFDSX7_LV7008957478, CGG3019150_LV7008957478
/projects/caeg/data/production/CGG3/0191/CGG3019134/20240227_BH3CGFDSX7_LV7008957503, CGG3019134_LV7008957503
/projects/caeg/data/production/CGG3/0191/CGG3019103/20240227_BH3CGFDSX7_LV7008957495, CGG3019103_LV7008957495
/projects/caeg/data/production/CGG3/0191/CGG3019136/20240227_BH3CGFDSX7_LV7008957539, CGG3019136_LV7008957539
/projects/caeg/data/production/CGG3/0191/CGG3019158/20240227_BH3CGFDSX7_LV7008957477, CGG3019158_LV7008957477
/projects/caeg/data/production/CGG3/0191/CGG3019153/20240227_BH3CGFDSX7_LV7008957514, CGG3019153_LV7008957514
/projects/caeg/data/production/CGG3/0191/CGG3019105/20240227_BH3CGFDSX7_LV7008957434, CGG3019105_LV7008957434
/projects/caeg/data/production/CGG3/0191/CGG3019113/20240227_BH3CGFDSX7_LV7008957433, CGG3019113_LV7008957433
/projects/caeg/data/production/CGG3/0191/CGG3019151/20240227_BH3CGFDSX7_LV7008957490, CGG3019151_LV7008957490
/projects/caeg/data/production/CGG3/0191/CGG3019125/20240227_BH3CGFDSX7_LV7008957492, CGG3019125_LV7008957492
/projects/caeg/data/production/CGG3/0191/CGG3019160/20240227_BH3CGFDSX7_LV7008957501, CGG3019160_LV7008957501
/projects/caeg/data/production/CGG3/0191/CGG3019130/20240227_BH3CGFDSX7_LV7008957443, CGG3019130_LV7008957443
/projects/caeg/data/production/CGG3/0191/CGG3019126/20240227_BH3CGFDSX7_LV7008957504, CGG3019126_LV7008957504
/projects/caeg/data/production/CGG3/0191/CGG3019118/20240227_BH3CGFDSX7_LV7008957505, CGG3019118_LV7008957505
/projects/caeg/data/production/CGG3/0191/CGG3019156/20240227_BH3CGFDSX7_LV7008957441, CGG3019156_LV7008957441
/projects/caeg/data/production/CGG3/0191/CGG3019128/20240227_BH3CGFDSX7_LV7008957540, CGG3019128_LV7008957540
/projects/caeg/data/production/CGG3/0191/CGG3019110/20240227_BH3CGFDSX7_LV7008957506, CGG3019110_LV7008957506
/projects/caeg/data/production/CGG3/0191/CGG3019137/20240227_BH3CGFDSX7_LV7008957430, CGG3019137_LV7008957430
/projects/caeg/data/production/CGG3/0191/CGG3019121/20240227_BH3CGFDSX7_LV7008957432, CGG3019121_LV7008957432
/projects/caeg/data/production/CGG3/0191/CGG3019102/20240227_BH3CGFDSX7_LV7008957483, CGG3019102_LV7008957483
/projects/caeg/data/production/CGG3/0191/CGG3019111/20240227_BH3CGFDSX7_LV7008957518, CGG3019111_LV7008957518
/projects/caeg/data/production/CGG3/0191/CGG3019155/20240227_BH3CGFDSX7_LV7008957429, CGG3019155_LV7008957429
/projects/caeg/data/production/CGG3/0191/CGG3019152/20240227_BH3CGFDSX7_LV7008957502, CGG3019152_LV7008957502
/projects/caeg/data/production/CGG3/0191/CGG3019157/20240227_BH3CGFDSX7_LV7008957465, CGG3019157_LV7008957465
/projects/caeg/data/production/CGG3/0191/CGG3019124/20240227_BH3CGFDSX7_LV7008957480, CGG3019124_LV7008957480
/projects/caeg/data/production/CGG3/0191/CGG3019133/20240227_BH3CGFDSX7_LV7008957491, CGG3019133_LV7008957491
/projects/caeg/data/production/CGG3/0191/CGG3019104/20240227_BH3CGFDSX7_LV7008957507, CGG3019104_LV7008957507
/projects/caeg/data/production/CGG3/0191/CGG3019138/20240227_BH3CGFDSX7_LV7008957442, CGG3019138_LV7008957442
/projects/caeg/data/production/CGG3/0176/CGG3017640/20221212_BH3TMMDSX5_LV7001884377, CGG3017640_LV7001884377
/projects/caeg/data/production/CGG3/0176/CGG3017640/20221212_AHYLLHDSX3_LV7001883405, CGG3017640_LV7001883405
/projects/caeg/data/production/CGG3/0176/CGG3017621/20221212_AHYLLHDSX3_LV7001883335, CGG3017621_LV7001883335
/projects/caeg/data/production/CGG3/0176/CGG3017621/20221212_BH3TMMDSX5_LV7001884295, CGG3017621_LV7001884295
/projects/caeg/data/production/CGG3/0176/CGG3017660/20221212_BH3TMMDSX5_LV7001884302, CGG3017660_LV7001884302
/projects/caeg/data/production/CGG3/0176/CGG3017660/20221212_AHYLLHDSX3_LV7001883342, CGG3017660_LV7001883342
/projects/caeg/data/production/CGG3/0176/CGG3017649/20221212_BH3TMMDSX5_LV7001897408, CGG3017649_LV7001897408
/projects/caeg/data/production/CGG3/0176/CGG3017649/20221212_AHYLLHDSX3_LV7001883307, CGG3017649_LV7001883307
/projects/caeg/data/production/CGG3/0176/CGG3017655/20221212_AHYLLHDSX3_LV7001883391, CGG3017655_LV7001883391
/projects/caeg/data/production/CGG3/0176/CGG3017655/20221212_BH3TMMDSX5_LV7001884363, CGG3017655_LV7001884363
/projects/caeg/data/production/CGG3/0176/CGG3017636/20221212_BH3TMMDSX5_LV7001884305, CGG3017636_LV7001884305
/projects/caeg/data/production/CGG3/0176/CGG3017636/20221212_AHYLLHDSX3_LV7001883345, CGG3017636_LV7001883345
/projects/caeg/data/production/CGG3/0176/CGG3017645/20221212_AHYLLHDSX3_LV7001883368, CGG3017645_LV7001883368
/projects/caeg/data/production/CGG3/0176/CGG3017645/20221212_BH3TMMDSX5_LV7001884340, CGG3017645_LV7001884340
/projects/caeg/data/production/CGG3/0176/CGG3017634/20221212_BH3TMMDSX5_LV7001884281, CGG3017634_LV7001884281
/projects/caeg/data/production/CGG3/0176/CGG3017634/20221212_AHYLLHDSX3_LV7001883321, CGG3017634_LV7001883321
/projects/caeg/data/production/CGG3/0176/CGG3017638/20221212_AHYLLHDSX3_LV7001883381, CGG3017638_LV7001883381
/projects/caeg/data/production/CGG3/0176/CGG3017638/20221212_BH3TMMDSX5_LV7001884353, CGG3017638_LV7001884353
/projects/caeg/data/production/CGG3/0176/CGG3017657/20221212_AHYLLHDSX3_LV7001883306, CGG3017657_LV7001883306
/projects/caeg/data/production/CGG3/0176/CGG3017657/20221212_BH3TMMDSX5_LV7001884266, CGG3017657_LV7001884266
/projects/caeg/data/production/CGG3/0176/CGG3017622/20221212_AHYLLHDSX3_LV7001883347, CGG3017622_LV7001883347
/projects/caeg/data/production/CGG3/0176/CGG3017622/20221212_BH3TMMDSX5_LV7001884307, CGG3017622_LV7001884307
/projects/caeg/data/production/CGG3/0176/CGG3017654/20221212_AHYLLHDSX3_LV7001883379, CGG3017654_LV7001883379
/projects/caeg/data/production/CGG3/0176/CGG3017654/20221212_BH3TMMDSX5_LV7001884351, CGG3017654_LV7001884351
/projects/caeg/data/production/CGG3/0176/CGG3017624/20221212_BH3TMMDSX5_LV7001884355, CGG3017624_LV7001884355
/projects/caeg/data/production/CGG3/0176/CGG3017624/20221212_AHYLLHDSX3_LV7001883383, CGG3017624_LV7001883383
/projects/caeg/data/production/CGG3/0176/CGG3017648/20221212_AHYLLHDSX3_LV7001883404, CGG3017648_LV7001883404
/projects/caeg/data/production/CGG3/0176/CGG3017648/20221212_BH3TMMDSX5_LV7001884376, CGG3017648_LV7001884376
/projects/caeg/data/production/CGG3/0176/CGG3017668/20221212_AHYLLHDSX3_LV7001883341, CGG3017668_LV7001883341
/projects/caeg/data/production/CGG3/0176/CGG3017668/20221212_BH3TMMDSX5_LV7001884301, CGG3017668_LV7001884301
/projects/caeg/data/production/CGG3/0176/CGG3017637/20221212_BH3TMMDSX5_LV7001884341, CGG3017637_LV7001884341
/projects/caeg/data/production/CGG3/0176/CGG3017637/20221212_AHYLLHDSX3_LV7001883369, CGG3017637_LV7001883369
/projects/caeg/data/production/CGG3/0176/CGG3017656/20221212_BH3TMMDSX5_LV7001884375, CGG3017656_LV7001884375
/projects/caeg/data/production/CGG3/0176/CGG3017656/20221212_AHYLLHDSX3_LV7001883403, CGG3017656_LV7001883403
/projects/caeg/data/production/CGG3/0176/CGG3017635/20221212_BH3TMMDSX5_LV7001884293, CGG3017635_LV7001884293
/projects/caeg/data/production/CGG3/0176/CGG3017635/20221212_AHYLLHDSX3_LV7001883333, CGG3017635_LV7001883333
/projects/caeg/data/production/CGG3/0176/CGG3017653/20221212_BH3TMMDSX5_LV7001884339, CGG3017653_LV7001884339
/projects/caeg/data/production/CGG3/0176/CGG3017653/20221212_AHYLLHDSX3_LV7001883367, CGG3017653_LV7001883367
/projects/caeg/data/production/CGG3/0176/CGG3017670/20221212_AHYLLHDSX3_LV7001883377, CGG3017670_LV7001883377
/projects/caeg/data/production/CGG3/0176/CGG3017670/20221212_BH3TMMDSX5_LV7001884349, CGG3017670_LV7001884349
/projects/caeg/data/production/CGG3/0176/CGG3017652/20221212_BH3TMMDSX5_LV7001884303, CGG3017652_LV7001884303
/projects/caeg/data/production/CGG3/0176/CGG3017652/20221212_AHYLLHDSX3_LV7001883343, CGG3017652_LV7001883343
/projects/caeg/data/production/CGG3/0176/CGG3017626/20221212_BH3TMMDSX5_LV7001884282, CGG3017626_LV7001884282
/projects/caeg/data/production/CGG3/0176/CGG3017626/20221212_AHYLLHDSX3_LV7001883322, CGG3017626_LV7001883322
/projects/caeg/data/production/CGG3/0176/CGG3017658/20221212_AHYLLHDSX3_LV7001883318, CGG3017658_LV7001883318
/projects/caeg/data/production/CGG3/0176/CGG3017658/20221212_BH3TMMDSX5_LV7001884278, CGG3017658_LV7001884278
/projects/caeg/data/production/CGG3/0176/CGG3017630/20221212_AHYLLHDSX3_LV7001883382, CGG3017630_LV7001883382
/projects/caeg/data/production/CGG3/0176/CGG3017630/20221212_BH3TMMDSX5_LV7001884354, CGG3017630_LV7001884354
/projects/caeg/data/production/CGG3/0176/CGG3017639/20221212_BH3TMMDSX5_LV7001884365, CGG3017639_LV7001884365
/projects/caeg/data/production/CGG3/0176/CGG3017639/20221212_AHYLLHDSX3_LV7001883393, CGG3017639_LV7001883393
/projects/caeg/data/production/CGG3/0176/CGG3017661/20221212_AHYLLHDSX3_LV7001883366, CGG3017661_LV7001883366
/projects/caeg/data/production/CGG3/0176/CGG3017661/20221212_BH3TMMDSX5_LV7001884338, CGG3017661_LV7001884338
/projects/caeg/data/production/CGG3/0176/CGG3017631/20221212_AHYLLHDSX3_LV7001883394, CGG3017631_LV7001883394
/projects/caeg/data/production/CGG3/0176/CGG3017631/20221212_BH3TMMDSX5_LV7001884366, CGG3017631_LV7001884366
/projects/caeg/data/production/CGG3/0176/CGG3017641/20221212_BH3TMMDSX5_LV7001884268, CGG3017641_LV7001884268
/projects/caeg/data/production/CGG3/0176/CGG3017641/20221212_AHYLLHDSX3_LV7001883308, CGG3017641_LV7001883308
/projects/caeg/data/production/CGG3/0176/CGG3017665/20221212_AHYLLHDSX3_LV7001883305, CGG3017665_LV7001883305
/projects/caeg/data/production/CGG3/0176/CGG3017665/20221212_BH3TMMDSX5_LV7001884265, CGG3017665_LV7001884265
/projects/caeg/data/production/CGG3/0176/CGG3017633/20221212_AHYLLHDSX3_LV7001883309, CGG3017633_LV7001883309
/projects/caeg/data/production/CGG3/0176/CGG3017633/20221212_BH3TMMDSX5_LV7001884269, CGG3017633_LV7001884269
/projects/caeg/data/production/CGG3/0176/CGG3017620/20221212_BH3TMMDSX5_LV7001884283, CGG3017620_LV7001884283
/projects/caeg/data/production/CGG3/0176/CGG3017620/20221212_AHYLLHDSX3_LV7001883323, CGG3017620_LV7001883323
/projects/caeg/data/production/CGG3/0176/CGG3017646/20221212_AHYLLHDSX3_LV7001883380, CGG3017646_LV7001883380
/projects/caeg/data/production/CGG3/0176/CGG3017646/20221212_BH3TMMDSX5_LV7001884352, CGG3017646_LV7001884352
/projects/caeg/data/production/CGG3/0176/CGG3017667/20221212_BH3TMMDSX5_LV7001884289, CGG3017667_LV7001884289
/projects/caeg/data/production/CGG3/0176/CGG3017667/20221212_AHYLLHDSX3_LV7001883329, CGG3017667_LV7001883329
/projects/caeg/data/production/CGG3/0176/CGG3017659/20221212_AHYLLHDSX3_LV7001883330, CGG3017659_LV7001883330
/projects/caeg/data/production/CGG3/0176/CGG3017659/20221212_BH3TMMDSX5_LV7001884290, CGG3017659_LV7001884290
/projects/caeg/data/production/CGG3/0176/CGG3017628/20221212_BH3TMMDSX5_LV7001884306, CGG3017628_LV7001884306
/projects/caeg/data/production/CGG3/0176/CGG3017628/20221212_AHYLLHDSX3_LV7001883346, CGG3017628_LV7001883346
/projects/caeg/data/production/CGG3/0176/CGG3017632/20221212_BH3TMMDSX5_LV7001884378, CGG3017632_LV7001884378
/projects/caeg/data/production/CGG3/0176/CGG3017632/20221212_AHYLLHDSX3_LV7001883406, CGG3017632_LV7001883406
/projects/caeg/data/production/CGG3/0176/CGG3017663/20221212_AHYLLHDSX3_LV7001883390, CGG3017663_LV7001883390
/projects/caeg/data/production/CGG3/0176/CGG3017663/20221212_BH3TMMDSX5_LV7001884362, CGG3017663_LV7001884362
/projects/caeg/data/production/CGG3/0176/CGG3017623/20221212_BH3TMMDSX5_LV7001884343, CGG3017623_LV7001884343
/projects/caeg/data/production/CGG3/0176/CGG3017623/20221212_AHYLLHDSX3_LV7001883371, CGG3017623_LV7001883371
/projects/caeg/data/production/CGG3/0176/CGG3017669/20221212_BH3TMMDSX5_LV7001897371, CGG3017669_LV7001897371
/projects/caeg/data/production/CGG3/0176/CGG3017669/20221212_AHYLLHDSX3_LV7001883365, CGG3017669_LV7001883365
/projects/caeg/data/production/CGG3/0176/CGG3017644/20221212_BH3TMMDSX5_LV7001884304, CGG3017644_LV7001884304
/projects/caeg/data/production/CGG3/0176/CGG3017644/20221212_AHYLLHDSX3_LV7001883344, CGG3017644_LV7001883344
/projects/caeg/data/production/CGG3/0176/CGG3017647/20221212_AHYLLHDSX3_LV7001883392, CGG3017647_LV7001883392
/projects/caeg/data/production/CGG3/0176/CGG3017647/20221212_BH3TMMDSX5_LV7001884364, CGG3017647_LV7001884364
/projects/caeg/data/production/CGG3/0176/CGG3017619/20221212_BH3TMMDSX5_LV7001884271, CGG3017619_LV7001884271
/projects/caeg/data/production/CGG3/0176/CGG3017619/20221212_AHYLLHDSX3_LV7001883311, CGG3017619_LV7001883311
/projects/caeg/data/production/CGG3/0176/CGG3017625/20221212_BH3TMMDSX5_LV7001884270, CGG3017625_LV7001884270
/projects/caeg/data/production/CGG3/0176/CGG3017625/20221212_AHYLLHDSX3_LV7001883310, CGG3017625_LV7001883310
/projects/caeg/data/production/CGG3/0176/CGG3017664/20221212_BH3TMMDSX5_LV7001884374, CGG3017664_LV7001884374
/projects/caeg/data/production/CGG3/0176/CGG3017664/20221212_AHYLLHDSX3_LV7001883402, CGG3017664_LV7001883402
/projects/caeg/data/production/CGG3/0176/CGG3017662/20221212_BH3TMMDSX5_LV7001884350, CGG3017662_LV7001884350
/projects/caeg/data/production/CGG3/0176/CGG3017662/20221212_AHYLLHDSX3_LV7001883378, CGG3017662_LV7001883378
/projects/caeg/data/production/CGG3/0176/CGG3017643/20221212_BH3TMMDSX5_LV7001884292, CGG3017643_LV7001884292
/projects/caeg/data/production/CGG3/0176/CGG3017643/20221212_AHYLLHDSX3_LV7001883332, CGG3017643_LV7001883332
/projects/caeg/data/production/CGG3/0176/CGG3017650/20221212_BH3TMMDSX5_LV7001884279, CGG3017650_LV7001884279
/projects/caeg/data/production/CGG3/0176/CGG3017650/20221212_AHYLLHDSX3_LV7001883319, CGG3017650_LV7001883319
/projects/caeg/data/production/CGG3/0176/CGG3017627/20221212_BH3TMMDSX5_LV7001884294, CGG3017627_LV7001884294
/projects/caeg/data/production/CGG3/0176/CGG3017627/20221212_AHYLLHDSX3_LV7001883334, CGG3017627_LV7001883334
/projects/caeg/data/production/CGG3/0176/CGG3017651/20221212_BH3TMMDSX5_LV7001884291, CGG3017651_LV7001884291
/projects/caeg/data/production/CGG3/0176/CGG3017651/20221212_AHYLLHDSX3_LV7001883331, CGG3017651_LV7001883331
/projects/caeg/data/production/CGG3/0176/CGG3017666/20221212_BH3TMMDSX5_LV7001884277, CGG3017666_LV7001884277
/projects/caeg/data/production/CGG3/0176/CGG3017666/20221212_AHYLLHDSX3_LV7001883317, CGG3017666_LV7001883317
/projects/caeg/data/production/CGG3/0176/CGG3017642/20221212_AHYLLHDSX3_LV7001883320, CGG3017642_LV7001883320
/projects/caeg/data/production/CGG3/0176/CGG3017642/20221212_BH3TMMDSX5_LV7001884280, CGG3017642_LV7001884280
/projects/caeg/data/production/CGG3/0176/CGG3017629/20221212_BH3TMMDSX5_LV7001884342, CGG3017629_LV7001884342
/projects/caeg/data/production/CGG3/0176/CGG3017629/20221212_AHYLLHDSX3_LV7001883370, CGG3017629_LV7001883370
/projects/caeg/data/production/CGG3/0187/CGG3018776/20240207_AHTNVWDSX5_LV7008955651, CGG3018776_LV7008955651
/projects/caeg/data/production/CGG3/0187/CGG3018722/20240202_AHTNTGDSX5_LV7008958682, CGG3018722_LV7008958682
/projects/caeg/data/production/CGG3/0187/CGG3018722/20240202_BHTT3LDSX5_LV7008958682, CGG3018722_LV7008958682
/projects/caeg/data/production/CGG3/0187/CGG3018780/20240207_AHTNVWDSX5_LV7008955711, CGG3018780_LV7008955711
/projects/caeg/data/production/CGG3/0187/CGG3018712/20240202_AHTNTGDSX5_LV7008958619, CGG3018712_LV7008958619
/projects/caeg/data/production/CGG3/0187/CGG3018712/20240202_BHTT3LDSX5_LV7008958619, CGG3018712_LV7008958619
/projects/caeg/data/production/CGG3/0187/CGG3018726/20240202_AHTNTGDSX5_LV7008958633, CGG3018726_LV7008958633
/projects/caeg/data/production/CGG3/0187/CGG3018726/20240202_BHTT3LDSX5_LV7008958633, CGG3018726_LV7008958633
/projects/caeg/data/production/CGG3/0187/CGG3018764/20240202_BHTT3LDSX5_LV7008958654, CGG3018764_LV7008958654
/projects/caeg/data/production/CGG3/0187/CGG3018764/20240202_AHTNTGDSX5_LV7008958654, CGG3018764_LV7008958654
/projects/caeg/data/production/CGG3/0187/CGG3018799/20240207_AHTNVWDSX5_LV7008955733, CGG3018799_LV7008955733
/projects/caeg/data/production/CGG3/0187/CGG3018772/20240207_AHTNVWDSX5_LV7008955712, CGG3018772_LV7008955712
/projects/caeg/data/production/CGG3/0187/CGG3018709/20240202_BHTT3LDSX5_LV7008958680, CGG3018709_LV7008958680
/projects/caeg/data/production/CGG3/0187/CGG3018709/20240202_AHTNTGDSX5_LV7008958680, CGG3018709_LV7008958680
/projects/caeg/data/production/CGG3/0187/CGG3018792/20240207_AHTNVWDSX5_LV7008955625, CGG3018792_LV7008955625
/projects/caeg/data/production/CGG3/0187/CGG3018706/20240202_AHTNTGDSX5_LV7008958644, CGG3018706_LV7008958644
/projects/caeg/data/production/CGG3/0187/CGG3018706/20240202_BHTT3LDSX5_LV7008958644, CGG3018706_LV7008958644
/projects/caeg/data/production/CGG3/0187/CGG3018723/20240202_BHTT3LDSX5_LV7008958694, CGG3018723_LV7008958694
/projects/caeg/data/production/CGG3/0187/CGG3018723/20240202_AHTNTGDSX5_LV7008958694, CGG3018723_LV7008958694
/projects/caeg/data/production/CGG3/0187/CGG3018797/20240207_AHTNVWDSX5_LV7008955709, CGG3018797_LV7008955709
/projects/caeg/data/production/CGG3/0187/CGG3018770/20240207_AHTNVWDSX5_LV7008955688, CGG3018770_LV7008955688
/projects/caeg/data/production/CGG3/0187/CGG3018767/20240207_AHTNVWDSX5_LV7008955628, CGG3018767_LV7008955628
/projects/caeg/data/production/CGG3/0187/CGG3018766/20240202_AHTNTGDSX5_LV7008958678, CGG3018766_LV7008958678
/projects/caeg/data/production/CGG3/0187/CGG3018766/20240202_BHTT3LDSX5_LV7008958678, CGG3018766_LV7008958678
/projects/caeg/data/production/CGG3/0187/CGG3018773/20240207_AHTNVWDSX5_LV7008955724, CGG3018773_LV7008955724
/projects/caeg/data/production/CGG3/0187/CGG3018787/20240207_AHTNVWDSX5_LV7008955698, CGG3018787_LV7008955698
/projects/caeg/data/production/CGG3/0187/CGG3018701/20240202_BHTT3LDSX5_LV7008958647, CGG3018701_LV7008958647
/projects/caeg/data/production/CGG3/0187/CGG3018701/20240202_AHTNTGDSX5_LV7008958647, CGG3018701_LV7008958647
/projects/caeg/data/production/CGG3/0187/CGG3018784/20240207_AHTNVWDSX5_LV7008955650, CGG3018784_LV7008955650
/projects/caeg/data/production/CGG3/0187/CGG3018717/20240202_AHTNTGDSX5_LV7008958622, CGG3018717_LV7008958622
/projects/caeg/data/production/CGG3/0187/CGG3018717/20240202_BHTT3LDSX5_LV7008958622, CGG3018717_LV7008958622
/projects/caeg/data/production/CGG3/0187/CGG3018775/20240207_AHTNVWDSX5_LV7008955627, CGG3018775_LV7008955627
/projects/caeg/data/production/CGG3/0187/CGG3018788/20240207_AHTNVWDSX5_LV7008955710, CGG3018788_LV7008955710
/projects/caeg/data/production/CGG3/0187/CGG3018714/20240202_BHTT3LDSX5_LV7008958659, CGG3018714_LV7008958659
/projects/caeg/data/production/CGG3/0187/CGG3018714/20240202_AHTNTGDSX5_LV7008958659, CGG3018714_LV7008958659
/projects/caeg/data/production/CGG3/0187/CGG3018796/20240207_AHTNVWDSX5_LV7008955697, CGG3018796_LV7008955697
/projects/caeg/data/production/CGG3/0187/CGG3018794/20240207_AHTNVWDSX5_LV7008955661, CGG3018794_LV7008955661
/projects/caeg/data/production/CGG3/0187/CGG3018707/20240202_BHTT3LDSX5_LV7008958656, CGG3018707_LV7008958656
/projects/caeg/data/production/CGG3/0187/CGG3018707/20240202_AHTNTGDSX5_LV7008958656, CGG3018707_LV7008958656
/projects/caeg/data/production/CGG3/0187/CGG3018719/20240202_BHTT3LDSX5_LV7008958646, CGG3018719_LV7008958646
/projects/caeg/data/production/CGG3/0187/CGG3018719/20240202_AHTNTGDSX5_LV7008958646, CGG3018719_LV7008958646
/projects/caeg/data/production/CGG3/0187/CGG3018718/20240202_AHTNTGDSX5_LV7008958634, CGG3018718_LV7008958634
/projects/caeg/data/production/CGG3/0187/CGG3018718/20240202_BHTT3LDSX5_LV7008958634, CGG3018718_LV7008958634
/projects/caeg/data/production/CGG3/0187/CGG3018708/20240202_BHTT3LDSX5_LV7008958668, CGG3018708_LV7008958668
/projects/caeg/data/production/CGG3/0187/CGG3018708/20240202_AHTNTGDSX5_LV7008958668, CGG3018708_LV7008958668
/projects/caeg/data/production/CGG3/0187/CGG3018702/20240202_AHTNTGDSX5_LV7008958693, CGG3018702_LV7008958693
/projects/caeg/data/production/CGG3/0187/CGG3018702/20240202_BHTT3LDSX5_LV7008958693, CGG3018702_LV7008958693
/projects/caeg/data/production/CGG3/0187/CGG3018705/20240202_AHTNTGDSX5_LV7008958632, CGG3018705_LV7008958632
/projects/caeg/data/production/CGG3/0187/CGG3018705/20240202_BHTT3LDSX5_LV7008958632, CGG3018705_LV7008958632
/projects/caeg/data/production/CGG3/0187/CGG3018785/20240207_AHTNVWDSX5_LV7008955662, CGG3018785_LV7008955662
/projects/caeg/data/production/CGG3/0187/CGG3018721/20240202_AHTNTGDSX5_LV7008958670, CGG3018721_LV7008958670
/projects/caeg/data/production/CGG3/0187/CGG3018721/20240202_BHTT3LDSX5_LV7008958670, CGG3018721_LV7008958670
/projects/caeg/data/production/CGG3/0187/CGG3018713/20240202_AHTNTGDSX5_LV7008958631, CGG3018713_LV7008958631
/projects/caeg/data/production/CGG3/0187/CGG3018713/20240202_BHTT3LDSX5_LV7008958631, CGG3018713_LV7008958631
/projects/caeg/data/production/CGG3/0187/CGG3018782/20240207_AHTNVWDSX5_LV7008955735, CGG3018782_LV7008955735
/projects/caeg/data/production/CGG3/0187/CGG3018793/20240207_AHTNVWDSX5_LV7008955649, CGG3018793_LV7008955649
/projects/caeg/data/production/CGG3/0187/CGG3018771/20240207_AHTNVWDSX5_LV7008955700, CGG3018771_LV7008955700
/projects/caeg/data/production/CGG3/0187/CGG3018711/20240202_AHTNTGDSX5_LV7008958704, CGG3018711_LV7008958704
/projects/caeg/data/production/CGG3/0187/CGG3018711/20240202_BHTT3LDSX5_LV7008958704, CGG3018711_LV7008958704
/projects/caeg/data/production/CGG3/0187/CGG3018769/20240207_AHTNVWDSX5_LV7008955664, CGG3018769_LV7008955664
/projects/caeg/data/production/CGG3/0187/CGG3018774/20240207_AHTNVWDSX5_LV7008955736, CGG3018774_LV7008955736
/projects/caeg/data/production/CGG3/0187/CGG3018765/20240202_AHTNTGDSX5_LV7008958666, CGG3018765_LV7008958666
/projects/caeg/data/production/CGG3/0187/CGG3018765/20240202_BHTT3LDSX5_LV7008958666, CGG3018765_LV7008958666
/projects/caeg/data/production/CGG3/0187/CGG3018715/20240202_AHTNTGDSX5_LV7008958671, CGG3018715_LV7008958671
/projects/caeg/data/production/CGG3/0187/CGG3018715/20240202_BHTT3LDSX5_LV7008958671, CGG3018715_LV7008958671
/projects/caeg/data/production/CGG3/0187/CGG3018720/20240202_AHTNTGDSX5_LV7008958658, CGG3018720_LV7008958658
/projects/caeg/data/production/CGG3/0187/CGG3018720/20240202_BHTT3LDSX5_LV7008958658, CGG3018720_LV7008958658
/projects/caeg/data/production/CGG3/0187/CGG3018786/20240207_AHTNVWDSX5_LV7008955686, CGG3018786_LV7008955686
/projects/caeg/data/production/CGG3/0187/CGG3018777/20240207_AHTNVWDSX5_LV7008955663, CGG3018777_LV7008955663
/projects/caeg/data/production/CGG3/0187/CGG3018727/20240202_BHTT3LDSX5_LV7008958645, CGG3018727_LV7008958645
/projects/caeg/data/production/CGG3/0187/CGG3018727/20240202_AHTNTGDSX5_LV7008958645, CGG3018727_LV7008958645
/projects/caeg/data/production/CGG3/0187/CGG3018710/20240202_AHTNTGDSX5_LV7008958692, CGG3018710_LV7008958692
/projects/caeg/data/production/CGG3/0187/CGG3018710/20240202_BHTT3LDSX5_LV7008958692, CGG3018710_LV7008958692
/projects/caeg/data/production/CGG3/0187/CGG3018768/20240207_AHTNVWDSX5_LV7008955652, CGG3018768_LV7008955652
/projects/caeg/data/production/CGG3/0187/CGG3018703/20240202_AHTNTGDSX5_LV7008958705, CGG3018703_LV7008958705
/projects/caeg/data/production/CGG3/0187/CGG3018703/20240202_BHTT3LDSX5_LV7008958705, CGG3018703_LV7008958705
/projects/caeg/data/production/CGG3/0187/CGG3018798/20240207_AHTNVWDSX5_LV7008955721, CGG3018798_LV7008955721
/projects/caeg/data/production/CGG3/0187/CGG3018783/20240207_AHTNVWDSX5_LV7008955626, CGG3018783_LV7008955626
/projects/caeg/data/production/CGG3/0187/CGG3018795/20240207_AHTNVWDSX5_LV7008955685, CGG3018795_LV7008955685
/projects/caeg/data/production/CGG3/0187/CGG3018704/20240202_BHTT3LDSX5_LV7008958620, CGG3018704_LV7008958620
/projects/caeg/data/production/CGG3/0187/CGG3018704/20240202_AHTNTGDSX5_LV7008958620, CGG3018704_LV7008958620
/projects/caeg/data/production/CGG3/0187/CGG3018763/20240202_AHTNTGDSX5_LV7008958642, CGG3018763_LV7008958642
/projects/caeg/data/production/CGG3/0187/CGG3018763/20240202_BHTT3LDSX5_LV7008958642, CGG3018763_LV7008958642
/projects/caeg/data/production/CGG3/0187/CGG3018779/20240207_AHTNVWDSX5_LV7008955699, CGG3018779_LV7008955699
/projects/caeg/data/production/CGG3/0187/CGG3018778/20240207_AHTNVWDSX5_LV7008955687, CGG3018778_LV7008955687
/projects/caeg/data/production/CGG3/0187/CGG3018700/20240202_BHTT3LDSX5_LV7008958635, CGG3018700_LV7008958635
/projects/caeg/data/production/CGG3/0187/CGG3018700/20240202_AHTNTGDSX5_LV7008958635, CGG3018700_LV7008958635
/projects/caeg/data/production/CGG3/0187/CGG3018725/20240202_BHTT3LDSX5_LV7008958621, CGG3018725_LV7008958621
/projects/caeg/data/production/CGG3/0187/CGG3018725/20240202_AHTNTGDSX5_LV7008958621, CGG3018725_LV7008958621
/projects/caeg/data/production/CGG3/0187/CGG3018790/20240207_AHTNVWDSX5_LV7008955722, CGG3018790_LV7008955722
/projects/caeg/data/production/CGG3/0187/CGG3018716/20240202_AHTNTGDSX5_LV7008958683, CGG3018716_LV7008958683
/projects/caeg/data/production/CGG3/0187/CGG3018716/20240202_BHTT3LDSX5_LV7008958683, CGG3018716_LV7008958683
/projects/caeg/data/production/CGG3/0187/CGG3018791/20240207_AHTNVWDSX5_LV7008956457, CGG3018791_LV7008956457
/projects/caeg/data/production/CGG3/0187/CGG3018724/20240202_AHTNTGDSX5_LV7008958706, CGG3018724_LV7008958706
/projects/caeg/data/production/CGG3/0187/CGG3018724/20240202_BHTT3LDSX5_LV7008958706, CGG3018724_LV7008958706
/projects/caeg/data/production/CGG3/0175/CGG3017508/20240129_AHTMWGDSX5_LV7008956140, CGG3017508_LV7008956140
/projects/caeg/data/production/CGG3/0175/CGG3017508/20221212_BH3TMMDSX5_LV7001884286, CGG3017508_LV7001884286
/projects/caeg/data/production/CGG3/0175/CGG3017508/20240129_BHTNW2DSX5_LV7008956032, CGG3017508_LV7008956032
/projects/caeg/data/production/CGG3/0175/CGG3017508/20221212_AHYLLHDSX3_LV7001883326, CGG3017508_LV7001883326
/projects/caeg/data/production/CGG3/0175/CGG3017512/20240129_BHTNW2DSX5_LV7008956044, CGG3017512_LV7008956044
/projects/caeg/data/production/CGG3/0175/CGG3017512/20240129_AHTMWGDSX5_LV7008956176, CGG3017512_LV7008956176
/projects/caeg/data/production/CGG3/0175/CGG3017501/20240129_AHTMWGDSX5_LV7008956116, CGG3017501_LV7008956116
/projects/caeg/data/production/CGG3/0175/CGG3017501/20240129_BHTNW2DSX5_LV7008955996, CGG3017501_LV7008955996
/projects/caeg/data/production/CGG3/0175/CGG3017504/20240129_AHTMWGDSX5_LV7008956128, CGG3017504_LV7008956128
/projects/caeg/data/production/CGG3/0175/CGG3017504/20240129_BHTNW2DSX5_LV7008956008, CGG3017504_LV7008956008
/projects/caeg/data/production/CGG3/0094/CGG3009473/20220916_HVWMFDSX3_LV7001883489, CGG3009473_LV7001883489
/projects/caeg/data/production/CGG3/0094/CGG3009444/20220916_HVWMFDSX3_LV7001883444, CGG3009444_LV7001883444
/projects/caeg/data/production/CGG3/0094/CGG3009468/20220916_HVWMFDSX3_LV7001883538, CGG3009468_LV7001883538
/projects/caeg/data/production/CGG3/0094/CGG3009489/20220916_HVWMFDSX3_LV7001883487, CGG3009489_LV7001883487
/projects/caeg/data/production/CGG3/0094/CGG3009498/20220916_HVWMFDSX3_LV7001883498, CGG3009498_LV7001883498
/projects/caeg/data/production/CGG3/0094/CGG3009475/20220916_HVWMFDSX3_LV7001883525, CGG3009475_LV7001883525
/projects/caeg/data/production/CGG3/0094/CGG3009470/20220916_HVWMFDSX3_LV7001883429, CGG3009470_LV7001883429
/projects/caeg/data/production/CGG3/0094/CGG3009448/20220916_HVWMFDSX3_LV7001883528, CGG3009448_LV7001883528
/projects/caeg/data/production/CGG3/0094/CGG3009481/20220916_HVWMFDSX3_LV7001883488, CGG3009481_LV7001883488
/projects/caeg/data/production/CGG3/0094/CGG3009462/20220916_HVWMFDSX3_LV7001883430, CGG3009462_LV7001883430
/projects/caeg/data/production/CGG3/0094/CGG3009467/20220916_HVWMFDSX3_LV7001883526, CGG3009467_LV7001883526
/projects/caeg/data/production/CGG3/0094/CGG3009478/20220916_HVWMFDSX3_LV7001883428, CGG3009478_LV7001883428
/projects/caeg/data/production/CGG3/0094/CGG3009463/20220916_HVWMFDSX3_LV7001883442, CGG3009463_LV7001883442
/projects/caeg/data/production/CGG3/0094/CGG3009494/20220916_HVWMFDSX3_LV7001883426, CGG3009494_LV7001883426
/projects/caeg/data/production/CGG3/0094/CGG3009449/20220916_HVWMFDSX3_LV7001883540, CGG3009449_LV7001883540
/projects/caeg/data/production/CGG3/0094/CGG3009483/20220916_HVWMFDSX3_LV7001883524, CGG3009483_LV7001883524
/projects/caeg/data/production/CGG3/0094/CGG3009483/20211008_HF2LWDSX2_AKL29052021, CGG3009483_AKL29052021
/projects/caeg/data/production/CGG3/0094/CGG3009477/20220916_HVWMFDSX3_LV7001883416, CGG3009477_LV7001883416
/projects/caeg/data/production/CGG3/0094/CGG3009445/20220916_HVWMFDSX3_LV7001883468, CGG3009445_LV7001883468
/projects/caeg/data/production/CGG3/0094/CGG3009482/20211008_HF2LWDSX2_AKL29052021, CGG3009482_AKL29052021
/projects/caeg/data/production/CGG3/0094/CGG3009482/20220916_HVWMFDSX3_LV7001883500, CGG3009482_LV7001883500
/projects/caeg/data/production/CGG3/0094/CGG3009491/20220916_HVWMFDSX3_LV7001883523, CGG3009491_LV7001883523
/projects/caeg/data/production/CGG3/0094/CGG3009492/20220916_HVWMFDSX3_LV7001883535, CGG3009492_LV7001883535
/projects/caeg/data/production/CGG3/0094/CGG3009461/20220916_HVWMFDSX3_LV7001883418, CGG3009461_LV7001883418
/projects/caeg/data/production/CGG3/0094/CGG3009485/20211008_HF2LWDSX2_AKL10052021, CGG3009485_AKL10052021
/projects/caeg/data/production/CGG3/0094/CGG3009485/20220916_HVWMFDSX3_LV7001883415, CGG3009485_LV7001883415
/projects/caeg/data/production/CGG3/0094/CGG3009487/20220916_HVWMFDSX3_LV7001883439, CGG3009487_LV7001883439
/projects/caeg/data/production/CGG3/0094/CGG3009487/20211008_HF2LWDSX2_AKL10052021, CGG3009487_AKL10052021
/projects/caeg/data/production/CGG3/0094/CGG3009476/20220916_HVWMFDSX3_LV7001883537, CGG3009476_LV7001883537
/projects/caeg/data/production/CGG3/0094/CGG3009484/20211008_HF2LWDSX2_AKL10052021, CGG3009484_AKL10052021
/projects/caeg/data/production/CGG3/0094/CGG3009484/20220916_HVWMFDSX3_LV7001883536, CGG3009484_LV7001883536
/projects/caeg/data/production/CGG3/0094/CGG3009496/20220916_HVWMFDSX3_LV7001883462, CGG3009496_LV7001883462
/projects/caeg/data/production/CGG3/0094/CGG3009479/20220916_HVWMFDSX3_LV7001883440, CGG3009479_LV7001883440
/projects/caeg/data/production/CGG3/0094/CGG3009465/20220916_HVWMFDSX3_LV7001883490, CGG3009465_LV7001883490
/projects/caeg/data/production/CGG3/0094/CGG3009455/20220916_HVWMFDSX3_LV7001883503, CGG3009455_LV7001883503
/projects/caeg/data/production/CGG3/0094/CGG3009499/20220916_HVWMFDSX3_LV7001883522, CGG3009499_LV7001883522
/projects/caeg/data/production/CGG3/0094/CGG3009490/20220916_HVWMFDSX3_LV7001883499, CGG3009490_LV7001883499
/projects/caeg/data/production/CGG3/0094/CGG3009464/20220916_HVWMFDSX3_LV7001883466, CGG3009464_LV7001883466
/projects/caeg/data/production/CGG3/0094/CGG3009469/20220916_HVWMFDSX3_LV7001883417, CGG3009469_LV7001883417
/projects/caeg/data/production/CGG3/0094/CGG3009486/20211008_HF2LWDSX2_AKL10052021, CGG3009486_AKL10052021
/projects/caeg/data/production/CGG3/0094/CGG3009486/20220916_HVWMFDSX3_LV7001883427, CGG3009486_LV7001883427
/projects/caeg/data/production/CGG3/0094/CGG3009454/20220916_HVWMFDSX3_LV7001883491, CGG3009454_LV7001883491
/projects/caeg/data/production/CGG3/0094/CGG3009446/20220916_HVWMFDSX3_LV7001883492, CGG3009446_LV7001883492
/projects/caeg/data/production/CGG3/0094/CGG3009474/20220916_HVWMFDSX3_LV7001883501, CGG3009474_LV7001883501
/projects/caeg/data/production/CGG3/0094/CGG3009488/20220916_HVWMFDSX3_LV7001883463, CGG3009488_LV7001883463
/projects/caeg/data/production/CGG3/0094/CGG3009472/20220916_HVWMFDSX3_LV7001883465, CGG3009472_LV7001883465
/projects/caeg/data/production/CGG3/0094/CGG3009471/20220916_HVWMFDSX3_LV7001883441, CGG3009471_LV7001883441
/projects/caeg/data/production/CGG3/0094/CGG3009450/20220916_HVWMFDSX3_LV7001883419, CGG3009450_LV7001883419
/projects/caeg/data/production/CGG3/0094/CGG3009466/20220916_HVWMFDSX3_LV7001883502, CGG3009466_LV7001883502
/projects/caeg/data/production/CGG3/0094/CGG3009451/20220916_HVWMFDSX3_LV7001883431, CGG3009451_LV7001883431
/projects/caeg/data/production/CGG3/0094/CGG3009453/20220916_HVWMFDSX3_LV7001883467, CGG3009453_LV7001883467
/projects/caeg/data/production/CGG3/0094/CGG3009447/20220916_HVWMFDSX3_LV7001883504, CGG3009447_LV7001883504
/projects/caeg/data/production/CGG3/0094/CGG3009452/20220916_HVWMFDSX3_LV7001883443, CGG3009452_LV7001883443
/projects/caeg/data/production/CGG3/0094/CGG3009480/20220916_HVWMFDSX3_LV7001883464, CGG3009480_LV7001883464
/projects/caeg/data/production/CGG3/0094/CGG3009497/20220916_HVWMFDSX3_LV7001883486, CGG3009497_LV7001883486
/projects/caeg/data/production/CGG3/0094/CGG3009493/20220916_HVWMFDSX3_LV7001883414, CGG3009493_LV7001883414
/projects/caeg/data/production/CGG3/0094/CGG3009495/20220916_HVWMFDSX3_LV7001883438, CGG3009495_LV7001883438
/projects/caeg/data/production/CGG3/0169/CGG3016957/20230426_BHMGLVDSX5_LV7001897547, CGG3016957_LV7001897547
/projects/caeg/data/production/CGG3/0169/CGG3016931/20230426_BHMGLVDSX5_LV7001897491, CGG3016931_LV7001897491
/projects/caeg/data/production/CGG3/0169/CGG3016974/20230426_BHMGLVDSX5_LV7001897557, CGG3016974_LV7001897557
/projects/caeg/data/production/CGG3/0169/CGG3016972/20230426_BHMGLVDSX5_LV7001897533, CGG3016972_LV7001897533
/projects/caeg/data/production/CGG3/0169/CGG3016914/20230426_BHMGLVDSX5_LV7001897537, CGG3016914_LV7001897537
/projects/caeg/data/production/CGG3/0169/CGG3016982/20230426_BHMGLVDSX5_LV7001897556, CGG3016982_LV7001897556
/projects/caeg/data/production/CGG3/0169/CGG3016988/20230426_BHMGLVDSX5_LV7001897531, CGG3016988_LV7001897531
/projects/caeg/data/production/CGG3/0169/CGG3016912/20230426_BHMGLVDSX5_LV7001897501, CGG3016912_LV7001897501
/projects/caeg/data/production/CGG3/0169/CGG3016904/20230503_AHMGJFDSX5_LV7001898097, CGG3016904_LV7001898097
/projects/caeg/data/production/CGG3/0169/CGG3016949/20230426_BHMGLVDSX5_LV7001897548, CGG3016949_LV7001897548
/projects/caeg/data/production/CGG3/0169/CGG3016981/20230426_BHMGLVDSX5_LV7001897544, CGG3016981_LV7001897544
/projects/caeg/data/production/CGG3/0169/CGG3016950/20230426_BHMGLVDSX5_LV7001897560, CGG3016950_LV7001897560
/projects/caeg/data/production/CGG3/0169/CGG3016963/20230426_BHMGLVDSX5_LV7001897510, CGG3016963_LV7001897510
/projects/caeg/data/production/CGG3/0169/CGG3016970/20230426_BHMGLVDSX5_LV7001897497, CGG3016970_LV7001897497
/projects/caeg/data/production/CGG3/0169/CGG3016906/20230503_AHMGJFDSX5_LV7001898136, CGG3016906_LV7001898136
/projects/caeg/data/production/CGG3/0169/CGG3016947/20230426_BHMGLVDSX5_LV7001897512, CGG3016947_LV7001897512
/projects/caeg/data/production/CGG3/0169/CGG3016999/20230426_BHMGLVDSX5_LV7001897481, CGG3016999_LV7001897481
/projects/caeg/data/production/CGG3/0169/CGG3016933/20230426_BHMGLVDSX5_LV7001897527, CGG3016933_LV7001897527
/projects/caeg/data/production/CGG3/0169/CGG3016910/20230426_BHMGLVDSX5_LV7001897477, CGG3016910_LV7001897477
/projects/caeg/data/production/CGG3/0169/CGG3016905/20230503_AHMGJFDSX5_LV7001898112, CGG3016905_LV7001898112
/projects/caeg/data/production/CGG3/0169/CGG3016921/20230426_BHMGLVDSX5_LV7001897538, CGG3016921_LV7001897538
/projects/caeg/data/production/CGG3/0169/CGG3016997/20230426_BHMGLVDSX5_LV7001897566, CGG3016997_LV7001897566
/projects/caeg/data/production/CGG3/0169/CGG3016918/20230426_BHMGLVDSX5_LV7001897490, CGG3016918_LV7001897490
/projects/caeg/data/production/CGG3/0169/CGG3016980/20230426_BHMGLVDSX5_LV7001897532, CGG3016980_LV7001897532
/projects/caeg/data/production/CGG3/0169/CGG3016992/20230426_BHMGLVDSX5_LV7001897494, CGG3016992_LV7001897494
/projects/caeg/data/production/CGG3/0169/CGG3016998/20230426_BHMGLVDSX5_LV7001897469, CGG3016998_LV7001897469
/projects/caeg/data/production/CGG3/0169/CGG3016964/20230426_BHMGLVDSX5_LV7001897534, CGG3016964_LV7001897534
/projects/caeg/data/production/CGG3/0169/CGG3016989/20230426_BHMGLVDSX5_LV7001897543, CGG3016989_LV7001897543
/projects/caeg/data/production/CGG3/0169/CGG3016983/20230426_BHMGLVDSX5_LV7001897568, CGG3016983_LV7001897568
/projects/caeg/data/production/CGG3/0169/CGG3016977/20230426_BHMGLVDSX5_LV7001897484, CGG3016977_LV7001897484
/projects/caeg/data/production/CGG3/0169/CGG3016938/20230426_BHMGLVDSX5_LV7001897553, CGG3016938_LV7001897553
/projects/caeg/data/production/CGG3/0169/CGG3016969/20230426_BHMGLVDSX5_LV7001897485, CGG3016969_LV7001897485
/projects/caeg/data/production/CGG3/0169/CGG3016993/20230426_BHMGLVDSX5_LV7001897506, CGG3016993_LV7001897506
/projects/caeg/data/production/CGG3/0169/CGG3016941/20230426_BHMGLVDSX5_LV7001897480, CGG3016941_LV7001897480
/projects/caeg/data/production/CGG3/0169/CGG3016911/20230426_BHMGLVDSX5_LV7001897489, CGG3016911_LV7001897489
/projects/caeg/data/production/CGG3/0169/CGG3016930/20230426_BHMGLVDSX5_LV7001897479, CGG3016930_LV7001897479
/projects/caeg/data/production/CGG3/0169/CGG3016932/20230426_BHMGLVDSX5_LV7001897503, CGG3016932_LV7001897503
/projects/caeg/data/production/CGG3/0169/CGG3016923/20230426_BHMGLVDSX5_LV7001897562, CGG3016923_LV7001897562
/projects/caeg/data/production/CGG3/0169/CGG3016996/20230426_BHMGLVDSX5_LV7001897554, CGG3016996_LV7001897554
/projects/caeg/data/production/CGG3/0169/CGG3016987/20230426_BHMGLVDSX5_LV7001897507, CGG3016987_LV7001897507
/projects/caeg/data/production/CGG3/0169/CGG3016975/20230426_BHMGLVDSX5_LV7001897569, CGG3016975_LV7001897569
/projects/caeg/data/production/CGG3/0169/CGG3016976/20230426_BHMGLVDSX5_LV7001897472, CGG3016976_LV7001897472
/projects/caeg/data/production/CGG3/0169/CGG3016920/20230426_BHMGLVDSX5_LV7001897526, CGG3016920_LV7001897526
/projects/caeg/data/production/CGG3/0169/CGG3016986/20230426_BHMGLVDSX5_LV7001897495, CGG3016986_LV7001897495
/projects/caeg/data/production/CGG3/0169/CGG3016995/20230426_BHMGLVDSX5_LV7001897542, CGG3016995_LV7001897542
/projects/caeg/data/production/CGG3/0169/CGG3016984/20230426_BHMGLVDSX5_LV7001897471, CGG3016984_LV7001897471
/projects/caeg/data/production/CGG3/0169/CGG3016935/20230426_BHMGLVDSX5_LV7001897551, CGG3016935_LV7001897551
/projects/caeg/data/production/CGG3/0169/CGG3016985/20230426_BHMGLVDSX5_LV7001897483, CGG3016985_LV7001897483
/projects/caeg/data/production/CGG3/0169/CGG3016971/20230426_BHMGLVDSX5_LV7001897509, CGG3016971_LV7001897509
/projects/caeg/data/production/CGG3/0169/CGG3016926/20230426_BHMGLVDSX5_LV7001897540, CGG3016926_LV7001897540
/projects/caeg/data/production/CGG3/0169/CGG3016916/20230426_BHMGLVDSX5_LV7001897466, CGG3016916_LV7001897466
/projects/caeg/data/production/CGG3/0169/CGG3016936/20230426_BHMGLVDSX5_LV7001897529, CGG3016936_LV7001897529
/projects/caeg/data/production/CGG3/0169/CGG3016959/20230426_BHMGLVDSX5_LV7001897571, CGG3016959_LV7001897571
/projects/caeg/data/production/CGG3/0169/CGG3016903/20230503_AHMGJFDSX5_LV7001898085, CGG3016903_LV7001898085
/projects/caeg/data/production/CGG3/0169/CGG3016929/20230426_BHMGLVDSX5_LV7001897467, CGG3016929_LV7001897467
/projects/caeg/data/production/CGG3/0169/CGG3016946/20230426_BHMGLVDSX5_LV7001897500, CGG3016946_LV7001897500
/projects/caeg/data/production/CGG3/0169/CGG3016979/20230426_BHMGLVDSX5_LV7001897508, CGG3016979_LV7001897508
/projects/caeg/data/production/CGG3/0169/CGG3016937/20230426_BHMGLVDSX5_LV7001897541, CGG3016937_LV7001897541
/projects/caeg/data/production/CGG3/0169/CGG3016945/20230426_BHMGLVDSX5_LV7001897488, CGG3016945_LV7001897488
/projects/caeg/data/production/CGG3/0169/CGG3016943/20230426_BHMGLVDSX5_LV7001897504, CGG3016943_LV7001897504
/projects/caeg/data/production/CGG3/0169/CGG3016928/20230426_BHMGLVDSX5_LV7001897564, CGG3016928_LV7001897564
/projects/caeg/data/production/CGG3/0169/CGG3016954/20230426_BHMGLVDSX5_LV7001897499, CGG3016954_LV7001897499
/projects/caeg/data/production/CGG3/0169/CGG3016909/20230503_AHMGJFDSX5_LV7001898063, CGG3016909_LV7001898063
/projects/caeg/data/production/CGG3/0169/CGG3016968/20230426_BHMGLVDSX5_LV7001897473, CGG3016968_LV7001897473
/projects/caeg/data/production/CGG3/0169/CGG3016960/20230426_BHMGLVDSX5_LV7001897474, CGG3016960_LV7001897474
/projects/caeg/data/production/CGG3/0169/CGG3016973/20230426_BHMGLVDSX5_LV7001897545, CGG3016973_LV7001897545
/projects/caeg/data/production/CGG3/0169/CGG3016951/20230426_BHMGLVDSX5_LV7001897572, CGG3016951_LV7001897572
/projects/caeg/data/production/CGG3/0169/CGG3016939/20230426_BHMGLVDSX5_LV7001897565, CGG3016939_LV7001897565
/projects/caeg/data/production/CGG3/0169/CGG3016961/20230426_BHMGLVDSX5_LV7001897486, CGG3016961_LV7001897486
/projects/caeg/data/production/CGG3/0169/CGG3016934/20230426_BHMGLVDSX5_LV7001897539, CGG3016934_LV7001897539
/projects/caeg/data/production/CGG3/0169/CGG3016994/20230426_BHMGLVDSX5_LV7001897530, CGG3016994_LV7001897530
/projects/caeg/data/production/CGG3/0169/CGG3016913/20230426_BHMGLVDSX5_LV7001897525, CGG3016913_LV7001897525
/projects/caeg/data/production/CGG3/0169/CGG3016990/20230426_BHMGLVDSX5_LV7001897470, CGG3016990_LV7001897470
/projects/caeg/data/production/CGG3/0169/CGG3016955/20230426_BHMGLVDSX5_LV7001897511, CGG3016955_LV7001897511
/projects/caeg/data/production/CGG3/0169/CGG3016915/20230426_BHMGLVDSX5_LV7001897563, CGG3016915_LV7001897563
/projects/caeg/data/production/CGG3/0169/CGG3016966/20230426_BHMGLVDSX5_LV7001897558, CGG3016966_LV7001897558
/projects/caeg/data/production/CGG3/0169/CGG3016991/20230426_BHMGLVDSX5_LV7001897482, CGG3016991_LV7001897482
/projects/caeg/data/production/CGG3/0169/CGG3016925/20230426_BHMGLVDSX5_LV7001897528, CGG3016925_LV7001897528
/projects/caeg/data/production/CGG3/0169/CGG3016978/20230426_BHMGLVDSX5_LV7001897496, CGG3016978_LV7001897496
/projects/caeg/data/production/CGG3/0169/CGG3016967/20230426_BHMGLVDSX5_LV7001897570, CGG3016967_LV7001897570
/projects/caeg/data/production/CGG3/0169/CGG3016919/20230426_BHMGLVDSX5_LV7001897502, CGG3016919_LV7001897502
/projects/caeg/data/production/CGG3/0169/CGG3016953/20230426_BHMGLVDSX5_LV7001897487, CGG3016953_LV7001897487
/projects/caeg/data/production/CGG3/0169/CGG3016917/20230426_BHMGLVDSX5_LV7001897478, CGG3016917_LV7001897478
/projects/caeg/data/production/CGG3/0169/CGG3016902/20230503_AHMGJFDSX5_LV7001898073, CGG3016902_LV7001898073
/projects/caeg/data/production/CGG3/0169/CGG3016948/20230426_BHMGLVDSX5_LV7001897536, CGG3016948_LV7001897536
/projects/caeg/data/production/CGG3/0169/CGG3016952/20230426_BHMGLVDSX5_LV7001897475, CGG3016952_LV7001897475
/projects/caeg/data/production/CGG3/0169/CGG3016940/20230426_BHMGLVDSX5_LV7001897144, CGG3016940_LV7001897144
/projects/caeg/data/production/CGG3/0169/CGG3016958/20230426_BHMGLVDSX5_LV7001897559, CGG3016958_LV7001897559
/projects/caeg/data/production/CGG3/0169/CGG3016944/20230426_BHMGLVDSX5_LV7001897476, CGG3016944_LV7001897476
/projects/caeg/data/production/CGG3/0169/CGG3016900/20230503_AHMGJFDSX5_LV7001898158, CGG3016900_LV7001898158
/projects/caeg/data/production/CGG3/0169/CGG3016908/20230503_AHMGJFDSX5_LV7001898160, CGG3016908_LV7001898160
/projects/caeg/data/production/CGG3/0169/CGG3016962/20230426_BHMGLVDSX5_LV7001897498, CGG3016962_LV7001897498
/projects/caeg/data/production/CGG3/0169/CGG3016965/20230426_BHMGLVDSX5_LV7001897546, CGG3016965_LV7001897546
/projects/caeg/data/production/CGG3/0169/CGG3016942/20230426_BHMGLVDSX5_LV7001897492, CGG3016942_LV7001897492
/projects/caeg/data/production/CGG3/0169/CGG3016927/20230426_BHMGLVDSX5_LV7001897552, CGG3016927_LV7001897552
/projects/caeg/data/production/CGG3/0169/CGG3016956/20230426_BHMGLVDSX5_LV7001897535, CGG3016956_LV7001897535
/projects/caeg/data/production/CGG3/0169/CGG3016901/20230503_AHMGJFDSX5_LV7001898061, CGG3016901_LV7001898061
/projects/caeg/data/production/CGG3/0169/CGG3016924/20230426_BHMGLVDSX5_LV7001897465, CGG3016924_LV7001897465
/projects/caeg/data/production/CGG3/0188/CGG3018823/20240131_AHTT2WDSX5_LV7008955645, CGG3018823_LV7008955645
/projects/caeg/data/production/CGG3/0188/CGG3018869/20240207_BH23WMDSX7_LV7008955904, CGG3018869_LV7008955904
/projects/caeg/data/production/CGG3/0188/CGG3018892/20240207_BH23WMDSX7_LV7008953859, CGG3018892_LV7008953859
/projects/caeg/data/production/CGG3/0188/CGG3018864/20240207_BH23WMDSX7_LV7008953863, CGG3018864_LV7008953863
/projects/caeg/data/production/CGG3/0188/CGG3018853/20240131_AHTT2WDSX5_LV7008955714, CGG3018853_LV7008955714
/projects/caeg/data/production/CGG3/0188/CGG3018851/20240202_AHTNTGDSX5_LV7008958665, CGG3018851_LV7008958665
/projects/caeg/data/production/CGG3/0188/CGG3018851/20240202_BHTT3LDSX5_LV7008958665, CGG3018851_LV7008958665
/projects/caeg/data/production/CGG3/0188/CGG3018877/20240207_BH23WMDSX7_LV7008955891, CGG3018877_LV7008955891
/projects/caeg/data/production/CGG3/0188/CGG3018846/20240131_AHTT2WDSX5_LV7008955715, CGG3018846_LV7008955715
/projects/caeg/data/production/CGG3/0188/CGG3018863/20240207_BH23WMDSX7_LV7008955808, CGG3018863_LV7008955808
/projects/caeg/data/production/CGG3/0188/CGG3018887/20240207_BH23WMDSX7_LV7008955914, CGG3018887_LV7008955914
/projects/caeg/data/production/CGG3/0188/CGG3018876/20240207_BH23WMDSX7_LV7008955867, CGG3018876_LV7008955867
/projects/caeg/data/production/CGG3/0188/CGG3018884/20240207_BH23WMDSX7_LV7008955866, CGG3018884_LV7008955866
/projects/caeg/data/production/CGG3/0188/CGG3018899/20240207_BH23WMDSX7_LV7008955864, CGG3018899_LV7008955864
/projects/caeg/data/production/CGG3/0188/CGG3018806/20240207_AHTNVWDSX5_LV7008955732, CGG3018806_LV7008955732
/projects/caeg/data/production/CGG3/0188/CGG3018830/20240131_AHTT2WDSX5_LV7008955620, CGG3018830_LV7008955620
/projects/caeg/data/production/CGG3/0188/CGG3018814/20240131_AHTT2WDSX5_LV7008955646, CGG3018814_LV7008955646
/projects/caeg/data/production/CGG3/0188/CGG3018829/20240131_AHTT2WDSX5_LV7008956461, CGG3018829_LV7008956461
/projects/caeg/data/production/CGG3/0188/CGG3018867/20240207_BH23WMDSX7_LV7008955868, CGG3018867_LV7008955868
/projects/caeg/data/production/CGG3/0188/CGG3018883/20240207_BH23WMDSX7_LV7008953861, CGG3018883_LV7008953861
/projects/caeg/data/production/CGG3/0188/CGG3018805/20240207_AHTNVWDSX5_LV7008955720, CGG3018805_LV7008955720
/projects/caeg/data/production/CGG3/0188/CGG3018871/20240207_BH23WMDSX7_LV7008953846, CGG3018871_LV7008953846
/projects/caeg/data/production/CGG3/0188/CGG3018872/20240207_BH23WMDSX7_LV7008955807, CGG3018872_LV7008955807
/projects/caeg/data/production/CGG3/0188/CGG3018890/20240207_BH23WMDSX7_LV7008955817, CGG3018890_LV7008955817
/projects/caeg/data/production/CGG3/0188/CGG3018833/20240131_AHTT2WDSX5_LV7008955680, CGG3018833_LV7008955680
/projects/caeg/data/production/CGG3/0188/CGG3018875/20240207_BH23WMDSX7_LV7008953862, CGG3018875_LV7008953862
/projects/caeg/data/production/CGG3/0188/CGG3018801/20240207_AHTNVWDSX5_LV7008955660, CGG3018801_LV7008955660
/projects/caeg/data/production/CGG3/0188/CGG3018820/20240131_AHTT2WDSX5_LV7008955718, CGG3018820_LV7008955718
/projects/caeg/data/production/CGG3/0188/CGG3018802/20240207_AHTNVWDSX5_LV7008955684, CGG3018802_LV7008955684
/projects/caeg/data/production/CGG3/0188/CGG3018844/20240202_BHTT3LDSX5_LV7008958653, CGG3018844_LV7008958653
/projects/caeg/data/production/CGG3/0188/CGG3018844/20240202_AHTNTGDSX5_LV7008958653, CGG3018844_LV7008958653
/projects/caeg/data/production/CGG3/0188/CGG3018886/20240207_BH23WMDSX7_LV7008955902, CGG3018886_LV7008955902
/projects/caeg/data/production/CGG3/0188/CGG3018850/20240131_AHTT2WDSX5_LV7008955678, CGG3018850_LV7008955678
/projects/caeg/data/production/CGG3/0188/CGG3018835/20240131_AHTT2WDSX5_LV7008956455, CGG3018835_LV7008956455
/projects/caeg/data/production/CGG3/0188/CGG3018803/20240202_AHTNTGDSX5_LV7008958690, CGG3018803_LV7008958690
/projects/caeg/data/production/CGG3/0188/CGG3018803/20240202_BHTT3LDSX5_LV7008958690, CGG3018803_LV7008958690
/projects/caeg/data/production/CGG3/0188/CGG3018893/20240207_BH23WMDSX7_LV7008955889, CGG3018893_LV7008955889
/projects/caeg/data/production/CGG3/0188/CGG3018824/20240131_AHTT2WDSX5_LV7008955657, CGG3018824_LV7008955657
/projects/caeg/data/production/CGG3/0188/CGG3018813/20240131_AHTT2WDSX5_LV7008955474, CGG3018813_LV7008955474
/projects/caeg/data/production/CGG3/0188/CGG3018842/20240131_AHTT2WDSX5_LV7008955655, CGG3018842_LV7008955655
/projects/caeg/data/production/CGG3/0188/CGG3018849/20240131_AHTT2WDSX5_LV7008955654, CGG3018849_LV7008955654
/projects/caeg/data/production/CGG3/0188/CGG3018878/20240207_BH23WMDSX7_LV7008955915, CGG3018878_LV7008955915
/projects/caeg/data/production/CGG3/0188/CGG3018860/20240202_BHTT3LDSX5_LV7008958677, CGG3018860_LV7008958677
/projects/caeg/data/production/CGG3/0188/CGG3018860/20240202_AHTNTGDSX5_LV7008958677, CGG3018860_LV7008958677
/projects/caeg/data/production/CGG3/0188/CGG3018838/20240131_AHTT2WDSX5_LV7008955734, CGG3018838_LV7008955734
/projects/caeg/data/production/CGG3/0188/CGG3018845/20240131_AHTT2WDSX5_LV7008955703, CGG3018845_LV7008955703
/projects/caeg/data/production/CGG3/0188/CGG3018855/20240131_AHTT2WDSX5_LV7008955617, CGG3018855_LV7008955617
/projects/caeg/data/production/CGG3/0188/CGG3018815/20240131_AHTT2WDSX5_LV7008955658, CGG3018815_LV7008955658
/projects/caeg/data/production/CGG3/0188/CGG3018804/20240207_AHTNVWDSX5_LV7008955708, CGG3018804_LV7008955708
/projects/caeg/data/production/CGG3/0188/CGG3018819/20240131_AHTT2WDSX5_LV7008955706, CGG3018819_LV7008955706
/projects/caeg/data/production/CGG3/0188/CGG3018818/20240202_AHTNTGDSX5_LV7008958617, CGG3018818_LV7008958617
/projects/caeg/data/production/CGG3/0188/CGG3018818/20240202_BHTT3LDSX5_LV7008958617, CGG3018818_LV7008958617
/projects/caeg/data/production/CGG3/0188/CGG3018812/20240207_AHTNVWDSX5_LV7008955707, CGG3018812_LV7008955707
/projects/caeg/data/production/CGG3/0188/CGG3018816/20240131_AHTT2WDSX5_LV7008955682, CGG3018816_LV7008955682
/projects/caeg/data/production/CGG3/0188/CGG3018832/20240131_AHTT2WDSX5_LV7008955656, CGG3018832_LV7008955656
/projects/caeg/data/production/CGG3/0188/CGG3018831/20240131_AHTT2WDSX5_LV7008955644, CGG3018831_LV7008955644
/projects/caeg/data/production/CGG3/0188/CGG3018854/20240131_AHTT2WDSX5_LV7008955726, CGG3018854_LV7008955726
/projects/caeg/data/production/CGG3/0188/CGG3018825/20240131_AHTT2WDSX5_LV7008955681, CGG3018825_LV7008955681
/projects/caeg/data/production/CGG3/0188/CGG3018897/20240207_BH23WMDSX7_LV7008955816, CGG3018897_LV7008955816
/projects/caeg/data/production/CGG3/0188/CGG3018848/20240131_AHTT2WDSX5_LV7008955618, CGG3018848_LV7008955618
/projects/caeg/data/production/CGG3/0188/CGG3018868/20240207_BH23WMDSX7_LV7008955892, CGG3018868_LV7008955892
/projects/caeg/data/production/CGG3/0188/CGG3018888/20240207_BH23WMDSX7_LV7008953845, CGG3018888_LV7008953845
/projects/caeg/data/production/CGG3/0188/CGG3018885/20240207_BH23WMDSX7_LV7008955890, CGG3018885_LV7008955890
/projects/caeg/data/production/CGG3/0188/CGG3018847/20240131_AHTT2WDSX5_LV7008955728, CGG3018847_LV7008955728
/projects/caeg/data/production/CGG3/0188/CGG3018898/20240207_BH23WMDSX7_LV7008955852, CGG3018898_LV7008955852
/projects/caeg/data/production/CGG3/0188/CGG3018828/20240131_AHTT2WDSX5_LV7008956462, CGG3018828_LV7008956462
/projects/caeg/data/production/CGG3/0188/CGG3018896/20240207_BH23WMDSX7_LV7008953844, CGG3018896_LV7008953844
/projects/caeg/data/production/CGG3/0188/CGG3018870/20240207_BH23WMDSX7_LV7008955916, CGG3018870_LV7008955916
/projects/caeg/data/production/CGG3/0188/CGG3018840/20240131_AHTT2WDSX5_LV7008955643, CGG3018840_LV7008955643
/projects/caeg/data/production/CGG3/0188/CGG3018821/20240131_AHTT2WDSX5_LV7008955730, CGG3018821_LV7008955730
/projects/caeg/data/production/CGG3/0188/CGG3018874/20240207_BH23WMDSX7_LV7008955819, CGG3018874_LV7008955819
/projects/caeg/data/production/CGG3/0188/CGG3018834/20240202_BHTT3LDSX5_LV7008958641, CGG3018834_LV7008958641
/projects/caeg/data/production/CGG3/0188/CGG3018834/20240202_AHTNTGDSX5_LV7008958641, CGG3018834_LV7008958641
/projects/caeg/data/production/CGG3/0188/CGG3018880/20240207_BH23WMDSX7_LV7008955806, CGG3018880_LV7008955806
/projects/caeg/data/production/CGG3/0188/CGG3018866/20240207_BH23WMDSX7_LV7008955856, CGG3018866_LV7008955856
/projects/caeg/data/production/CGG3/0188/CGG3018894/20240207_BH23WMDSX7_LV7008953857, CGG3018894_LV7008953857
/projects/caeg/data/production/CGG3/0188/CGG3018862/20240207_BH23WMDSX7_LV7008953847, CGG3018862_LV7008953847
/projects/caeg/data/production/CGG3/0188/CGG3018807/20240207_AHTNVWDSX5_LV7008955623, CGG3018807_LV7008955623
/projects/caeg/data/production/CGG3/0188/CGG3018891/20240207_BH23WMDSX7_LV7008953860, CGG3018891_LV7008953860
/projects/caeg/data/production/CGG3/0188/CGG3018811/20240202_AHTNTGDSX5_LV7008957351, CGG3018811_LV7008957351
/projects/caeg/data/production/CGG3/0188/CGG3018811/20240202_BHTT3LDSX5_LV7008957351, CGG3018811_LV7008957351
/projects/caeg/data/production/CGG3/0188/CGG3018800/20240207_AHTNVWDSX5_LV7008955727, CGG3018800_LV7008955727
/projects/caeg/data/production/CGG3/0188/CGG3018843/20240131_AHTT2WDSX5_LV7008955679, CGG3018843_LV7008955679
/projects/caeg/data/production/CGG3/0188/CGG3018856/20240131_AHTT2WDSX5_LV7008955641, CGG3018856_LV7008955641
/projects/caeg/data/production/CGG3/0188/CGG3018808/20240207_AHTNVWDSX5_LV7008955647, CGG3018808_LV7008955647
/projects/caeg/data/production/CGG3/0188/CGG3018889/20240207_BH23WMDSX7_LV7008955805, CGG3018889_LV7008955805
/projects/caeg/data/production/CGG3/0188/CGG3018859/20240131_AHTT2WDSX5_LV7008955677, CGG3018859_LV7008955677
/projects/caeg/data/production/CGG3/0188/CGG3018858/20240131_AHTT2WDSX5_LV7008955653, CGG3018858_LV7008955653
/projects/caeg/data/production/CGG3/0188/CGG3018822/20240131_AHTT2WDSX5_LV7008955621, CGG3018822_LV7008955621
/projects/caeg/data/production/CGG3/0188/CGG3018837/20240131_AHTT2WDSX5_LV7008955716, CGG3018837_LV7008955716
/projects/caeg/data/production/CGG3/0188/CGG3018839/20240131_AHTT2WDSX5_LV7008955619, CGG3018839_LV7008955619
/projects/caeg/data/production/CGG3/0188/CGG3018895/20240207_BH23WMDSX7_LV7008955913, CGG3018895_LV7008955913
/projects/caeg/data/production/CGG3/0188/CGG3018827/20240202_AHTNTGDSX5_LV7008958629, CGG3018827_LV7008958629
/projects/caeg/data/production/CGG3/0188/CGG3018827/20240202_BHTT3LDSX5_LV7008958629, CGG3018827_LV7008958629
/projects/caeg/data/production/CGG3/0188/CGG3018882/20240207_BH23WMDSX7_LV7008955818, CGG3018882_LV7008955818
/projects/caeg/data/production/CGG3/0188/CGG3018879/20240207_BH23WMDSX7_LV7008955901, CGG3018879_LV7008955901
/projects/caeg/data/production/CGG3/0188/CGG3018809/20240207_AHTNVWDSX5_LV7008953848, CGG3018809_LV7008953848
/projects/caeg/data/production/CGG3/0188/CGG3018852/20240131_AHTT2WDSX5_LV7008955702, CGG3018852_LV7008955702
/projects/caeg/data/production/CGG3/0188/CGG3018861/20240131_AHTT2WDSX5_LV7008955701, CGG3018861_LV7008955701
/projects/caeg/data/production/CGG3/0172/CGG3017200/20221118_HYLFMDSX3_LV7001885822, CGG3017200_LV7001885822
/projects/caeg/data/production/CGG3/0172/CGG3017224/20221118_HYLFMDSX3_LV7001885819, CGG3017224_LV7001885819
/projects/caeg/data/production/CGG3/0172/CGG3017220/20221118_HYLFMDSX3_LV7001885735, CGG3017220_LV7001885735
/projects/caeg/data/production/CGG3/0172/CGG3017217/20221118_HYLFMDSX3_LV7001885832, CGG3017217_LV7001885832
/projects/caeg/data/production/CGG3/0172/CGG3017249/20230414_BHMGMJDSX5_LV7001884470, CGG3017249_LV7001884470
/projects/caeg/data/production/CGG3/0172/CGG3017253/20230414_BHMGMJDSX5_LV7001884454, CGG3017253_LV7001884454
/projects/caeg/data/production/CGG3/0172/CGG3017212/20221118_HYLFMDSX3_LV7001885736, CGG3017212_LV7001885736
/projects/caeg/data/production/CGG3/0172/CGG3017233/20221118_HYLFMDSX3_LV7001885854, CGG3017233_LV7001885854
/projects/caeg/data/production/CGG3/0172/CGG3017296/20230414_BHMGMJDSX5_LV7001884482, CGG3017296_LV7001884482
/projects/caeg/data/production/CGG3/0172/CGG3017204/20221118_HYLFMDSX3_LV7001885737, CGG3017204_LV7001885737
/projects/caeg/data/production/CGG3/0172/CGG3017252/20230414_BHMGMJDSX5_LV7001884471, CGG3017252_LV7001884471
/projects/caeg/data/production/CGG3/0172/CGG3017298/20230414_BHMGMJDSX5_LV7001884451, CGG3017298_LV7001884451
/projects/caeg/data/production/CGG3/0172/CGG3017202/20221118_HYLFMDSX3_LV7001885846, CGG3017202_LV7001885846
/projects/caeg/data/production/CGG3/0172/CGG3017208/20221118_HYLFMDSX3_LV7001885821, CGG3017208_LV7001885821
/projects/caeg/data/production/CGG3/0172/CGG3017235/20221118_HYLFMDSX3_LV7001885745, CGG3017235_LV7001885745
/projects/caeg/data/production/CGG3/0172/CGG3017295/20230414_BHMGMJDSX5_LV7001902951, CGG3017295_LV7001902951
/projects/caeg/data/production/CGG3/0172/CGG3017238/20221118_HYLFMDSX3_LV7001885817, CGG3017238_LV7001885817
/projects/caeg/data/production/CGG3/0172/CGG3017297/20230414_BHMGMJDSX5_LV7001884484, CGG3017297_LV7001884484
/projects/caeg/data/production/CGG3/0172/CGG3017205/20221118_HYLFMDSX3_LV7001885749, CGG3017205_LV7001885749
/projects/caeg/data/production/CGG3/0172/CGG3017294/20230414_BHMGMJDSX5_LV7001884481, CGG3017294_LV7001884481
/projects/caeg/data/production/CGG3/0172/CGG3017218/20221118_HYLFMDSX3_LV7001885844, CGG3017218_LV7001885844
/projects/caeg/data/production/CGG3/0172/CGG3017237/20221118_HYLFMDSX3_LV7001885805, CGG3017237_LV7001885805
/projects/caeg/data/production/CGG3/0172/CGG3017206/20221118_HYLFMDSX3_LV7001885797, CGG3017206_LV7001885797
/projects/caeg/data/production/CGG3/0172/CGG3017256/20230414_BHMGMJDSX5_LV7001902881, CGG3017256_LV7001902881
/projects/caeg/data/production/CGG3/0172/CGG3017293/20230414_BHMGMJDSX5_LV7001903345, CGG3017293_LV7001903345
/projects/caeg/data/production/CGG3/0172/CGG3017201/20221118_HYLFMDSX3_LV7001885834, CGG3017201_LV7001885834
/projects/caeg/data/production/CGG3/0172/CGG3017214/20221118_HYLFMDSX3_LV7001885796, CGG3017214_LV7001885796
/projects/caeg/data/production/CGG3/0172/CGG3017209/20221118_HYLFMDSX3_LV7001885833, CGG3017209_LV7001885833
/projects/caeg/data/production/CGG3/0172/CGG3017210/20221118_HYLFMDSX3_LV7001885845, CGG3017210_LV7001885845
/projects/caeg/data/production/CGG3/0172/CGG3017229/20221118_HYLFMDSX3_LV7001885806, CGG3017229_LV7001885806
/projects/caeg/data/production/CGG3/0172/CGG3017219/20221118_HYLFMDSX3_LV7001885856, CGG3017219_LV7001885856
/projects/caeg/data/production/CGG3/0172/CGG3017234/20221118_HYLFMDSX3_LV7001885733, CGG3017234_LV7001885733
/projects/caeg/data/production/CGG3/0172/CGG3017250/20230414_BHMGMJDSX5_LV7001884408, CGG3017250_LV7001884408
/projects/caeg/data/production/CGG3/0172/CGG3017203/20221118_HYLFMDSX3_LV7001885859, CGG3017203_LV7001885859
/projects/caeg/data/production/CGG3/0172/CGG3017251/20230414_BHMGMJDSX5_LV7001902938, CGG3017251_LV7001902938
/projects/caeg/data/production/CGG3/0172/CGG3017292/20230414_BHMGMJDSX5_LV7001884407, CGG3017292_LV7001884407
/projects/caeg/data/production/CGG3/0172/CGG3017236/20221118_HYLFMDSX3_LV7001885793, CGG3017236_LV7001885793
/projects/caeg/data/production/CGG3/0172/CGG3017231/20221118_HYLFMDSX3_LV7001885830, CGG3017231_LV7001885830
/projects/caeg/data/production/CGG3/0172/CGG3017228/20221118_HYLFMDSX3_LV7001885794, CGG3017228_LV7001885794
/projects/caeg/data/production/CGG3/0172/CGG3017211/20221118_HYLFMDSX3_LV7001885857, CGG3017211_LV7001885857
/projects/caeg/data/production/CGG3/0172/CGG3017230/20221118_HYLFMDSX3_LV7001885818, CGG3017230_LV7001885818
/projects/caeg/data/production/CGG3/0172/CGG3017207/20221118_HYLFMDSX3_LV7001885809, CGG3017207_LV7001885809
/projects/caeg/data/production/CGG3/0172/CGG3017221/20221118_HYLFMDSX3_LV7001885747, CGG3017221_LV7001885747
/projects/caeg/data/production/CGG3/0172/CGG3017227/20221118_HYLFMDSX3_LV7001885746, CGG3017227_LV7001885746
/projects/caeg/data/production/CGG3/0172/CGG3017215/20221118_HYLFMDSX3_LV7001885808, CGG3017215_LV7001885808
/projects/caeg/data/production/CGG3/0172/CGG3017257/20230414_BHMGMJDSX5_LV7001903286, CGG3017257_LV7001903286
/projects/caeg/data/production/CGG3/0172/CGG3017213/20221118_HYLFMDSX3_LV7001885748, CGG3017213_LV7001885748
/projects/caeg/data/production/CGG3/0172/CGG3017225/20221118_HYLFMDSX3_LV7001885831, CGG3017225_LV7001885831
/projects/caeg/data/production/CGG3/0172/CGG3017216/20221118_HYLFMDSX3_LV7001885820, CGG3017216_LV7001885820
/projects/caeg/data/production/CGG3/0172/CGG3017255/20230414_BHMGMJDSX5_LV7001903370, CGG3017255_LV7001903370
/projects/caeg/data/production/CGG3/0172/CGG3017291/20230414_BHMGMJDSX5_LV7001884401, CGG3017291_LV7001884401
/projects/caeg/data/production/CGG3/0172/CGG3017254/20230414_BHMGMJDSX5_LV7001903362, CGG3017254_LV7001903362
/projects/caeg/data/production/CGG3/0172/CGG3017232/20221118_HYLFMDSX3_LV7001885842, CGG3017232_LV7001885842
/projects/caeg/data/production/CGG3/0172/CGG3017223/20221118_HYLFMDSX3_LV7001885807, CGG3017223_LV7001885807
/projects/caeg/data/production/CGG3/0172/CGG3017226/20221118_HYLFMDSX3_LV7001885734, CGG3017226_LV7001885734
/projects/caeg/data/production/CGG3/0172/CGG3017222/20221118_HYLFMDSX3_LV7001885795, CGG3017222_LV7001885795
/projects/caeg/data/production/CGG3/0166/CGG3016670/20221212_AHYLLHDSX3_LV7001883408, CGG3016670_LV7001883408
/projects/caeg/data/production/CGG3/0166/CGG3016670/20240129_AHTMWGDSX5_LV7008956100, CGG3016670_LV7008956100
/projects/caeg/data/production/CGG3/0166/CGG3016670/20221212_BH3TMMDSX5_LV7001884380, CGG3016670_LV7001884380
/projects/caeg/data/production/CGG3/0166/CGG3016670/20240129_BHTNW2DSX5_LV7008955956, CGG3016670_LV7008955956
/projects/caeg/data/production/CGG3/0166/CGG3016670/20231201_AHTMGLDSX5_LV7008957246, CGG3016670_LV7008957246
/projects/caeg/data/production/CGG3/0166/CGG3016641/20221212_BH3TMMDSX5_LV7001884382, CGG3016641_LV7001884382
/projects/caeg/data/production/CGG3/0166/CGG3016641/20240129_AHTMWGDSX5_LV7008956078, CGG3016641_LV7008956078
/projects/caeg/data/production/CGG3/0166/CGG3016641/20240129_BHTNW2DSX5_LV7008955934, CGG3016641_LV7008955934
/projects/caeg/data/production/CGG3/0166/CGG3016641/20221212_AHYLLHDSX3_LV7001883410, CGG3016641_LV7001883410
/projects/caeg/data/production/CGG3/0166/CGG3016641/20231201_AHTMGLDSX5_LV7008957248, CGG3016641_LV7008957248
/projects/caeg/data/production/CGG3/0166/CGG3016649/20240129_BHTNW2DSX5_LV7008956030, CGG3016649_LV7008956030
/projects/caeg/data/production/CGG3/0166/CGG3016649/20231201_AHTMGLDSX5_LV7008957308, CGG3016649_LV7008957308
/projects/caeg/data/production/CGG3/0166/CGG3016649/20221212_AHYLLHDSX3_LV7001883349, CGG3016649_LV7001883349
/projects/caeg/data/production/CGG3/0166/CGG3016649/20221212_BH3TMMDSX5_LV7001884309, CGG3016649_LV7001884309
/projects/caeg/data/production/CGG3/0166/CGG3016658/20221212_BH3TMMDSX5_LV7001884284, CGG3016658_LV7001884284
/projects/caeg/data/production/CGG3/0166/CGG3016658/20240129_BHTNW2DSX5_LV7008955993, CGG3016658_LV7008955993
/projects/caeg/data/production/CGG3/0166/CGG3016658/20240129_AHTMWGDSX5_LV7008956113, CGG3016658_LV7008956113
/projects/caeg/data/production/CGG3/0166/CGG3016658/20221212_AHYLLHDSX3_LV7001883324, CGG3016658_LV7001883324
/projects/caeg/data/production/CGG3/0166/CGG3016658/20231201_AHTMGLDSX5_LV7008957271, CGG3016658_LV7008957271
/projects/caeg/data/production/CGG3/0166/CGG3016628/20240129_BHTNW2DSX5_LV7008955959, CGG3016628_LV7008955959
/projects/caeg/data/production/CGG3/0166/CGG3016628/20240129_AHTMWGDSX5_LV7008956103, CGG3016628_LV7008956103
/projects/caeg/data/production/CGG3/0166/CGG3016628/20221212_BH3TMMDSX5_LV7001884310, CGG3016628_LV7001884310
/projects/caeg/data/production/CGG3/0166/CGG3016628/20221212_AHYLLHDSX3_LV7001883350, CGG3016628_LV7001883350
/projects/caeg/data/production/CGG3/0166/CGG3016651/20221212_AHYLLHDSX3_LV7001883373, CGG3016651_LV7001883373
/projects/caeg/data/production/CGG3/0166/CGG3016651/20231201_AHTMGLDSX5_LV7008957320, CGG3016651_LV7008957320
/projects/caeg/data/production/CGG3/0166/CGG3016651/20240129_BHTNW2DSX5_LV7008956042, CGG3016651_LV7008956042
/projects/caeg/data/production/CGG3/0166/CGG3016651/20221212_BH3TMMDSX5_LV7001884345, CGG3016651_LV7001884345
/projects/caeg/data/production/CGG3/0166/CGG3016651/20240129_AHTMWGDSX5_LV7008956174, CGG3016651_LV7008956174
/projects/caeg/data/production/CGG3/0166/CGG3016643/20221212_BH3TMMDSX5_LV7001884273, CGG3016643_LV7001884273
/projects/caeg/data/production/CGG3/0166/CGG3016643/20231201_AHTMGLDSX5_LV7008957260, CGG3016643_LV7008957260
/projects/caeg/data/production/CGG3/0166/CGG3016643/20240129_AHTMWGDSX5_LV7008956102, CGG3016643_LV7008956102
/projects/caeg/data/production/CGG3/0166/CGG3016643/20221212_AHYLLHDSX3_LV7001883313, CGG3016643_LV7001883313
/projects/caeg/data/production/CGG3/0166/CGG3016643/20240129_BHTNW2DSX5_LV7008955958, CGG3016643_LV7008955958
/projects/caeg/data/production/CGG3/0166/CGG3016617/20221212_AHYLLHDSX3_LV7001883338, CGG3016617_LV7001883338
/projects/caeg/data/production/CGG3/0166/CGG3016617/20240129_BHTNW2DSX5_LV7008956056, CGG3016617_LV7008956056
/projects/caeg/data/production/CGG3/0166/CGG3016617/20240129_AHTMWGDSX5_LV7008956188, CGG3016617_LV7008956188
/projects/caeg/data/production/CGG3/0166/CGG3016617/20221212_BH3TMMDSX5_LV7001884298, CGG3016617_LV7001884298
/projects/caeg/data/production/CGG3/0166/CGG3016654/20240129_AHTMWGDSX5_LV7008956077, CGG3016654_LV7008956077
/projects/caeg/data/production/CGG3/0166/CGG3016654/20231201_AHTMGLDSX5_LV7008957247, CGG3016654_LV7008957247
/projects/caeg/data/production/CGG3/0166/CGG3016654/20221212_AHYLLHDSX3_LV7001883409, CGG3016654_LV7001883409
/projects/caeg/data/production/CGG3/0166/CGG3016654/20240129_BHTNW2DSX5_LV7008955933, CGG3016654_LV7008955933
/projects/caeg/data/production/CGG3/0166/CGG3016654/20221212_BH3TMMDSX5_LV7001884381, CGG3016654_LV7001884381
/projects/caeg/data/production/CGG3/0166/CGG3016645/20240129_AHTMWGDSX5_LV7008956114, CGG3016645_LV7008956114
/projects/caeg/data/production/CGG3/0166/CGG3016645/20240129_BHTNW2DSX5_LV7008955994, CGG3016645_LV7008955994
/projects/caeg/data/production/CGG3/0166/CGG3016645/20221212_AHYLLHDSX3_LV7001883325, CGG3016645_LV7001883325
/projects/caeg/data/production/CGG3/0166/CGG3016645/20231201_AHTMGLDSX5_LV7008957272, CGG3016645_LV7008957272
/projects/caeg/data/production/CGG3/0166/CGG3016645/20221212_BH3TMMDSX5_LV7001884285, CGG3016645_LV7001884285
/projects/caeg/data/production/CGG3/0166/CGG3016637/20221212_AHYLLHDSX3_LV7001883386, CGG3016637_LV7001883386
/projects/caeg/data/production/CGG3/0166/CGG3016637/20240129_BHTNW2DSX5_LV7008956031, CGG3016637_LV7008956031
/projects/caeg/data/production/CGG3/0166/CGG3016637/20240129_AHTMWGDSX5_LV7008956139, CGG3016637_LV7008956139
/projects/caeg/data/production/CGG3/0166/CGG3016637/20231201_AHTMGLDSX5_LV7008957224, CGG3016637_LV7008957224
/projects/caeg/data/production/CGG3/0166/CGG3016637/20221212_BH3TMMDSX5_LV7001884358, CGG3016637_LV7001884358
/projects/caeg/data/production/CGG3/0166/CGG3016621/20240129_BHTNW2DSX5_LV7008955923, CGG3016621_LV7008955923
/projects/caeg/data/production/CGG3/0166/CGG3016621/20240129_AHTMWGDSX5_LV7008956067, CGG3016621_LV7008956067
/projects/caeg/data/production/CGG3/0166/CGG3016662/20221212_AHYLLHDSX3_LV7001883348, CGG3016662_LV7001883348
/projects/caeg/data/production/CGG3/0166/CGG3016662/20221212_BH3TMMDSX5_LV7001884308, CGG3016662_LV7001884308
/projects/caeg/data/production/CGG3/0166/CGG3016662/20240129_BHTNW2DSX5_LV7008956029, CGG3016662_LV7008956029
/projects/caeg/data/production/CGG3/0166/CGG3016662/20240129_AHTMWGDSX5_LV7008956137, CGG3016662_LV7008956137
/projects/caeg/data/production/CGG3/0166/CGG3016664/20221212_AHYLLHDSX3_LV7001883372, CGG3016664_LV7001883372
/projects/caeg/data/production/CGG3/0166/CGG3016664/20221212_BH3TMMDSX5_LV7001884344, CGG3016664_LV7001884344
/projects/caeg/data/production/CGG3/0166/CGG3016664/20231201_AHTMGLDSX5_LV7008957319, CGG3016664_LV7008957319
/projects/caeg/data/production/CGG3/0166/CGG3016664/20240129_BHTNW2DSX5_LV7008953911, CGG3016664_LV7008953911
/projects/caeg/data/production/CGG3/0166/CGG3016664/20240129_AHTMWGDSX5_LV7008956185, CGG3016664_LV7008956185
/projects/caeg/data/production/CGG3/0166/CGG3016668/20240129_BHTNW2DSX5_LV7008955932, CGG3016668_LV7008955932
/projects/caeg/data/production/CGG3/0166/CGG3016668/20231201_AHTMGLDSX5_LV7008957234, CGG3016668_LV7008957234
/projects/caeg/data/production/CGG3/0166/CGG3016668/20221212_BH3TMMDSX5_LV7001884368, CGG3016668_LV7001884368
/projects/caeg/data/production/CGG3/0166/CGG3016668/20240129_AHTMWGDSX5_LV7008956076, CGG3016668_LV7008956076
/projects/caeg/data/production/CGG3/0166/CGG3016668/20221212_AHYLLHDSX3_LV7001883396, CGG3016668_LV7001883396
/projects/caeg/data/production/CGG3/0166/CGG3016653/20221212_BH3TMMDSX5_LV7001884369, CGG3016653_LV7001884369
/projects/caeg/data/production/CGG3/0166/CGG3016653/20231201_AHTMGLDSX5_LV7008957235, CGG3016653_LV7008957235
/projects/caeg/data/production/CGG3/0166/CGG3016653/20240129_AHTMWGDSX5_LV7008956065, CGG3016653_LV7008956065
/projects/caeg/data/production/CGG3/0166/CGG3016653/20221212_AHYLLHDSX3_LV7001883397, CGG3016653_LV7001883397
/projects/caeg/data/production/CGG3/0166/CGG3016653/20240129_BHTNW2DSX5_LV7008955921, CGG3016653_LV7008955921
/projects/caeg/data/production/CGG3/0166/CGG3016652/20240129_BHTNW2DSX5_LV7008956054, CGG3016652_LV7008956054
/projects/caeg/data/production/CGG3/0166/CGG3016652/20231201_AHTMGLDSX5_LV7008957223, CGG3016652_LV7008957223
/projects/caeg/data/production/CGG3/0166/CGG3016652/20240129_AHTMWGDSX5_LV7008956186, CGG3016652_LV7008956186
/projects/caeg/data/production/CGG3/0166/CGG3016652/20221212_BH3TMMDSX5_LV7001884357, CGG3016652_LV7001884357
/projects/caeg/data/production/CGG3/0166/CGG3016652/20221212_AHYLLHDSX3_LV7001883385, CGG3016652_LV7001883385
/projects/caeg/data/production/CGG3/0166/CGG3016625/20240129_AHTMWGDSX5_LV7008956079, CGG3016625_LV7008956079
/projects/caeg/data/production/CGG3/0166/CGG3016625/20240129_BHTNW2DSX5_LV7008955935, CGG3016625_LV7008955935
/projects/caeg/data/production/CGG3/0166/CGG3016639/20231201_AHTMGLDSX5_LV7008957236, CGG3016639_LV7008957236
/projects/caeg/data/production/CGG3/0166/CGG3016639/20240129_AHTMWGDSX5_LV7008956066, CGG3016639_LV7008956066
/projects/caeg/data/production/CGG3/0166/CGG3016639/20221212_AHYLLHDSX3_LV7001883398, CGG3016639_LV7001883398
/projects/caeg/data/production/CGG3/0166/CGG3016639/20240129_BHTNW2DSX5_LV7008955922, CGG3016639_LV7008955922
/projects/caeg/data/production/CGG3/0166/CGG3016639/20221212_BH3TMMDSX5_LV7001884370, CGG3016639_LV7001884370
/projects/caeg/data/production/CGG3/0166/CGG3016656/20240129_AHTMWGDSX5_LV7008956101, CGG3016656_LV7008956101
/projects/caeg/data/production/CGG3/0166/CGG3016656/20240129_BHTNW2DSX5_LV7008955957, CGG3016656_LV7008955957
/projects/caeg/data/production/CGG3/0166/CGG3016656/20221212_AHYLLHDSX3_LV7001883312, CGG3016656_LV7001883312
/projects/caeg/data/production/CGG3/0166/CGG3016656/20231201_AHTMGLDSX5_LV7008957259, CGG3016656_LV7008957259
/projects/caeg/data/production/CGG3/0166/CGG3016656/20221212_BH3TMMDSX5_LV7001884272, CGG3016656_LV7001884272
/projects/caeg/data/production/CGG3/0166/CGG3016647/20221212_BH3TMMDSX5_LV7001884297, CGG3016647_LV7001884297
/projects/caeg/data/production/CGG3/0166/CGG3016647/20231201_AHTMGLDSX5_LV7008957296, CGG3016647_LV7008957296
/projects/caeg/data/production/CGG3/0166/CGG3016647/20240129_AHTMWGDSX5_LV7008956126, CGG3016647_LV7008956126
/projects/caeg/data/production/CGG3/0166/CGG3016647/20221212_AHYLLHDSX3_LV7001883337, CGG3016647_LV7001883337
/projects/caeg/data/production/CGG3/0166/CGG3016647/20240129_BHTNW2DSX5_LV7008956006, CGG3016647_LV7008956006
/projects/caeg/data/production/CGG3/0166/CGG3016660/20240129_BHTNW2DSX5_LV7008956005, CGG3016660_LV7008956005
/projects/caeg/data/production/CGG3/0166/CGG3016660/20231201_AHTMGLDSX5_LV7008957295, CGG3016660_LV7008957295
/projects/caeg/data/production/CGG3/0166/CGG3016660/20221212_AHYLLHDSX3_LV7001883336, CGG3016660_LV7001883336
/projects/caeg/data/production/CGG3/0166/CGG3016660/20240129_AHTMWGDSX5_LV7009030995, CGG3016660_LV7009030995
/projects/caeg/data/production/CGG3/0166/CGG3016660/20221212_BH3TMMDSX5_LV7001884296, CGG3016660_LV7001884296
/projects/caeg/data/production/CGG3/0166/CGG3016666/20231201_AHTMGLDSX5_LV7008957222, CGG3016666_LV7008957222
/projects/caeg/data/production/CGG3/0166/CGG3016666/20221212_BH3TMMDSX5_LV7001884356, CGG3016666_LV7001884356
/projects/caeg/data/production/CGG3/0166/CGG3016666/20240129_AHTMWGDSX5_LV7008956064, CGG3016666_LV7008956064
/projects/caeg/data/production/CGG3/0166/CGG3016666/20221212_AHYLLHDSX3_LV7001883384, CGG3016666_LV7001883384
/projects/caeg/data/production/CGG3/0166/CGG3016666/20240129_BHTNW2DSX5_LV7008953854, CGG3016666_LV7008953854
/projects/caeg/data/production/CGG3/0166/CGG3016635/20221212_AHYLLHDSX3_LV7001883374, CGG3016635_LV7001883374
/projects/caeg/data/production/CGG3/0166/CGG3016635/20240129_AHTMWGDSX5_LV7008956127, CGG3016635_LV7008956127
/projects/caeg/data/production/CGG3/0166/CGG3016635/20240129_BHTNW2DSX5_LV7008956007, CGG3016635_LV7008956007
/projects/caeg/data/production/CGG3/0166/CGG3016635/20221212_BH3TMMDSX5_LV7001884346, CGG3016635_LV7001884346
/projects/caeg/data/production/CGG3/0166/CGG3016631/20240129_AHTMWGDSX5_LV7008956115, CGG3016631_LV7008956115
/projects/caeg/data/production/CGG3/0166/CGG3016631/20240129_BHTNW2DSX5_LV7008955995, CGG3016631_LV7008955995
/projects/caeg/data/production/CGG3/0156/CGG3015671/20221209_HYMCFDSX3_LV7001886307, CGG3015671_LV7001886307
/projects/caeg/data/production/CGG3/0156/CGG3015675/20221209_HYMCFDSX3_LV7001886234, CGG3015675_LV7001886234
/projects/caeg/data/production/CGG3/0156/CGG3015669/20221209_HYMCFDSX3_LV7001886295, CGG3015669_LV7001886295
/projects/caeg/data/production/CGG3/0156/CGG3015682/20221209_HYMCFDSX3_LV7001886282, CGG3015682_LV7001886282
/projects/caeg/data/production/CGG3/0156/CGG3015680/20221209_HYMCFDSX3_LV7001886270, CGG3015680_LV7001886270
/projects/caeg/data/production/CGG3/0156/CGG3015678/20221209_HYMCFDSX3_LV7001886258, CGG3015678_LV7001886258
/projects/caeg/data/production/CGG3/0156/CGG3015672/20221209_HYMCFDSX3_LV7001886319, CGG3015672_LV7001886319
/projects/caeg/data/production/CGG3/0156/CGG3015684/20221209_HYMCFDSX3_LV7001886294, CGG3015684_LV7001886294
/projects/caeg/data/production/CGG3/0170/CGG3017099/20221118_HYLFMDSX3_LV3003047468, CGG3017099_LV3003047468
/projects/caeg/data/production/CGG3/0170/CGG3017094/20221118_HYLFMDSX3_LV3003047508, CGG3017094_LV3003047508
/projects/caeg/data/production/CGG3/0170/CGG3017090/20221118_HYLFMDSX3_LV3003047451, CGG3017090_LV3003047451
/projects/caeg/data/production/CGG3/0170/CGG3017093/20221118_HYLFMDSX3_LV3003047495, CGG3017093_LV3003047495
/projects/caeg/data/production/CGG3/0170/CGG3017096/20221118_HYLFMDSX3_LV3003047538, CGG3017096_LV3003047538
/projects/caeg/data/production/CGG3/0170/CGG3017097/20221118_HYLFMDSX3_LV3003047439, CGG3017097_LV3003047439
/projects/caeg/data/production/CGG3/0170/CGG3017000/20230426_BHMGLVDSX5_LV7001897493, CGG3017000_LV7001897493
/projects/caeg/data/production/CGG3/0170/CGG3017095/20221118_HYLFMDSX3_LV3003047522, CGG3017095_LV3003047522
/projects/caeg/data/production/CGG3/0170/CGG3017091/20221118_HYLFMDSX3_LV3003047464, CGG3017091_LV3003047464
/projects/caeg/data/production/CGG3/0170/CGG3017092/20221118_HYLFMDSX3_LV3003047481, CGG3017092_LV3003047481
/projects/caeg/data/production/CGG3/0170/CGG3017001/20230426_BHMGLVDSX5_LV7001897505, CGG3017001_LV7001897505
/projects/caeg/data/production/CGG3/0170/CGG3017089/20221118_HYLFMDSX3_LV3003047438, CGG3017089_LV3003047438
/projects/caeg/data/production/CGG3/0170/CGG3017098/20221118_HYLFMDSX3_LV3003047452, CGG3017098_LV3003047452
/projects/caeg/data/production/CGG3/0190/CGG3019014/20240227_BH3CGFDSX7_LV7008957439, CGG3019014_LV7008957439
/projects/caeg/data/production/CGG3/0190/CGG3019057/20240227_BH3CGFDSX7_LV7008957544, CGG3019057_LV7008957544
/projects/caeg/data/production/CGG3/0190/CGG3019040/20240227_BH3CGFDSX7_LV7008957472, CGG3019040_LV7008957472
/projects/caeg/data/production/CGG3/0190/CGG3019003/20240209_BH37VJDSX7_LV7008955845, CGG3019003_LV7008955845
/projects/caeg/data/production/CGG3/0190/CGG3019011/20240227_BH3CGFDSX7_LV7008957512, CGG3019011_LV7008957512
/projects/caeg/data/production/CGG3/0190/CGG3019034/20240227_BH3CGFDSX7_LV7008957497, CGG3019034_LV7008957497
/projects/caeg/data/production/CGG3/0190/CGG3019037/20240227_BH3CGFDSX7_LV7008957545, CGG3019037_LV7008957545
/projects/caeg/data/production/CGG3/0190/CGG3019058/20240227_BH3CGFDSX7_LV7008957435, CGG3019058_LV7008957435
/projects/caeg/data/production/CGG3/0190/CGG3019038/20240227_BH3CGFDSX7_LV7008957326, CGG3019038_LV7008957326
/projects/caeg/data/production/CGG3/0190/CGG3019013/20240227_BH3CGFDSX7_LV7008957548, CGG3019013_LV7008957548
/projects/caeg/data/production/CGG3/0190/CGG3019017/20240227_BH3CGFDSX7_LV7008957487, CGG3019017_LV7008957487
/projects/caeg/data/production/CGG3/0190/CGG3019020/20240227_BH3CGFDSX7_LV7008957523, CGG3019020_LV7008957523
/projects/caeg/data/production/CGG3/0190/CGG3019033/20240227_BH3CGFDSX7_LV7008957485, CGG3019033_LV7008957485
/projects/caeg/data/production/CGG3/0190/CGG3019008/20240227_BH3CGFDSX7_LV7008957476, CGG3019008_LV7008957476
/projects/caeg/data/production/CGG3/0190/CGG3019036/20240227_BH3CGFDSX7_LV7008957521, CGG3019036_LV7008957521
/projects/caeg/data/production/CGG3/0190/CGG3019021/20240227_BH3CGFDSX7_LV7008957547, CGG3019021_LV7008957547
/projects/caeg/data/production/CGG3/0190/CGG3019007/20240227_BH3CGFDSX7_LV7008957452, CGG3019007_LV7008957452
/projects/caeg/data/production/CGG3/0190/CGG3019035/20240227_BH3CGFDSX7_LV7008957509, CGG3019035_LV7008957509
/projects/caeg/data/production/CGG3/0190/CGG3019005/20240209_BH37VJDSX7_LV7008955881, CGG3019005_LV7008955881
/projects/caeg/data/production/CGG3/0190/CGG3019060/20240227_BH3CGFDSX7_LV7008957471, CGG3019060_LV7008957471
/projects/caeg/data/production/CGG3/0190/CGG3019019/20240227_BH3CGFDSX7_LV7008957511, CGG3019019_LV7008957511
/projects/caeg/data/production/CGG3/0190/CGG3019004/20240209_BH37VJDSX7_LV7008955857, CGG3019004_LV7008955857
/projects/caeg/data/production/CGG3/0190/CGG3019054/20240227_BH3CGFDSX7_LV7008957496, CGG3019054_LV7008957496
/projects/caeg/data/production/CGG3/0190/CGG3019031/20240227_BH3CGFDSX7_LV7008957449, CGG3019031_LV7008957449
/projects/caeg/data/production/CGG3/0190/CGG3019010/20240227_BH3CGFDSX7_LV7008957500, CGG3019010_LV7008957500
/projects/caeg/data/production/CGG3/0190/CGG3019059/20240227_BH3CGFDSX7_LV7008957447, CGG3019059_LV7008957447
/projects/caeg/data/production/CGG3/0190/CGG3019006/20240227_BH3CGFDSX7_LV7008957332, CGG3019006_LV7008957332
/projects/caeg/data/production/CGG3/0190/CGG3019015/20240227_BH3CGFDSX7_LV7008957451, CGG3019015_LV7008957451
/projects/caeg/data/production/CGG3/0190/CGG3019055/20240227_BH3CGFDSX7_LV7008957508, CGG3019055_LV7008957508
/projects/caeg/data/production/CGG3/0190/CGG3019039/20240227_BH3CGFDSX7_LV7008957448, CGG3019039_LV7008957448
/projects/caeg/data/production/CGG3/0190/CGG3019030/20240227_BH3CGFDSX7_LV7008957327, CGG3019030_LV7008957327
/projects/caeg/data/production/CGG3/0190/CGG3019012/20240227_BH3CGFDSX7_LV7008957524, CGG3019012_LV7008957524
/projects/caeg/data/production/CGG3/0190/CGG3019025/20240227_BH3CGFDSX7_LV7008957486, CGG3019025_LV7008957486
/projects/caeg/data/production/CGG3/0190/CGG3019009/20240227_BH3CGFDSX7_LV7008957488, CGG3019009_LV7008957488
/projects/caeg/data/production/CGG3/0190/CGG3019028/20240227_BH3CGFDSX7_LV7008957522, CGG3019028_LV7008957522
/projects/caeg/data/production/CGG3/0190/CGG3019024/20240227_BH3CGFDSX7_LV7008957474, CGG3019024_LV7008957474
/projects/caeg/data/production/CGG3/0190/CGG3019018/20240227_BH3CGFDSX7_LV7008957499, CGG3019018_LV7008957499
/projects/caeg/data/production/CGG3/0190/CGG3019027/20240227_BH3CGFDSX7_LV7008957510, CGG3019027_LV7008957510
/projects/caeg/data/production/CGG3/0190/CGG3019056/20240227_BH3CGFDSX7_LV7008957520, CGG3019056_LV7008957520
/projects/caeg/data/production/CGG3/0190/CGG3019026/20240227_BH3CGFDSX7_LV7008957498, CGG3019026_LV7008957498
/projects/caeg/data/production/CGG3/0190/CGG3019023/20240227_BH3CGFDSX7_LV7008957450, CGG3019023_LV7008957450
/projects/caeg/data/production/CGG3/0190/CGG3019016/20240227_BH3CGFDSX7_LV7008957475, CGG3019016_LV7008957475
/projects/caeg/data/production/CGG3/0190/CGG3019022/20240227_BH3CGFDSX7_LV7008957438, CGG3019022_LV7008957438
/projects/caeg/data/production/CGG3/0190/CGG3019032/20240227_BH3CGFDSX7_LV7008957543, CGG3019032_LV7008957543
/projects/caeg/data/production/CGG3/0190/CGG3019041/20240227_BH3CGFDSX7_LV7008957484, CGG3019041_LV7008957484
/projects/caeg/data/production/CGG3/0190/CGG3019029/20240227_BH3CGFDSX7_LV7008957546, CGG3019029_LV7008957546
/projects/caeg/data/production/CGG3/0168/CGG3016893/20230503_AHMGJFDSX5_LV7001898062, CGG3016893_LV7001898062
/projects/caeg/data/production/CGG3/0168/CGG3016898/20230503_AHMGJFDSX5_LV7001898134, CGG3016898_LV7001898134
/projects/caeg/data/production/CGG3/0168/CGG3016886/20230503_AHMGJFDSX5_LV7001898075, CGG3016886_LV7001898075
/projects/caeg/data/production/CGG3/0168/CGG3016896/20230503_AHMGJFDSX5_LV7001898098, CGG3016896_LV7001898098
/projects/caeg/data/production/CGG3/0168/CGG3016894/20230503_AHMGJFDSX5_LV7001898074, CGG3016894_LV7001898074
/projects/caeg/data/production/CGG3/0168/CGG3016892/20230503_AHMGJFDSX5_LV7001871017, CGG3016892_LV7001871017
/projects/caeg/data/production/CGG3/0168/CGG3016889/20230503_AHMGJFDSX5_LV7001898111, CGG3016889_LV7001898111
/projects/caeg/data/production/CGG3/0168/CGG3016890/20230503_AHMGJFDSX5_LV7001898135, CGG3016890_LV7001898135
/projects/caeg/data/production/CGG3/0168/CGG3016887/20230503_AHMGJFDSX5_LV7001898087, CGG3016887_LV7001898087
/projects/caeg/data/production/CGG3/0168/CGG3016899/20230503_AHMGJFDSX5_LV7001898146, CGG3016899_LV7001898146
/projects/caeg/data/production/CGG3/0168/CGG3016888/20230503_AHMGJFDSX5_LV7001898099, CGG3016888_LV7001898099
/projects/caeg/data/production/CGG3/0168/CGG3016895/20230503_AHMGJFDSX5_LV7001898086, CGG3016895_LV7001898086
/projects/caeg/data/production/CGG3/0168/CGG3016897/20230503_AHMGJFDSX5_LV7001898110, CGG3016897_LV7001898110
/projects/caeg/data/production/CGG3/0113/CGG3011326/20221216_HYLKKDSX3_LV7001886154, CGG3011326_LV7001886154
/projects/caeg/data/production/CGG3/0113/CGG3011326/20221214_HYLVJDSX3_LV7001886160, CGG3011326_LV7001886160
/projects/caeg/data/production/CGG3/0113/CGG3011326/20221216_HYLKKDSX3_LV7001886130, CGG3011326_LV7001886130
/projects/caeg/data/production/CGG3/0113/CGG3011326/20221214_HYLVJDSX3_LV7001886136, CGG3011326_LV7001886136
/projects/caeg/data/production/CGG3/0113/CGG3011329/20221214_HYLVJDSX3_LV7001886232, CGG3011329_LV7001886232
/projects/caeg/data/production/CGG3/0113/CGG3011329/20221214_HYLVJDSX3_LV7001886196, CGG3011329_LV7001886196
/projects/caeg/data/production/CGG3/0113/CGG3011329/20221214_HYLVJDSX3_LV7001886172, CGG3011329_LV7001886172
/projects/caeg/data/production/CGG3/0113/CGG3011329/20221214_HYLVJDSX3_LV7001886208, CGG3011329_LV7001886208
/projects/caeg/data/production/CGG3/0113/CGG3011329/20221216_HYLKKDSX3_LV7001886202, CGG3011329_LV7001886202
/projects/caeg/data/production/CGG3/0113/CGG3011329/20221216_HYLKKDSX3_LV7001886166, CGG3011329_LV7001886166
/projects/caeg/data/production/CGG3/0113/CGG3011329/20221216_HYLKKDSX3_LV7001886214, CGG3011329_LV7001886214
/projects/caeg/data/production/CGG3/0113/CGG3011329/20221216_HYLKKDSX3_LV7001886190, CGG3011329_LV7001886190
/projects/caeg/data/production/CGG3/0113/CGG3011329/20221216_HYLKKDSX3_LV7001886178, CGG3011329_LV7001886178
/projects/caeg/data/production/CGG3/0113/CGG3011329/20221214_HYLVJDSX3_LV7001886184, CGG3011329_LV7001886184
/projects/caeg/data/production/CGG3/0113/CGG3011329/20221216_HYLKKDSX3_LV7001886226, CGG3011329_LV7001886226
/projects/caeg/data/production/CGG3/0113/CGG3011329/20221214_HYLVJDSX3_LV7001886220, CGG3011329_LV7001886220
/projects/caeg/data/production/CGG3/0126/CGG3012638/20221214_HYLVJDSX3_LV7001886181, CGG3012638_LV7001886181
/projects/caeg/data/production/CGG3/0126/CGG3012638/20221216_HYLKKDSX3_LV7001886175, CGG3012638_LV7001886175
/projects/caeg/data/production/CGG3/0126/CGG3012617/20221216_HYLKKDSX3_LV7001886224, CGG3012617_LV7001886224
/projects/caeg/data/production/CGG3/0126/CGG3012617/20221214_HYLVJDSX3_LV7001886230, CGG3012617_LV7001886230
/projects/caeg/data/production/CGG3/0126/CGG3012628/20221214_HYLVJDSX3_LV7001886133, CGG3012628_LV7001886133
/projects/caeg/data/production/CGG3/0126/CGG3012628/20221216_HYLKKDSX3_LV7001886149, CGG3012628_LV7001886149
/projects/caeg/data/production/CGG3/0126/CGG3012647/20221214_HYLVJDSX3_LV7001886193, CGG3012647_LV7001886193
/projects/caeg/data/production/CGG3/0126/CGG3012647/20221216_HYLKKDSX3_LV7001886187, CGG3012647_LV7001886187
/projects/caeg/data/production/CGG3/0126/CGG3012633/20221214_HYLVJDSX3_LV7001886157, CGG3012633_LV7001886157
/projects/caeg/data/production/CGG3/0126/CGG3012633/20221216_HYLKKDSX3_LV7002015484, CGG3012633_LV7002015484
/projects/caeg/data/production/CGG3/0126/CGG3012634/20221216_HYLKKDSX3_LV7001886163, CGG3012634_LV7001886163
/projects/caeg/data/production/CGG3/0126/CGG3012634/20221214_HYLVJDSX3_LV7001886169, CGG3012634_LV7001886169
/projects/caeg/data/production/CGG3/0171/CGG3017142/20221118_HYLFMDSX3_LV3003047445, CGG3017142_LV3003047445
/projects/caeg/data/production/CGG3/0171/CGG3017186/20221118_HYLFMDSX3_LV7001885848, CGG3017186_LV7001885848
/projects/caeg/data/production/CGG3/0171/CGG3017167/20221118_HYLFMDSX3_LV3003047461, CGG3017167_LV3003047461
/projects/caeg/data/production/CGG3/0171/CGG3017188/20221118_HYLFMDSX3_LV7001885739, CGG3017188_LV7001885739
/projects/caeg/data/production/CGG3/0171/CGG3017126/20221118_HYLFMDSX3_LV3003047526, CGG3017126_LV3003047526
/projects/caeg/data/production/CGG3/0171/CGG3017108/20221118_HYLFMDSX3_LV3003047497, CGG3017108_LV3003047497
/projects/caeg/data/production/CGG3/0171/CGG3017197/20221118_HYLFMDSX3_LV7001885750, CGG3017197_LV7001885750
/projects/caeg/data/production/CGG3/0171/CGG3017147/20221118_HYLFMDSX3_LV3003047517, CGG3017147_LV3003047517
/projects/caeg/data/production/CGG3/0171/CGG3017141/20221118_HYLFMDSX3_LV3003047545, CGG3017141_LV3003047545
/projects/caeg/data/production/CGG3/0171/CGG3017140/20221118_HYLFMDSX3_LV3003047529, CGG3017140_LV3003047529
/projects/caeg/data/production/CGG3/0171/CGG3017121/20221118_HYLFMDSX3_LV3003047455, CGG3017121_LV3003047455
/projects/caeg/data/production/CGG3/0171/CGG3017115/20221118_HYLFMDSX3_LV3003047485, CGG3017115_LV3003047485
/projects/caeg/data/production/CGG3/0171/CGG3017118/20221118_HYLFMDSX3_LV3003047525, CGG3017118_LV3003047525
/projects/caeg/data/production/CGG3/0171/CGG3017116/20221118_HYLFMDSX3_LV3003047498, CGG3017116_LV3003047498
/projects/caeg/data/production/CGG3/0171/CGG3017130/20221118_HYLFMDSX3_LV3003047472, CGG3017130_LV3003047472
/projects/caeg/data/production/CGG3/0171/CGG3017143/20221118_HYLFMDSX3_LV3003047458, CGG3017143_LV3003047458
/projects/caeg/data/production/CGG3/0171/CGG3017153/20221118_HYLFMDSX3_LV3003047491, CGG3017153_LV3003047491
/projects/caeg/data/production/CGG3/0171/CGG3017109/20221118_HYLFMDSX3_LV3003047510, CGG3017109_LV3003047510
/projects/caeg/data/production/CGG3/0171/CGG3017183/20221118_HYLFMDSX3_LV7001885812, CGG3017183_LV7001885812
/projects/caeg/data/production/CGG3/0171/CGG3017180/20221118_HYLFMDSX3_LV7001885740, CGG3017180_LV7001885740
/projects/caeg/data/production/CGG3/0171/CGG3017185/20221118_HYLFMDSX3_LV7001885836, CGG3017185_LV7001885836
/projects/caeg/data/production/CGG3/0171/CGG3017107/20221118_HYLFMDSX3_LV3003047483, CGG3017107_LV3003047483
/projects/caeg/data/production/CGG3/0171/CGG3017117/20221118_HYLFMDSX3_LV3003047513, CGG3017117_LV3003047513
/projects/caeg/data/production/CGG3/0171/CGG3017161/20221118_HYLFMDSX3_LV3003047492, CGG3017161_LV3003047492
/projects/caeg/data/production/CGG3/0171/CGG3017157/20221118_HYLFMDSX3_LV3003047548, CGG3017157_LV3003047548
/projects/caeg/data/production/CGG3/0171/CGG3017137/20221118_HYLFMDSX3_LV3003047488, CGG3017137_LV3003047488
/projects/caeg/data/production/CGG3/0171/CGG3017128/20221118_HYLFMDSX3_LV3003047443, CGG3017128_LV3003047443
/projects/caeg/data/production/CGG3/0171/CGG3017138/20221118_HYLFMDSX3_LV3003047502, CGG3017138_LV3003047502
/projects/caeg/data/production/CGG3/0171/CGG3017170/20221118_HYLFMDSX3_LV3003047506, CGG3017170_LV3003047506
/projects/caeg/data/production/CGG3/0171/CGG3017122/20221118_HYLFMDSX3_LV3003047471, CGG3017122_LV3003047471
/projects/caeg/data/production/CGG3/0171/CGG3017166/20221118_HYLFMDSX3_LV3003047449, CGG3017166_LV3003047449
/projects/caeg/data/production/CGG3/0171/CGG3017119/20221118_HYLFMDSX3_LV3003047541, CGG3017119_LV3003047541
/projects/caeg/data/production/CGG3/0171/CGG3017104/20221118_HYLFMDSX3_LV3003047539, CGG3017104_LV3003047539
/projects/caeg/data/production/CGG3/0171/CGG3017168/20221118_HYLFMDSX3_LV3003047478, CGG3017168_LV3003047478
/projects/caeg/data/production/CGG3/0171/CGG3017110/20221118_HYLFMDSX3_LV3003047524, CGG3017110_LV3003047524
/projects/caeg/data/production/CGG3/0171/CGG3017133/20221118_HYLFMDSX3_LV3003047515, CGG3017133_LV3003047515
/projects/caeg/data/production/CGG3/0171/CGG3017181/20221118_HYLFMDSX3_LV7001885752, CGG3017181_LV7001885752
/projects/caeg/data/production/CGG3/0171/CGG3017125/20221118_HYLFMDSX3_LV3003047514, CGG3017125_LV3003047514
/projects/caeg/data/production/CGG3/0171/CGG3017176/20221118_HYLFMDSX3_LV3003047479, CGG3017176_LV3003047479
/projects/caeg/data/production/CGG3/0171/CGG3017101/20221118_HYLFMDSX3_LV3003047496, CGG3017101_LV3003047496
/projects/caeg/data/production/CGG3/0171/CGG3017159/20221118_HYLFMDSX3_LV3003047460, CGG3017159_LV3003047460
/projects/caeg/data/production/CGG3/0171/CGG3017165/20221118_HYLFMDSX3_LV3003047549, CGG3017165_LV3003047549
/projects/caeg/data/production/CGG3/0171/CGG3017100/20221118_HYLFMDSX3_LV3003047482, CGG3017100_LV3003047482
/projects/caeg/data/production/CGG3/0171/CGG3017173/20221118_HYLFMDSX3_LV3003047553, CGG3017173_LV3003047553
/projects/caeg/data/production/CGG3/0171/CGG3017114/20221118_HYLFMDSX3_LV3003047470, CGG3017114_LV3003047470
/projects/caeg/data/production/CGG3/0171/CGG3017124/20221118_HYLFMDSX3_LV3003047499, CGG3017124_LV3003047499
/projects/caeg/data/production/CGG3/0171/CGG3017174/20221118_HYLFMDSX3_LV3003047450, CGG3017174_LV3003047450
/projects/caeg/data/production/CGG3/0171/CGG3017190/20221118_HYLFMDSX3_LV7001885799, CGG3017190_LV7001885799
/projects/caeg/data/production/CGG3/0171/CGG3017164/20221118_HYLFMDSX3_LV3003047533, CGG3017164_LV3003047533
/projects/caeg/data/production/CGG3/0171/CGG3017156/20221118_HYLFMDSX3_LV3003047531, CGG3017156_LV3003047531
/projects/caeg/data/production/CGG3/0171/CGG3017191/20221118_HYLFMDSX3_LV7001885811, CGG3017191_LV7001885811
/projects/caeg/data/production/CGG3/0171/CGG3017106/20221118_HYLFMDSX3_LV3003047469, CGG3017106_LV3003047469
/projects/caeg/data/production/CGG3/0171/CGG3017123/20221118_HYLFMDSX3_LV3003047486, CGG3017123_LV3003047486
/projects/caeg/data/production/CGG3/0171/CGG3017151/20221118_HYLFMDSX3_LV3003047459, CGG3017151_LV3003047459
/projects/caeg/data/production/CGG3/0171/CGG3017179/20221118_HYLFMDSX3_LV3003047521, CGG3017179_LV3003047521
/projects/caeg/data/production/CGG3/0171/CGG3017160/20221118_HYLFMDSX3_LV3003047476, CGG3017160_LV3003047476
/projects/caeg/data/production/CGG3/0171/CGG3017150/20221118_HYLFMDSX3_LV3003047446, CGG3017150_LV3003047446
/projects/caeg/data/production/CGG3/0171/CGG3017145/20221118_HYLFMDSX3_LV3003047490, CGG3017145_LV3003047490
/projects/caeg/data/production/CGG3/0171/CGG3017132/20221118_HYLFMDSX3_LV3003047500, CGG3017132_LV3003047500
/projects/caeg/data/production/CGG3/0171/CGG3017111/20221118_HYLFMDSX3_LV3003047540, CGG3017111_LV3003047540
/projects/caeg/data/production/CGG3/0171/CGG3017184/20221118_HYLFMDSX3_LV7001885824, CGG3017184_LV7001885824
/projects/caeg/data/production/CGG3/0171/CGG3017162/20221118_HYLFMDSX3_LV3003047505, CGG3017162_LV3003047505
/projects/caeg/data/production/CGG3/0171/CGG3017102/20221118_HYLFMDSX3_LV3003047509, CGG3017102_LV3003047509
/projects/caeg/data/production/CGG3/0171/CGG3017158/20221118_HYLFMDSX3_LV3003047447, CGG3017158_LV3003047447
/projects/caeg/data/production/CGG3/0171/CGG3017187/20221118_HYLFMDSX3_LV7001885860, CGG3017187_LV7001885860
/projects/caeg/data/production/CGG3/0171/CGG3017171/20221118_HYLFMDSX3_LV3003047520, CGG3017171_LV3003047520
/projects/caeg/data/production/CGG3/0171/CGG3017178/20221118_HYLFMDSX3_LV3003047507, CGG3017178_LV3003047507
/projects/caeg/data/production/CGG3/0171/CGG3017148/20221118_HYLFMDSX3_LV3003047530, CGG3017148_LV3003047530
/projects/caeg/data/production/CGG3/0171/CGG3017194/20221118_HYLFMDSX3_LV7001885847, CGG3017194_LV7001885847
/projects/caeg/data/production/CGG3/0171/CGG3017154/20221118_HYLFMDSX3_LV3003047504, CGG3017154_LV3003047504
/projects/caeg/data/production/CGG3/0171/CGG3017127/20221118_HYLFMDSX3_LV3003047542, CGG3017127_LV3003047542
/projects/caeg/data/production/CGG3/0171/CGG3017131/20221118_HYLFMDSX3_LV3003047487, CGG3017131_LV3003047487
/projects/caeg/data/production/CGG3/0171/CGG3017195/20221118_HYLFMDSX3_LV7001885858, CGG3017195_LV7001885858
/projects/caeg/data/production/CGG3/0171/CGG3017112/20221118_HYLFMDSX3_LV3003047441, CGG3017112_LV3003047441
/projects/caeg/data/production/CGG3/0171/CGG3017146/20221118_HYLFMDSX3_LV3003047503, CGG3017146_LV3003047503
/projects/caeg/data/production/CGG3/0171/CGG3017169/20221118_HYLFMDSX3_LV3003047493, CGG3017169_LV3003047493
/projects/caeg/data/production/CGG3/0171/CGG3017192/20221118_HYLFMDSX3_LV7001885823, CGG3017192_LV7001885823
/projects/caeg/data/production/CGG3/0171/CGG3017172/20221118_HYLFMDSX3_LV3003047535, CGG3017172_LV3003047535
/projects/caeg/data/production/CGG3/0171/CGG3017149/20221118_HYLFMDSX3_LV3003047547, CGG3017149_LV3003047547
/projects/caeg/data/production/CGG3/0171/CGG3017144/20221118_HYLFMDSX3_LV3003047474, CGG3017144_LV3003047474
/projects/caeg/data/production/CGG3/0171/CGG3017139/20221118_HYLFMDSX3_LV3003047516, CGG3017139_LV3003047516
/projects/caeg/data/production/CGG3/0171/CGG3017105/20221118_HYLFMDSX3_LV3003047440, CGG3017105_LV3003047440
/projects/caeg/data/production/CGG3/0171/CGG3017103/20221118_HYLFMDSX3_LV3003047523, CGG3017103_LV3003047523
/projects/caeg/data/production/CGG3/0171/CGG3017189/20221118_HYLFMDSX3_LV7001885751, CGG3017189_LV7001885751
/projects/caeg/data/production/CGG3/0171/CGG3017198/20221118_HYLFMDSX3_LV7001885798, CGG3017198_LV7001885798
/projects/caeg/data/production/CGG3/0171/CGG3017196/20221118_HYLFMDSX3_LV7001885738, CGG3017196_LV7001885738
/projects/caeg/data/production/CGG3/0171/CGG3017134/20221118_HYLFMDSX3_LV3003047444, CGG3017134_LV3003047444
/projects/caeg/data/production/CGG3/0171/CGG3017129/20221118_HYLFMDSX3_LV3003047456, CGG3017129_LV3003047456
/projects/caeg/data/production/CGG3/0171/CGG3017152/20221118_HYLFMDSX3_LV3003047475, CGG3017152_LV3003047475
/projects/caeg/data/production/CGG3/0171/CGG3017120/20221118_HYLFMDSX3_LV3003047442, CGG3017120_LV3003047442
/projects/caeg/data/production/CGG3/0171/CGG3017135/20221118_HYLFMDSX3_LV3003047457, CGG3017135_LV3003047457
/projects/caeg/data/production/CGG3/0171/CGG3017113/20221118_HYLFMDSX3_LV3003047454, CGG3017113_LV3003047454
/projects/caeg/data/production/CGG3/0171/CGG3017199/20221118_HYLFMDSX3_LV7001885810, CGG3017199_LV7001885810
/projects/caeg/data/production/CGG3/0171/CGG3017175/20221118_HYLFMDSX3_LV3003047463, CGG3017175_LV3003047463
/projects/caeg/data/production/CGG3/0171/CGG3017182/20221118_HYLFMDSX3_LV7001885800, CGG3017182_LV7001885800
/projects/caeg/data/production/CGG3/0171/CGG3017155/20221118_HYLFMDSX3_LV3003047518, CGG3017155_LV3003047518
/projects/caeg/data/production/CGG3/0171/CGG3017193/20221118_HYLFMDSX3_LV7001885835, CGG3017193_LV7001885835
/projects/caeg/data/production/CGG3/0171/CGG3017177/20221118_HYLFMDSX3_LV3003047494, CGG3017177_LV3003047494
/projects/caeg/data/production/CGG3/0171/CGG3017163/20221118_HYLFMDSX3_LV3003047519, CGG3017163_LV3003047519
/projects/caeg/data/production/CGG3/0171/CGG3017136/20221118_HYLFMDSX3_LV3003047473, CGG3017136_LV3003047473
/projects/caeg/data/production/CGG3/0183/CGG3018389/20230414_BHMGMJDSX5_LV7001884476, CGG3018389_LV7001884476
/projects/caeg/data/production/CGG3/0183/CGG3018365/20230414_AHMHGFDSX5_LV7001903277, CGG3018365_LV7001903277
/projects/caeg/data/production/CGG3/0183/CGG3018374/20230414_AHMHGFDSX5_LV7001891971, CGG3018374_LV7001891971
/projects/caeg/data/production/CGG3/0183/CGG3018340/20230414_BHMGMJDSX5_LV7001902943, CGG3018340_LV7001902943
/projects/caeg/data/production/CGG3/0183/CGG3018349/20230414_AHMHGFDSX5_LV7001884469, CGG3018349_LV7001884469
/projects/caeg/data/production/CGG3/0183/CGG3018350/20230414_AHMHGFDSX5_LV7001891950, CGG3018350_LV7001891950
/projects/caeg/data/production/CGG3/0183/CGG3018361/20240202_BHTT3LDSX5_LV7008958630, CGG3018361_LV7008958630
/projects/caeg/data/production/CGG3/0183/CGG3018361/20240202_AHTNTGDSX5_LV7008958630, CGG3018361_LV7008958630
/projects/caeg/data/production/CGG3/0183/CGG3018370/20230414_AHMHGFDSX5_LV7001902458, CGG3018370_LV7001902458
/projects/caeg/data/production/CGG3/0183/CGG3018330/20230414_AHMHGFDSX5_LV7001897200, CGG3018330_LV7001897200
/projects/caeg/data/production/CGG3/0183/CGG3018359/20240202_AHTNTGDSX5_LV7008958702, CGG3018359_LV7008958702
/projects/caeg/data/production/CGG3/0183/CGG3018359/20240202_BHTT3LDSX5_LV7008958702, CGG3018359_LV7008958702
/projects/caeg/data/production/CGG3/0183/CGG3018381/20230414_BHMGMJDSX5_LV7001884437, CGG3018381_LV7001884437
/projects/caeg/data/production/CGG3/0183/CGG3018343/20230414_AHMHGFDSX5_LV7001902931, CGG3018343_LV7001902931
/projects/caeg/data/production/CGG3/0183/CGG3018336/20230414_BHMGMJDSX5_LV7001891033, CGG3018336_LV7001891033
/projects/caeg/data/production/CGG3/0183/CGG3018351/20230414_AHMHGFDSX5_LV7001884440, CGG3018351_LV7001884440
/projects/caeg/data/production/CGG3/0183/CGG3018354/20230414_AHMHGFDSX5_LV7001884442, CGG3018354_LV7001884442
/projects/caeg/data/production/CGG3/0183/CGG3018333/20230414_AHMHGFDSX5_LV7001902545, CGG3018333_LV7001902545
/projects/caeg/data/production/CGG3/0183/CGG3018338/20230414_BHMGMJDSX5_LV7001884459, CGG3018338_LV7001884459
/projects/caeg/data/production/CGG3/0183/CGG3018337/20230414_BHMGMJDSX5_LV7001884398, CGG3018337_LV7001884398
/projects/caeg/data/production/CGG3/0183/CGG3018332/20230414_AHMHGFDSX5_LV7001902450, CGG3018332_LV7001902450
/projects/caeg/data/production/CGG3/0183/CGG3018355/20230414_AHMHGFDSX5_LV7001884483, CGG3018355_LV7001884483
/projects/caeg/data/production/CGG3/0183/CGG3018369/20230414_AHMHGFDSX5_LV7001902449, CGG3018369_LV7001902449
/projects/caeg/data/production/CGG3/0183/CGG3018366/20230414_AHMHGFDSX5_LV7001884435, CGG3018366_LV7001884435
/projects/caeg/data/production/CGG3/0183/CGG3018335/20230414_BHMGMJDSX5_LV7001903273, CGG3018335_LV7001903273
/projects/caeg/data/production/CGG3/0183/CGG3018372/20230414_AHMHGFDSX5_LV7001892010, CGG3018372_LV7001892010
/projects/caeg/data/production/CGG3/0183/CGG3018362/20230414_AHMHGFDSX5_LV7001902460, CGG3018362_LV7001902460
/projects/caeg/data/production/CGG3/0183/CGG3018358/20240202_AHTNTGDSX5_LV7008958691, CGG3018358_LV7008958691
/projects/caeg/data/production/CGG3/0183/CGG3018358/20240202_BHTT3LDSX5_LV7008958691, CGG3018358_LV7008958691
/projects/caeg/data/production/CGG3/0183/CGG3018375/20230414_AHMHGFDSX5_LV7001902494, CGG3018375_LV7001902494
/projects/caeg/data/production/CGG3/0183/CGG3018356/20230414_AHMHGFDSX5_LV7001884393, CGG3018356_LV7001884393
/projects/caeg/data/production/CGG3/0183/CGG3018357/20230414_AHMHGFDSX5_LV7001902530, CGG3018357_LV7001902530
/projects/caeg/data/production/CGG3/0183/CGG3018368/20230414_AHMHGFDSX5_LV7001891945, CGG3018368_LV7001891945
/projects/caeg/data/production/CGG3/0183/CGG3018352/20230414_AHMHGFDSX5_LV7001897196, CGG3018352_LV7001897196
/projects/caeg/data/production/CGG3/0183/CGG3018334/20230414_AHMHGFDSX5_LV7001902474, CGG3018334_LV7001902474
/projects/caeg/data/production/CGG3/0183/CGG3018344/20230414_AHMHGFDSX5_LV7001884404, CGG3018344_LV7001884404
/projects/caeg/data/production/CGG3/0183/CGG3018329/20230414_AHMHGFDSX5_LV7001884406, CGG3018329_LV7001884406
/projects/caeg/data/production/CGG3/0183/CGG3018383/20230414_BHMGMJDSX5_LV7001884504, CGG3018383_LV7001884504
/projects/caeg/data/production/CGG3/0183/CGG3018388/20230414_BHMGMJDSX5_LV7001884439, CGG3018388_LV7001884439
/projects/caeg/data/production/CGG3/0183/CGG3018371/20230414_AHMHGFDSX5_LV7001902447, CGG3018371_LV7001902447
/projects/caeg/data/production/CGG3/0183/CGG3018348/20230414_AHMHGFDSX5_LV7001884399, CGG3018348_LV7001884399
/projects/caeg/data/production/CGG3/0183/CGG3018346/20230414_AHMHGFDSX5_LV7001903293, CGG3018346_LV7001903293
/projects/caeg/data/production/CGG3/0183/CGG3018331/20230414_AHMHGFDSX5_LV7001891969, CGG3018331_LV7001891969
/projects/caeg/data/production/CGG3/0183/CGG3018328/20230414_AHMHGFDSX5_LV7001891973, CGG3018328_LV7001891973
/projects/caeg/data/production/CGG3/0183/CGG3018367/20230414_AHMHGFDSX5_LV7001891949, CGG3018367_LV7001891949
/projects/caeg/data/production/CGG3/0183/CGG3018387/20230414_BHMGMJDSX5_LV7001903347, CGG3018387_LV7001903347
/projects/caeg/data/production/CGG3/0183/CGG3018382/20230414_BHMGMJDSX5_LV7001856478, CGG3018382_LV7001856478
/projects/caeg/data/production/CGG3/0183/CGG3018339/20230414_BHMGMJDSX5_LV7001902883, CGG3018339_LV7001902883
/projects/caeg/data/production/CGG3/0183/CGG3018353/20230414_AHMHGFDSX5_LV7001887829, CGG3018353_LV7001887829
/projects/caeg/data/production/CGG3/0183/CGG3018342/20230414_AHMHGFDSX5_LV7001902930, CGG3018342_LV7001902930
/projects/caeg/data/production/CGG3/0183/CGG3018327/20230414_AHMHGFDSX5_LV7001902486, CGG3018327_LV7001902486
/projects/caeg/data/production/CGG3/0183/CGG3018345/20230414_AHMHGFDSX5_LV7001902853, CGG3018345_LV7001902853
/projects/caeg/data/production/CGG3/0183/CGG3018364/20230414_AHMHGFDSX5_LV7001891984, CGG3018364_LV7001891984
/projects/caeg/data/production/CGG3/0183/CGG3018341/20230414_BHMGMJDSX5_LV7001891105, CGG3018341_LV7001891105
/projects/caeg/data/production/CGG3/0183/CGG3018360/20240202_BHTT3LDSX5_LV7008958618, CGG3018360_LV7008958618
/projects/caeg/data/production/CGG3/0183/CGG3018360/20240202_AHTNTGDSX5_LV7008958618, CGG3018360_LV7008958618
/projects/caeg/data/production/CGG3/0183/CGG3018347/20230414_AHMHGFDSX5_LV7001884503, CGG3018347_LV7001884503
/projects/caeg/data/production/CGG3/0163/CGG3016340/20230503_AHMGJFDSX5_LV3003061476, CGG3016340_LV3003061476
/projects/caeg/data/production/CGG3/0163/CGG3016314/20230503_AHMGJFDSX5_LV3003061555, CGG3016314_LV3003061555
/projects/caeg/data/production/CGG3/0163/CGG3016327/20230503_AHMGJFDSX5_LV3003061515, CGG3016327_LV3003061515
/projects/caeg/data/production/CGG3/0163/CGG3016355/20230503_AHMGJFDSX5_LV7001898076, CGG3016355_LV7001898076
/projects/caeg/data/production/CGG3/0163/CGG3016321/20230503_AHMGJFDSX5_LV3003061541, CGG3016321_LV3003061541
/projects/caeg/data/production/CGG3/0163/CGG3016352/20230503_AHMGJFDSX5_LV3003061533, CGG3016352_LV3003061533
/projects/caeg/data/production/CGG3/0163/CGG3016320/20230503_AHMGJFDSX5_LV3003061528, CGG3016320_LV3003061528
/projects/caeg/data/production/CGG3/0163/CGG3016329/20230503_AHMGJFDSX5_LV3003061543, CGG3016329_LV3003061543
/projects/caeg/data/production/CGG3/0163/CGG3016345/20230503_AHMGJFDSX5_LV3003061545, CGG3016345_LV3003061545
/projects/caeg/data/production/CGG3/0163/CGG3016333/20230503_AHMGJFDSX5_LV3003061486, CGG3016333_LV3003061486
/projects/caeg/data/production/CGG3/0163/CGG3016338/20230503_AHMGJFDSX5_LV3003061558, CGG3016338_LV3003061558
/projects/caeg/data/production/CGG3/0163/CGG3016342/20230503_AHMGJFDSX5_LV3003061505, CGG3016342_LV3003061505
/projects/caeg/data/production/CGG3/0163/CGG3016323/20230503_AHMGJFDSX5_LV3003061569, CGG3016323_LV3003061569
/projects/caeg/data/production/CGG3/0163/CGG3016346/20230503_AHMGJFDSX5_LV3003061559, CGG3016346_LV3003061559
/projects/caeg/data/production/CGG3/0163/CGG3016353/20230503_AHMGJFDSX5_LV3003061546, CGG3016353_LV3003061546
/projects/caeg/data/production/CGG3/0163/CGG3016350/20230503_AHMGJFDSX5_LV3003061506, CGG3016350_LV3003061506
/projects/caeg/data/production/CGG3/0163/CGG3016331/20230503_AHMGJFDSX5_LV3003061570, CGG3016331_LV3003061570
/projects/caeg/data/production/CGG3/0163/CGG3016334/20230503_AHMGJFDSX5_LV3003061504, CGG3016334_LV3003061504
/projects/caeg/data/production/CGG3/0163/CGG3016351/20230503_AHMGJFDSX5_LV3003061518, CGG3016351_LV3003061518
/projects/caeg/data/production/CGG3/0163/CGG3016336/20230503_AHMGJFDSX5_LV3003061530, CGG3016336_LV3003061530
/projects/caeg/data/production/CGG3/0163/CGG3016326/20230503_AHMGJFDSX5_LV3003061503, CGG3016326_LV3003061503
/projects/caeg/data/production/CGG3/0163/CGG3016332/20230503_AHMGJFDSX5_LV3003061475, CGG3016332_LV3003061475
/projects/caeg/data/production/CGG3/0163/CGG3016312/20230503_AHMGJFDSX5_LV3003061527, CGG3016312_LV3003061527
/projects/caeg/data/production/CGG3/0163/CGG3016322/20230503_AHMGJFDSX5_LV3003061556, CGG3016322_LV3003061556
/projects/caeg/data/production/CGG3/0163/CGG3016330/20230503_AHMGJFDSX5_LV3003061557, CGG3016330_LV3003061557
/projects/caeg/data/production/CGG3/0163/CGG3016309/20230503_AHMGJFDSX5_LV3003061487, CGG3016309_LV3003061487
/projects/caeg/data/production/CGG3/0163/CGG3016311/20230503_AHMGJFDSX5_LV3003061513, CGG3016311_LV3003061513
/projects/caeg/data/production/CGG3/0163/CGG3016348/20230503_AHMGJFDSX5_LV3003061477, CGG3016348_LV3003061477
/projects/caeg/data/production/CGG3/0163/CGG3016315/20230503_AHMGJFDSX5_LV3003061568, CGG3016315_LV3003061568
/projects/caeg/data/production/CGG3/0163/CGG3016317/20230503_AHMGJFDSX5_LV3003061489, CGG3016317_LV3003061489
/projects/caeg/data/production/CGG3/0163/CGG3016319/20230503_AHMGJFDSX5_LV3003061514, CGG3016319_LV3003061514
/projects/caeg/data/production/CGG3/0163/CGG3016347/20230503_AHMGJFDSX5_LV3003061572, CGG3016347_LV3003061572
/projects/caeg/data/production/CGG3/0163/CGG3016316/20230503_AHMGJFDSX5_LV3003061473, CGG3016316_LV3003061473
/projects/caeg/data/production/CGG3/0163/CGG3016344/20230503_AHMGJFDSX5_LV3003061531, CGG3016344_LV3003061531
/projects/caeg/data/production/CGG3/0163/CGG3016349/20230503_AHMGJFDSX5_LV3003061492, CGG3016349_LV3003061492
/projects/caeg/data/production/CGG3/0163/CGG3016328/20230503_AHMGJFDSX5_LV3003061529, CGG3016328_LV3003061529
/projects/caeg/data/production/CGG3/0163/CGG3016341/20230503_AHMGJFDSX5_LV3003061488, CGG3016341_LV3003061488
/projects/caeg/data/production/CGG3/0163/CGG3016357/20230503_AHMGJFDSX5_LV7001898100, CGG3016357_LV7001898100
/projects/caeg/data/production/CGG3/0163/CGG3016354/20230503_AHMGJFDSX5_LV7001898064, CGG3016354_LV7001898064
/projects/caeg/data/production/CGG3/0163/CGG3016356/20230503_AHMGJFDSX5_LV7001898088, CGG3016356_LV7001898088
/projects/caeg/data/production/CGG3/0163/CGG3016318/20230503_AHMGJFDSX5_LV3003061501, CGG3016318_LV3003061501
/projects/caeg/data/production/CGG3/0163/CGG3016337/20230503_AHMGJFDSX5_LV3003061544, CGG3016337_LV3003061544
/projects/caeg/data/production/CGG3/0163/CGG3016343/20230503_AHMGJFDSX5_LV3003061517, CGG3016343_LV3003061517
/projects/caeg/data/production/CGG3/0163/CGG3016339/20230503_AHMGJFDSX5_LV3003061571, CGG3016339_LV3003061571
/projects/caeg/data/production/CGG3/0163/CGG3016310/20230503_AHMGJFDSX5_LV3003061500, CGG3016310_LV3003061500
/projects/caeg/data/production/CGG3/0163/CGG3016313/20230503_AHMGJFDSX5_LV3003061539, CGG3016313_LV3003061539
/projects/caeg/data/production/CGG3/0163/CGG3016324/20230503_AHMGJFDSX5_LV3003061474, CGG3016324_LV3003061474
/projects/caeg/data/production/CGG3/0163/CGG3016335/20230503_AHMGJFDSX5_LV3003061516, CGG3016335_LV3003061516
/projects/caeg/data/production/CGG3/0163/CGG3016325/20230503_AHMGJFDSX5_LV3003061485, CGG3016325_LV3003061485
/projects/caeg/data/production/CGG3/0163/CGG3016308/20230503_AHMGJFDSX5_LV3003061472, CGG3016308_LV3003061472
/projects/caeg/data/production/CGG3/0173/CGG3017399/20221212_AHYLLHDSX3_LV7001883340, CGG3017399_LV7001883340
/projects/caeg/data/production/CGG3/0173/CGG3017399/20221212_BH3TMMDSX5_LV7001884300, CGG3017399_LV7001884300
/projects/caeg/data/production/CGG3/0173/CGG3017399/20240129_BHTNW2DSX5_LV7008955964, CGG3017399_LV7008955964
/projects/caeg/data/production/CGG3/0173/CGG3017399/20240129_AHTMWGDSX5_LV7008956108, CGG3017399_LV7008956108
/projects/caeg/data/production/CGG3/0173/CGG3017396/20240129_BHTNW2DSX5_LV7008955940, CGG3017396_LV7008955940
/projects/caeg/data/production/CGG3/0173/CGG3017396/20221212_BH3TMMDSX5_LV7001884288, CGG3017396_LV7001884288
/projects/caeg/data/production/CGG3/0173/CGG3017396/20221212_AHYLLHDSX3_LV7001883328, CGG3017396_LV7001883328
/projects/caeg/data/production/CGG3/0173/CGG3017396/20240129_AHTMWGDSX5_LV7008956084, CGG3017396_LV7008956084
/projects/caeg/data/production/CGG3/0173/CGG3017307/20230414_AHMHGFDSX5_LV7001902481, CGG3017307_LV7001902481
/projects/caeg/data/production/CGG3/0173/CGG3017312/20230414_AHMHGFDSX5_LV7001892044, CGG3017312_LV7001892044
/projects/caeg/data/production/CGG3/0173/CGG3017392/20240129_AHTMWGDSX5_LV7008956072, CGG3017392_LV7008956072
/projects/caeg/data/production/CGG3/0173/CGG3017392/20240129_BHTNW2DSX5_LV7008955928, CGG3017392_LV7008955928
/projects/caeg/data/production/CGG3/0173/CGG3017392/20221212_BH3TMMDSX5_LV7001884276, CGG3017392_LV7001884276
/projects/caeg/data/production/CGG3/0173/CGG3017392/20221212_AHYLLHDSX3_LV7001883316, CGG3017392_LV7001883316
/projects/caeg/data/production/CGG3/0173/CGG3017314/20230414_AHMHGFDSX5_LV7001891995, CGG3017314_LV7001891995
/projects/caeg/data/production/CGG3/0173/CGG3017308/20230414_AHMHGFDSX5_LV7001891986, CGG3017308_LV7001891986
/projects/caeg/data/production/CGG3/0173/CGG3017313/20230414_AHMHGFDSX5_LV7001891970, CGG3017313_LV7001891970
/projects/caeg/data/production/CGG3/0173/CGG3017309/20230414_AHMHGFDSX5_LV7001884465, CGG3017309_LV7001884465
/projects/caeg/data/production/CGG3/0173/CGG3017310/20230414_AHMHGFDSX5_LV7001903376, CGG3017310_LV7001903376
/projects/caeg/data/production/CGG3/0173/CGG3017391/20221118_HYLFMDSX3_LV3003047453, CGG3017391_LV3003047453
/projects/caeg/data/production/CGG3/0173/CGG3017311/20230414_AHMHGFDSX5_LV7001892032, CGG3017311_LV7001892032
/projects/caeg/data/production/CGG2/0249/CGG2024958/20221209_HYMCFDSX3_LV7001886342, CGG2024958_LV7001886342
/projects/caeg/data/production/CGG2/0249/CGG2024958/20221209_HYMCFDSX3_LV7001886318, CGG2024958_LV7001886318
/projects/caeg/data/production/CGG2/0249/CGG2024958/20221209_HYMCFDSX3_LV7001886306, CGG2024958_LV7001886306
/projects/caeg/data/production/CGG2/0249/CGG2024949/20221209_HYMCFDSX3_LV7001886269, CGG2024949_LV7001886269
/projects/caeg/data/production/CGG2/0249/CGG2024949/20221209_HYMCFDSX3_LV7001886257, CGG2024949_LV7001886257
/projects/caeg/data/production/CGG2/0249/CGG2024949/20221209_HYMCFDSX3_LV7001886233, CGG2024949_LV7001886233
/projects/caeg/data/production/CGG2/0249/CGG2024950/20221209_HYMCFDSX3_LV7001886293, CGG2024950_LV7001886293
/projects/caeg/data/production/CGG2/0249/CGG2024950/20221209_HYMCFDSX3_LV7001886305, CGG2024950_LV7001886305
/projects/caeg/data/production/CGG2/0249/CGG2024950/20221209_HYMCFDSX3_LV7001886281, CGG2024950_LV7001886281
/projects/caeg/data/production/LV7/001/888/LV7001888062/20240724_BH5F2GDSX7, Lib_LV7001888062
/projects/caeg/data/production/LV7/001/883/LV7001883527/20220916_AHVWMFDSX3, Lib_LV7001883527
/projects/caeg/data/production/LV7/001/883/LV7001883521/20220916_AHVWMFDSX3, Lib_LV7001883521
/projects/caeg/data/production/LV7/001/883/LV7001883539/20220916_AHVWMFDSX3, Lib_LV7001883539
/projects/caeg/data/production/LV7/001/884/LV7001884097/20220718_AHJ7YWDSX3, Lib_LV7001884097
/projects/caeg/data/production/LV7/001/884/LV7001884115/20220718_AHJ7YWDSX3, Lib_LV7001884115
/projects/caeg/data/production/LV7/001/884/LV7001884103/20220718_AHJ7YWDSX3, Lib_LV7001884103
/projects/caeg/data/production/LV7/008/866/LV7008866959/20240806_AH5FFKDSX7, Lib_LV7008866959
/projects/caeg/data/production/LV7/008/866/LV7008866923/20240806_AH5FFKDSX7, Lib_LV7008866923
/projects/caeg/data/production/LV7/008/866/LV7008866983/20240806_AH5FFKDSX7, Lib_LV7008866983
/projects/caeg/data/production/LV7/008/866/LV7008866981/20240806_AH5FFKDSX7, Lib_LV7008866981
/projects/caeg/data/production/LV7/008/866/LV7008866984/20240806_AH5FFKDSX7, Lib_LV7008866984
/projects/caeg/data/production/LV7/008/866/LV7008866935/20240806_AH5FFKDSX7, Lib_LV7008866935
/projects/caeg/data/production/LV7/008/866/LV7008866968/20240806_AH5FFKDSX7, Lib_LV7008866968
/projects/caeg/data/production/LV7/008/866/LV7008866969/20240806_AH5FFKDSX7, Lib_LV7008866969
/projects/caeg/data/production/LV7/008/866/LV7008866970/20240806_AH5FFKDSX7, Lib_LV7008866970
/projects/caeg/data/production/LV7/008/866/LV7008866920/20240806_AH5FFKDSX7, Lib_LV7008866920
/projects/caeg/data/production/LV7/008/866/LV7008866960/20240806_AH5FFKDSX7, Lib_LV7008866960
/projects/caeg/data/production/LV7/008/866/LV7008866994/20240806_AH5FFKDSX7, Lib_LV7008866994
/projects/caeg/data/production/LV7/008/866/LV7008866993/20240806_AH5FFKDSX7, Lib_LV7008866993
/projects/caeg/data/production/LV7/008/866/LV7008866958/20240806_AH5FFKDSX7, Lib_LV7008866958
/projects/caeg/data/production/LV7/008/866/LV7008866944/20240806_AH5FFKDSX7, Lib_LV7008866944
/projects/caeg/data/production/LV7/008/866/LV7008866972/20240806_AH5FFKDSX7, Lib_LV7008866972
/projects/caeg/data/production/LV7/008/866/LV7008866971/20240806_AH5FFKDSX7, Lib_LV7008866971
/projects/caeg/data/production/LV7/008/866/LV7008866947/20240806_AH5FFKDSX7, Lib_LV7008866947
/projects/caeg/data/production/LV7/008/866/LV7008866922/20240806_AH5FFKDSX7, Lib_LV7008866922
/projects/caeg/data/production/LV7/008/866/LV7008866934/20240806_AH5FFKDSX7, Lib_LV7008866934
/projects/caeg/data/production/LV7/008/866/LV7008866936/20240806_AH5FFKDSX7, Lib_LV7008866936
/projects/caeg/data/production/LV7/008/866/LV7008866933/20240806_AH5FFKDSX7, Lib_LV7008866933
/projects/caeg/data/production/LV7/008/866/LV7008866945/20240806_AH5FFKDSX7, Lib_LV7008866945
/projects/caeg/data/production/LV7/008/866/LV7008866946/20240806_AH5FFKDSX7, Lib_LV7008866946
/projects/caeg/data/production/LV7/008/866/LV7008866982/20240806_AH5FFKDSX7, Lib_LV7008866982
/projects/caeg/data/production/LV7/008/866/LV7008866995/20240806_AH5FFKDSX7, Lib_LV7008866995
/projects/caeg/data/production/LV7/008/866/LV7008866948/20240806_AH5FFKDSX7, Lib_LV7008866948
/projects/caeg/data/production/LV7/008/866/LV7008866921/20240806_AH5FFKDSX7, Lib_LV7008866921
/projects/caeg/data/production/LV7/008/866/LV7008866924/20240806_AH5FFKDSX7, Lib_LV7008866924
/projects/caeg/data/production/LV7/008/866/LV7008866957/20240806_AH5FFKDSX7, Lib_LV7008866957
/projects/caeg/data/production/LV7/008/866/LV7008866996/20240806_AH5FFKDSX7, Lib_LV7008866996
/projects/caeg/data/production/LV7/008/958/LV7008958565/20240216_AH3725DSX7, Lib_LV7008958565
/projects/caeg/data/production/LV7/008/958/LV7008958330/20240704_BH5FCVDSX7, Lib_LV7008958330
/projects/caeg/data/production/LV7/008/958/LV7008958564/20240216_AH3725DSX7, Lib_LV7008958564
/projects/caeg/data/production/LV7/008/958/LV7008958313/20240325_BH5F3YDSX7, Lib_LV7008958313
/projects/caeg/data/production/LV7/008/958/LV7008958507/20240216_AH3725DSX7, Lib_LV7008958507
/projects/caeg/data/production/LV7/008/958/LV7008958387/20240325_BH5F3YDSX7, Lib_LV7008958387
/projects/caeg/data/production/LV7/008/958/LV7008958567/20240216_AH3725DSX7, Lib_LV7008958567
/projects/caeg/data/production/LV7/008/958/LV7008958613/20240216_AH3725DSX7, Lib_LV7008958613
/projects/caeg/data/production/LV7/008/958/LV7008958589/20240216_AH3725DSX7, Lib_LV7008958589
/projects/caeg/data/production/LV7/008/958/LV7008958349/20240325_BH5F3YDSX7, Lib_LV7008958349
/projects/caeg/data/production/LV7/008/958/LV7008958376/20240325_BH5F3YDSX7, Lib_LV7008958376
/projects/caeg/data/production/LV7/008/958/LV7008958303/20240325_BH5F3YDSX7, Lib_LV7008958303
/projects/caeg/data/production/LV7/008/958/LV7008958610/20240216_AH3725DSX7, Lib_LV7008958610
/projects/caeg/data/production/LV7/008/958/LV7008958513/20240216_AH3725DSX7, Lib_LV7008958513
/projects/caeg/data/production/LV7/008/958/LV7008958588/20240216_AH3725DSX7, Lib_LV7008958588
/projects/caeg/data/production/LV7/008/958/LV7008958323/20240325_BH5F3YDSX7, Lib_LV7008958323
/projects/caeg/data/production/LV7/008/958/LV7008958600/20240216_AH3725DSX7, Lib_LV7008958600
/projects/caeg/data/production/LV7/008/958/LV7008958515/20240216_AH3725DSX7, Lib_LV7008958515
/projects/caeg/data/production/LV7/008/958/LV7008958374/20240325_BH5F3YDSX7, Lib_LV7008958374
/projects/caeg/data/production/LV7/008/958/LV7008958322/20240704_BH5FCVDSX7, Lib_LV7008958322
/projects/caeg/data/production/LV7/008/958/LV7008958386/20240325_BH5F3YDSX7, Lib_LV7008958386
/projects/caeg/data/production/LV7/008/958/LV7008958508/20240216_AH3725DSX7, Lib_LV7008958508
/projects/caeg/data/production/LV7/008/958/LV7008958363/20240325_BH5F3YDSX7, Lib_LV7008958363
/projects/caeg/data/production/LV7/008/958/LV7008958302/20240325_BH5F3YDSX7, Lib_LV7008958302
/projects/caeg/data/production/LV7/008/958/LV7008958519/20240216_AH3725DSX7, Lib_LV7008958519
/projects/caeg/data/production/LV7/008/958/LV7008958373/20240325_BH5F3YDSX7, Lib_LV7008958373
/projects/caeg/data/production/LV7/008/958/LV7008958598/20240216_AH3725DSX7, Lib_LV7008958598
/projects/caeg/data/production/LV7/008/958/LV7008958352/20240325_BH5F3YDSX7, Lib_LV7008958352
/projects/caeg/data/production/LV7/008/958/LV7008958539/20240216_AH3725DSX7, Lib_LV7008958539
/projects/caeg/data/production/LV7/008/958/LV7008958375/20240325_BH5F3YDSX7, Lib_LV7008958375
/projects/caeg/data/production/LV7/008/958/LV7008958316/20240325_BH5F3YDSX7, Lib_LV7008958316
/projects/caeg/data/production/LV7/008/958/LV7008958558/20240702_BH5F5KDSX7, Lib_LV7008958558
/projects/caeg/data/production/LV7/008/958/LV7008958339/20240325_BH5F3YDSX7, Lib_LV7008958339
/projects/caeg/data/production/LV7/008/958/LV7008958587/20240216_AH3725DSX7, Lib_LV7008958587
/projects/caeg/data/production/LV7/008/958/LV7008958544/20240216_AH3725DSX7, Lib_LV7008958544
/projects/caeg/data/production/LV7/008/958/LV7008958518/20240216_AH3725DSX7, Lib_LV7008958518
/projects/caeg/data/production/LV7/008/958/LV7008958338/20240325_BH5F3YDSX7, Lib_LV7008958338
/projects/caeg/data/production/LV7/008/958/LV7008958364/20240325_BH5F3YDSX7, Lib_LV7008958364
/projects/caeg/data/production/LV7/008/958/LV7008958348/20240325_BH5F3YDSX7, Lib_LV7008958348
/projects/caeg/data/production/LV7/008/958/LV7008958372/20240325_BH5F3YDSX7, Lib_LV7008958372
/projects/caeg/data/production/LV7/008/958/LV7008958549/20240216_AH3725DSX7, Lib_LV7008958549
/projects/caeg/data/production/LV7/008/958/LV7008958503/20240216_AH3725DSX7, Lib_LV7008958503
/projects/caeg/data/production/LV7/008/958/LV7008958360/20240325_BH5F3YDSX7, Lib_LV7008958360
/projects/caeg/data/production/LV7/008/958/LV7008958541/20240216_AH3725DSX7, Lib_LV7008958541
/projects/caeg/data/production/LV7/008/958/LV7008958385/20240325_BH5F3YDSX7, Lib_LV7008958385
/projects/caeg/data/production/LV7/008/958/LV7008958586/20240216_AH3725DSX7, Lib_LV7008958586
/projects/caeg/data/production/LV7/008/958/LV7008958614/20240216_AH3725DSX7, Lib_LV7008958614
/projects/caeg/data/production/LV7/008/958/LV7008958340/20240325_BH5F3YDSX7, Lib_LV7008958340
/projects/caeg/data/production/LV7/008/958/LV7008958300/20240325_BH5F3YDSX7, Lib_LV7008958300
/projects/caeg/data/production/LV7/008/958/LV7008958343/20240724_BH5F2GDSX7, Lib_LV7008958343
/projects/caeg/data/production/LV7/008/958/LV7008958312/20240325_BH5F3YDSX7, Lib_LV7008958312
/projects/caeg/data/production/LV7/008/958/LV7008958317/20240702_BH5F5KDSX7, Lib_LV7008958317
/projects/caeg/data/production/LV7/008/958/LV7008958501/20240216_AH3725DSX7, Lib_LV7008958501
/projects/caeg/data/production/LV7/008/958/LV7008958602/20240216_AH3725DSX7, Lib_LV7008958602
/projects/caeg/data/production/LV7/008/958/LV7008958362/20240325_BH5F3YDSX7, Lib_LV7008958362
/projects/caeg/data/production/LV7/008/958/LV7008958550/20240216_AH3725DSX7, Lib_LV7008958550
/projects/caeg/data/production/LV7/008/958/LV7008958344/20240702_BH5F5KDSX7, Lib_LV7008958344
/projects/caeg/data/production/LV7/008/958/LV7008958514/20240216_AH3725DSX7, Lib_LV7008958514
/projects/caeg/data/production/LV7/008/958/LV7008958336/20240325_BH5F3YDSX7, Lib_LV7008958336
/projects/caeg/data/production/LV7/008/958/LV7008958566/20240216_AH3725DSX7, Lib_LV7008958566
/projects/caeg/data/production/LV7/008/958/LV7008958499/20240704_BH5FCVDSX7, Lib_LV7008958499
/projects/caeg/data/production/LV7/008/958/LV7008958554/20240216_AH3725DSX7, Lib_LV7008958554
/projects/caeg/data/production/LV7/008/958/LV7008958326/20240325_BH5F3YDSX7, Lib_LV7008958326
/projects/caeg/data/production/LV7/008/958/LV7008958551/20240216_AH3725DSX7, Lib_LV7008958551
/projects/caeg/data/production/LV7/008/958/LV7008958328/20240325_BH5F3YDSX7, Lib_LV7008958328
/projects/caeg/data/production/LV7/008/958/LV7008958511/20240704_BH5FCVDSX7, Lib_LV7008958511
/projects/caeg/data/production/LV7/008/958/LV7008958486/20240724_BH5F2GDSX7, Lib_LV7008958486
/projects/caeg/data/production/LV7/008/958/LV7008958538/20240216_AH3725DSX7, Lib_LV7008958538
/projects/caeg/data/production/LV7/008/958/LV7008958563/20240216_AH3725DSX7, Lib_LV7008958563
/projects/caeg/data/production/LV7/008/958/LV7008958346/20240724_BH5F2GDSX7, Lib_LV7008958346
/projects/caeg/data/production/LV7/008/958/LV7008958585/20240216_AH3725DSX7, Lib_LV7008958585
/projects/caeg/data/production/LV7/008/958/LV7008958562/20240216_AH3725DSX7, Lib_LV7008958562
/projects/caeg/data/production/LV7/008/958/LV7008958537/20240216_AH3725DSX7, Lib_LV7008958537
/projects/caeg/data/production/LV7/008/958/LV7008958603/20240216_AH3725DSX7, Lib_LV7008958603
/projects/caeg/data/production/LV7/008/958/LV7008958553/20240216_AH3725DSX7, Lib_LV7008958553
/projects/caeg/data/production/LV7/008/958/LV7008958350/20240325_BH5F3YDSX7, Lib_LV7008958350
/projects/caeg/data/production/LV7/008/958/LV7008958616/20240216_AH3725DSX7, Lib_LV7008958616
/projects/caeg/data/production/LV7/008/958/LV7008958299/20240325_BH5F3YDSX7, Lib_LV7008958299
/projects/caeg/data/production/LV7/008/958/LV7008958337/20240325_BH5F3YDSX7, Lib_LV7008958337
/projects/caeg/data/production/LV7/008/958/LV7008958304/20240325_BH5F3YDSX7, Lib_LV7008958304
/projects/caeg/data/production/LV7/008/958/LV7008958543/20240216_AH3725DSX7, Lib_LV7008958543
/projects/caeg/data/production/LV7/008/958/LV7008958592/20240216_AH3725DSX7, Lib_LV7008958592
/projects/caeg/data/production/LV7/008/958/LV7008958555/20240216_AH3725DSX7, Lib_LV7008958555
/projects/caeg/data/production/LV7/008/958/LV7008958517/20240216_AH3725DSX7, Lib_LV7008958517
/projects/caeg/data/production/LV7/008/958/LV7008958504/20240216_AH3725DSX7, Lib_LV7008958504
/projects/caeg/data/production/LV7/008/958/LV7008958556/20240216_AH3725DSX7, Lib_LV7008958556
/projects/caeg/data/production/LV7/008/958/LV7008958540/20240216_AH3725DSX7, Lib_LV7008958540
/projects/caeg/data/production/LV7/008/958/LV7008958314/20240325_BH5F3YDSX7, Lib_LV7008958314
/projects/caeg/data/production/LV7/008/958/LV7008958361/20240325_BH5F3YDSX7, Lib_LV7008958361
/projects/caeg/data/production/LV7/008/958/LV7008958327/20240325_BH5F3YDSX7, Lib_LV7008958327
/projects/caeg/data/production/LV7/008/958/LV7008958590/20240216_AH3725DSX7, Lib_LV7008958590
/projects/caeg/data/production/LV7/008/958/LV7008958591/20240216_AH3725DSX7, Lib_LV7008958591
/projects/caeg/data/production/LV7/008/958/LV7008958388/20240325_BH5F3YDSX7, Lib_LV7008958388
/projects/caeg/data/production/LV7/008/958/LV7008958520/20240216_AH3725DSX7, Lib_LV7008958520
/projects/caeg/data/production/LV7/008/958/LV7008958505/20240216_AH3725DSX7, Lib_LV7008958505
/projects/caeg/data/production/LV7/008/958/LV7008958611/20240216_AH3725DSX7, Lib_LV7008958611
/projects/caeg/data/production/LV7/008/958/LV7008958516/20240216_AH3725DSX7, Lib_LV7008958516
/projects/caeg/data/production/LV7/008/958/LV7008958615/20240216_AH3725DSX7, Lib_LV7008958615
/projects/caeg/data/production/LV7/008/958/LV7008958552/20240216_AH3725DSX7, Lib_LV7008958552
/projects/caeg/data/production/LV7/008/958/LV7008958542/20240216_AH3725DSX7, Lib_LV7008958542
/projects/caeg/data/production/LV7/008/958/LV7008958325/20240325_BH5F3YDSX7, Lib_LV7008958325
/projects/caeg/data/production/LV7/008/958/LV7008958601/20240216_AH3725DSX7, Lib_LV7008958601
/projects/caeg/data/production/LV7/008/958/LV7008958568/20240216_AH3725DSX7, Lib_LV7008958568
/projects/caeg/data/production/LV7/008/958/LV7008958502/20240216_AH3725DSX7, Lib_LV7008958502
/projects/caeg/data/production/LV7/008/958/LV7008958324/20240325_BH5F3YDSX7, Lib_LV7008958324
/projects/caeg/data/production/LV7/008/957/LV7008957549/20240704_BH5FCVDSX7, Lib_LV7008957549
/projects/caeg/data/production/LV7/008/957/LV7008957341/20240325_BH5F3YDSX7, Lib_LV7008957341
/projects/caeg/data/production/LV7/008/957/LV7008957565/20240724_BH5F2GDSX7, Lib_LV7008957565
/projects/caeg/data/production/LV7/008/957/LV7008957561/20240702_BH5F5KDSX7, Lib_LV7008957561
/projects/caeg/data/production/LV7/008/957/LV7008957394/20240702_BH5F5KDSX7, Lib_LV7008957394
/projects/caeg/data/production/LV7/008/957/LV7008957297/20240704_BH5FCVDSX7, Lib_LV7008957297
/projects/caeg/data/production/LV7/008/957/LV7008957587/20240702_BH5F5KDSX7, Lib_LV7008957587
/projects/caeg/data/production/LV7/008/957/LV7008957213/20240704_BH5FCVDSX7, Lib_LV7008957213
/projects/caeg/data/production/LV7/008/957/LV7008957217/20240704_BH5FCVDSX7, Lib_LV7008957217
/projects/caeg/data/production/LV7/008/957/LV7008957356/20240216_AH3725DSX7, Lib_LV7008957356
/projects/caeg/data/production/LV7/008/957/LV7008957334/20240216_AH3725DSX7, Lib_LV7008957334
/projects/caeg/data/production/LV7/008/957/LV7008957239/20240702_BH5F5KDSX7, Lib_LV7008957239
/projects/caeg/data/production/LV7/008/957/LV7008957310/20240704_BH5FCVDSX7, Lib_LV7008957310
/projects/caeg/data/production/LV7/008/957/LV7008957340/20240325_BH5F3YDSX7, Lib_LV7008957340
/projects/caeg/data/production/LV7/008/957/LV7008957339/20240325_BH5F3YDSX7, Lib_LV7008957339
/projects/caeg/data/production/LV7/008/957/LV7008957262/20240704_BH5FCVDSX7, Lib_LV7008957262
/projects/caeg/data/production/LV7/008/957/LV7008957553/20240702_BH5F5KDSX7, Lib_LV7008957553
/projects/caeg/data/production/LV7/008/957/LV7008957335/20240216_AH3725DSX7, Lib_LV7008957335
/projects/caeg/data/production/LV7/008/957/LV7008957623/20240724_BH5F2GDSX7, Lib_LV7008957623
/projects/caeg/data/production/LV7/008/957/LV7008957590/20240724_BH5F2GDSX7, Lib_LV7008957590
/projects/caeg/data/production/LV7/008/957/LV7008957424/20240423_BH5FGWDSX7, Lib_LV7008957424
/projects/caeg/data/production/LV7/008/957/LV7008957562/20240702_BH5F5KDSX7, Lib_LV7008957562
/projects/caeg/data/production/LV7/008/957/LV7008957311/20240704_BH5FCVDSX7, Lib_LV7008957311
/projects/caeg/data/production/LV7/008/957/LV7008957423/20240702_BH5F5KDSX7, Lib_LV7008957423
/projects/caeg/data/production/LV7/008/957/LV7008957253/20240724_BH5F2GDSX7, Lib_LV7008957253
/projects/caeg/data/production/LV7/008/957/LV7008957574/20240704_BH5FCVDSX7, Lib_LV7008957574
/projects/caeg/data/production/LV7/008/957/LV7008957621/20240704_BH5FCVDSX7, Lib_LV7008957621
/projects/caeg/data/production/LV7/008/957/LV7008957395/20240704_BH5FCVDSX7, Lib_LV7008957395
/projects/caeg/data/production/LV7/008/957/LV7008957215/20240704_BH5FCVDSX7, Lib_LV7008957215
/projects/caeg/data/production/LV7/008/867/LV7008867116/20240716_AH5F37DSX7, Lib_LV7008867116
/projects/caeg/data/production/LV7/008/867/LV7008867319/20240730_AH5FG5DSX7, Lib_LV7008867319
/projects/caeg/data/production/LV7/008/867/LV7008867165/20240716_AH5F37DSX7, Lib_LV7008867165
/projects/caeg/data/production/LV7/008/867/LV7008867107/20240716_AH5F37DSX7, Lib_LV7008867107
/projects/caeg/data/production/LV7/008/867/LV7008867347/20240716_BH5FF5DSX7, Lib_LV7008867347
/projects/caeg/data/production/LV7/008/867/LV7008867005/20240806_AH5FFKDSX7, Lib_LV7008867005
/projects/caeg/data/production/LV7/008/867/LV7008867007/20240806_AH5FFKDSX7, Lib_LV7008867007
/projects/caeg/data/production/LV7/008/867/LV7008867137/20240730_BH5FH5DSX7, Lib_LV7008867137
/projects/caeg/data/production/LV7/008/867/LV7008867160/20240730_BH5FH5DSX7, Lib_LV7008867160
/projects/caeg/data/production/LV7/008/867/LV7008867120/20240716_AH5F37DSX7, Lib_LV7008867120
/projects/caeg/data/production/LV7/008/867/LV7008867152/20240730_BH5FH5DSX7, Lib_LV7008867152
/projects/caeg/data/production/LV7/008/867/LV7008867175/20240730_BH5FH5DSX7, Lib_LV7008867175
/projects/caeg/data/production/LV7/008/867/LV7008867313/20240716_BH5FF5DSX7, Lib_LV7008867313
/projects/caeg/data/production/LV7/008/867/LV7008867374/20240716_BH5FF5DSX7, Lib_LV7008867374
/projects/caeg/data/production/LV7/008/867/LV7008867129/20240716_AH5F37DSX7, Lib_LV7008867129
/projects/caeg/data/production/LV7/008/867/LV7008867199/20240730_BH5FH5DSX7, Lib_LV7008867199
/projects/caeg/data/production/LV7/008/867/LV7008867340/20240730_AH5FG5DSX7, Lib_LV7008867340
/projects/caeg/data/production/LV7/008/867/LV7008867310/20240716_BH5FF5DSX7, Lib_LV7008867310
/projects/caeg/data/production/LV7/008/867/LV7008867163/20240730_BH5FH5DSX7, Lib_LV7008867163
/projects/caeg/data/production/LV7/008/867/LV7008867382/20240716_BH5FF5DSX7, Lib_LV7008867382
/projects/caeg/data/production/LV7/008/867/LV7008867351/20240730_AH5FG5DSX7, Lib_LV7008867351
/projects/caeg/data/production/LV7/008/867/LV7008867375/20240730_AH5FG5DSX7, Lib_LV7008867375
/projects/caeg/data/production/LV7/008/867/LV7008867194/20240716_AH5F37DSX7, Lib_LV7008867194
/projects/caeg/data/production/LV7/008/867/LV7008867389/20240730_AH5FG5DSX7, Lib_LV7008867389
/projects/caeg/data/production/LV7/008/867/LV7008867109/20240716_AH5F37DSX7, Lib_LV7008867109
/projects/caeg/data/production/LV7/008/867/LV7008867376/20240730_AH5FG5DSX7, Lib_LV7008867376
/projects/caeg/data/production/LV7/008/867/LV7008867148/20240730_BH5FH5DSX7, Lib_LV7008867148
/projects/caeg/data/production/LV7/008/867/LV7008867111/20240730_BH5FH5DSX7, Lib_LV7008867111
/projects/caeg/data/production/LV7/008/867/LV7008867131/20240716_AH5F37DSX7, Lib_LV7008867131
/projects/caeg/data/production/LV7/008/867/LV7008867196/20240730_BH5FH5DSX7, Lib_LV7008867196
/projects/caeg/data/production/LV7/008/867/LV7008867386/20240716_BH5FF5DSX7, Lib_LV7008867386
/projects/caeg/data/production/LV7/008/867/LV7008867114/20240730_BH5FH5DSX7, Lib_LV7008867114
/projects/caeg/data/production/LV7/008/867/LV7008867145/20240716_AH5F37DSX7, Lib_LV7008867145
/projects/caeg/data/production/LV7/008/867/LV7008867151/20240730_BH5FH5DSX7, Lib_LV7008867151
/projects/caeg/data/production/LV7/008/867/LV7008867146/20240716_AH5F37DSX7, Lib_LV7008867146
/projects/caeg/data/production/LV7/008/867/LV7008867168/20240716_AH5F37DSX7, Lib_LV7008867168
/projects/caeg/data/production/LV7/008/867/LV7008867171/20240730_BH5FH5DSX7, Lib_LV7008867171
/projects/caeg/data/production/LV7/008/867/LV7008867181/20240716_AH5F37DSX7, Lib_LV7008867181
/projects/caeg/data/production/LV7/008/867/LV7008867180/20240716_AH5F37DSX7, Lib_LV7008867180
/projects/caeg/data/production/LV7/008/867/LV7008867166/20240716_AH5F37DSX7, Lib_LV7008867166
/projects/caeg/data/production/LV7/008/867/LV7008867333/20240716_BH5FF5DSX7, Lib_LV7008867333
/projects/caeg/data/production/LV7/008/867/LV7008867315/20240730_AH5FG5DSX7, Lib_LV7008867315
/projects/caeg/data/production/LV7/008/867/LV7008867360/20240716_BH5FF5DSX7, Lib_LV7008867360
/projects/caeg/data/production/LV7/008/867/LV7008867398/20240716_BH5FF5DSX7, Lib_LV7008867398
/projects/caeg/data/production/LV7/008/867/LV7008867326/20240716_BH5FF5DSX7, Lib_LV7008867326
/projects/caeg/data/production/LV7/008/867/LV7008867188/20240730_BH5FH5DSX7, Lib_LV7008867188
/projects/caeg/data/production/LV7/008/867/LV7008867402/20240730_AH5FG5DSX7, Lib_LV7008867402
/projects/caeg/data/production/LV7/008/867/LV7008867119/20240716_AH5F37DSX7, Lib_LV7008867119
/projects/caeg/data/production/LV7/008/867/LV7008867136/20240730_BH5FH5DSX7, Lib_LV7008867136
/projects/caeg/data/production/LV7/008/867/LV7008867380/20240730_AH5FG5DSX7, Lib_LV7008867380
/projects/caeg/data/production/LV7/008/867/LV7008867140/20240730_BH5FH5DSX7, Lib_LV7008867140
/projects/caeg/data/production/LV7/008/867/LV7008867161/20240730_BH5FH5DSX7, Lib_LV7008867161
/projects/caeg/data/production/LV7/008/867/LV7008867335/20240716_BH5FF5DSX7, Lib_LV7008867335
/projects/caeg/data/production/LV7/008/867/LV7008867135/20240730_BH5FH5DSX7, Lib_LV7008867135
/projects/caeg/data/production/LV7/008/867/LV7008867368/20240730_AH5FG5DSX7, Lib_LV7008867368
/projects/caeg/data/production/LV7/008/867/LV7008867379/20240730_AH5FG5DSX7, Lib_LV7008867379
/projects/caeg/data/production/LV7/008/867/LV7008867121/20240716_AH5F37DSX7, Lib_LV7008867121
/projects/caeg/data/production/LV7/008/867/LV7008867198/20240730_BH5FH5DSX7, Lib_LV7008867198
/projects/caeg/data/production/LV7/008/867/LV7008867139/20240730_BH5FH5DSX7, Lib_LV7008867139
/projects/caeg/data/production/LV7/008/867/LV7008867345/20240716_BH5FF5DSX7, Lib_LV7008867345
/projects/caeg/data/production/LV7/008/867/LV7008867391/20240730_AH5FG5DSX7, Lib_LV7008867391
/projects/caeg/data/production/LV7/008/867/LV7008867167/20240716_AH5F37DSX7, Lib_LV7008867167
/projects/caeg/data/production/LV7/008/867/LV7008867384/20240716_BH5FF5DSX7, Lib_LV7008867384
/projects/caeg/data/production/LV7/008/867/LV7008867396/20240716_BH5FF5DSX7, Lib_LV7008867396
/projects/caeg/data/production/LV7/008/867/LV7008867122/20240716_AH5F37DSX7, Lib_LV7008867122
/projects/caeg/data/production/LV7/008/867/LV7008867358/20240716_BH5FF5DSX7, Lib_LV7008867358
/projects/caeg/data/production/LV7/008/867/LV7008867392/20240730_AH5FG5DSX7, Lib_LV7008867392
/projects/caeg/data/production/LV7/008/867/LV7008867197/20240730_BH5FH5DSX7, Lib_LV7008867197
/projects/caeg/data/production/LV7/008/867/LV7008867334/20240716_BH5FF5DSX7, Lib_LV7008867334
/projects/caeg/data/production/LV7/008/867/LV7008867154/20240716_AH5F37DSX7, Lib_LV7008867154
/projects/caeg/data/production/LV7/008/867/LV7008867118/20240716_AH5F37DSX7, Lib_LV7008867118
/projects/caeg/data/production/LV7/008/867/LV7008867125/20240730_BH5FH5DSX7, Lib_LV7008867125
/projects/caeg/data/production/LV7/008/867/LV7008867353/20240730_AH5FG5DSX7, Lib_LV7008867353
/projects/caeg/data/production/LV7/008/867/LV7008867338/20240716_BH5FF5DSX7, Lib_LV7008867338
/projects/caeg/data/production/LV7/008/867/LV7008867141/20240716_AH5F37DSX7, Lib_LV7008867141
/projects/caeg/data/production/LV7/008/867/LV7008867187/20240730_BH5FH5DSX7, Lib_LV7008867187
/projects/caeg/data/production/LV7/008/867/LV7008867366/20240730_AH5FG5DSX7, Lib_LV7008867366
/projects/caeg/data/production/LV7/008/867/LV7008867192/20240716_AH5F37DSX7, Lib_LV7008867192
/projects/caeg/data/production/LV7/008/867/LV7008867331/20240730_AH5FG5DSX7, Lib_LV7008867331
/projects/caeg/data/production/LV7/008/867/LV7008867170/20240716_AH5F37DSX7, Lib_LV7008867170
/projects/caeg/data/production/LV7/008/867/LV7008867317/20240730_AH5FG5DSX7, Lib_LV7008867317
/projects/caeg/data/production/LV7/008/867/LV7008867344/20240730_AH5FG5DSX7, Lib_LV7008867344
/projects/caeg/data/production/LV7/008/867/LV7008867359/20240716_BH5FF5DSX7, Lib_LV7008867359
/projects/caeg/data/production/LV7/008/867/LV7008867311/20240716_BH5FF5DSX7, Lib_LV7008867311
/projects/caeg/data/production/LV7/008/867/LV7008867332/20240730_AH5FG5DSX7, Lib_LV7008867332
/projects/caeg/data/production/LV7/008/867/LV7008867371/20240716_BH5FF5DSX7, Lib_LV7008867371
/projects/caeg/data/production/LV7/008/867/LV7008867365/20240730_AH5FG5DSX7, Lib_LV7008867365
/projects/caeg/data/production/LV7/008/867/LV7008867159/20240730_BH5FH5DSX7, Lib_LV7008867159
/projects/caeg/data/production/LV7/008/867/LV7008867383/20240716_BH5FF5DSX7, Lib_LV7008867383
/projects/caeg/data/production/LV7/008/867/LV7008867117/20240716_AH5F37DSX7, Lib_LV7008867117
/projects/caeg/data/production/LV7/008/867/LV7008867157/20240716_AH5F37DSX7, Lib_LV7008867157
/projects/caeg/data/production/LV7/008/867/LV7008867115/20240730_BH5FH5DSX7, Lib_LV7008867115
/projects/caeg/data/production/LV7/008/867/LV7008867158/20240716_AH5F37DSX7, Lib_LV7008867158
/projects/caeg/data/production/LV7/008/867/LV7008867176/20240730_BH5FH5DSX7, Lib_LV7008867176
/projects/caeg/data/production/LV7/008/867/LV7008867346/20240716_BH5FF5DSX7, Lib_LV7008867346
/projects/caeg/data/production/LV7/008/867/LV7008867372/20240716_BH5FF5DSX7, Lib_LV7008867372
/projects/caeg/data/production/LV7/008/867/LV7008867395/20240716_BH5FF5DSX7, Lib_LV7008867395
/projects/caeg/data/production/LV7/008/867/LV7008867327/20240730_AH5FG5DSX7, Lib_LV7008867327
/projects/caeg/data/production/LV7/008/867/LV7008867369/20240716_BH5FF5DSX7, Lib_LV7008867369
/projects/caeg/data/production/LV7/008/867/LV7008867147/20240730_BH5FH5DSX7, Lib_LV7008867147
/projects/caeg/data/production/LV7/008/867/LV7008867127/20240730_BH5FH5DSX7, Lib_LV7008867127
/projects/caeg/data/production/LV7/008/867/LV7008867190/20240716_AH5F37DSX7, Lib_LV7008867190
/projects/caeg/data/production/LV7/008/867/LV7008867169/20240716_AH5F37DSX7, Lib_LV7008867169
/projects/caeg/data/production/LV7/008/867/LV7008867106/20240716_AH5F37DSX7, Lib_LV7008867106
/projects/caeg/data/production/LV7/008/867/LV7008867367/20240730_AH5FG5DSX7, Lib_LV7008867367
/projects/caeg/data/production/LV7/008/867/LV7008867318/20240730_AH5FG5DSX7, Lib_LV7008867318
/projects/caeg/data/production/LV7/008/867/LV7008867008/20240806_AH5FFKDSX7, Lib_LV7008867008
/projects/caeg/data/production/LV7/008/867/LV7008867341/20240730_AH5FG5DSX7, Lib_LV7008867341
/projects/caeg/data/production/LV7/008/867/LV7008867388/20240730_AH5FG5DSX7, Lib_LV7008867388
/projects/caeg/data/production/LV7/008/867/LV7008867356/20240730_AH5FG5DSX7, Lib_LV7008867356
/projects/caeg/data/production/LV7/008/867/LV7008867191/20240716_AH5F37DSX7, Lib_LV7008867191
/projects/caeg/data/production/LV7/008/867/LV7008867128/20240730_BH5FH5DSX7, Lib_LV7008867128
/projects/caeg/data/production/LV7/008/867/LV7008867390/20240730_AH5FG5DSX7, Lib_LV7008867390
/projects/caeg/data/production/LV7/008/867/LV7008867385/20240716_BH5FF5DSX7, Lib_LV7008867385
/projects/caeg/data/production/LV7/008/867/LV7008867130/20240716_AH5F37DSX7, Lib_LV7008867130
/projects/caeg/data/production/LV7/008/867/LV7008867113/20240730_BH5FH5DSX7, Lib_LV7008867113
/projects/caeg/data/production/LV7/008/867/LV7008867370/20240716_BH5FF5DSX7, Lib_LV7008867370
/projects/caeg/data/production/LV7/008/867/LV7008867164/20240730_BH5FH5DSX7, Lib_LV7008867164
/projects/caeg/data/production/LV7/008/867/LV7008867133/20240716_AH5F37DSX7, Lib_LV7008867133
/projects/caeg/data/production/LV7/008/867/LV7008867173/20240730_BH5FH5DSX7, Lib_LV7008867173
/projects/caeg/data/production/LV7/008/867/LV7008867378/20240730_AH5FG5DSX7, Lib_LV7008867378
/projects/caeg/data/production/LV7/008/867/LV7008867153/20240716_AH5F37DSX7, Lib_LV7008867153
/projects/caeg/data/production/LV7/008/867/LV7008867134/20240716_AH5F37DSX7, Lib_LV7008867134
/projects/caeg/data/production/LV7/008/867/LV7008867124/20240730_BH5FH5DSX7, Lib_LV7008867124
/projects/caeg/data/production/LV7/008/867/LV7008867123/20240730_BH5FH5DSX7, Lib_LV7008867123
/projects/caeg/data/production/LV7/008/867/LV7008867350/20240716_BH5FF5DSX7, Lib_LV7008867350
/projects/caeg/data/production/LV7/008/867/LV7008867156/20240716_AH5F37DSX7, Lib_LV7008867156
/projects/caeg/data/production/LV7/008/867/LV7008867325/20240716_BH5FF5DSX7, Lib_LV7008867325
/projects/caeg/data/production/LV7/008/867/LV7008867138/20240730_BH5FH5DSX7, Lib_LV7008867138
/projects/caeg/data/production/LV7/008/867/LV7008867401/20240730_AH5FG5DSX7, Lib_LV7008867401
/projects/caeg/data/production/LV7/008/867/LV7008867314/20240716_BH5FF5DSX7, Lib_LV7008867314
/projects/caeg/data/production/LV7/008/867/LV7008867373/20240716_BH5FF5DSX7, Lib_LV7008867373
/projects/caeg/data/production/LV7/008/867/LV7008867149/20240730_BH5FH5DSX7, Lib_LV7008867149
/projects/caeg/data/production/LV7/008/867/LV7008867400/20240730_AH5FG5DSX7, Lib_LV7008867400
/projects/caeg/data/production/LV7/008/867/LV7008867361/20240716_BH5FF5DSX7, Lib_LV7008867361
/projects/caeg/data/production/LV7/008/867/LV7008867336/20240716_BH5FF5DSX7, Lib_LV7008867336
/projects/caeg/data/production/LV7/008/867/LV7008867323/20240716_BH5FF5DSX7, Lib_LV7008867323
/projects/caeg/data/production/LV7/008/867/LV7008867142/20240716_AH5F37DSX7, Lib_LV7008867142
/projects/caeg/data/production/LV7/008/867/LV7008867337/20240716_BH5FF5DSX7, Lib_LV7008867337
/projects/caeg/data/production/LV7/008/867/LV7008867321/20240716_BH5FF5DSX7, Lib_LV7008867321
/projects/caeg/data/production/LV7/008/867/LV7008867394/20240716_BH5FF5DSX7, Lib_LV7008867394
/projects/caeg/data/production/LV7/008/867/LV7008867143/20240716_AH5F37DSX7, Lib_LV7008867143
/projects/caeg/data/production/LV7/008/867/LV7008867182/20240716_AH5F37DSX7, Lib_LV7008867182
/projects/caeg/data/production/LV7/008/867/LV7008867352/20240730_AH5FG5DSX7, Lib_LV7008867352
/projects/caeg/data/production/LV7/008/867/LV7008867362/20240716_BH5FF5DSX7, Lib_LV7008867362
/projects/caeg/data/production/LV7/008/867/LV7008867316/20240730_AH5FG5DSX7, Lib_LV7008867316
/projects/caeg/data/production/LV7/008/867/LV7008867309/20240716_BH5FF5DSX7, Lib_LV7008867309
/projects/caeg/data/production/LV7/008/867/LV7008867322/20240716_BH5FF5DSX7, Lib_LV7008867322
/projects/caeg/data/production/LV7/008/867/LV7008867349/20240716_BH5FF5DSX7, Lib_LV7008867349
/projects/caeg/data/production/LV7/008/867/LV7008867329/20240730_AH5FG5DSX7, Lib_LV7008867329
/projects/caeg/data/production/LV7/008/867/LV7008867312/20240716_BH5FF5DSX7, Lib_LV7008867312
/projects/caeg/data/production/LV7/008/867/LV7008867195/20240730_BH5FH5DSX7, Lib_LV7008867195
/projects/caeg/data/production/LV7/008/867/LV7008867354/20240730_AH5FG5DSX7, Lib_LV7008867354
/projects/caeg/data/production/LV7/008/867/LV7008867377/20240730_AH5FG5DSX7, Lib_LV7008867377
/projects/caeg/data/production/LV7/008/867/LV7008867397/20240716_BH5FF5DSX7, Lib_LV7008867397
/projects/caeg/data/production/LV7/008/867/LV7008867132/20240716_AH5F37DSX7, Lib_LV7008867132
/projects/caeg/data/production/LV7/008/867/LV7008867174/20240730_BH5FH5DSX7, Lib_LV7008867174
/projects/caeg/data/production/LV7/008/867/LV7008867324/20240716_BH5FF5DSX7, Lib_LV7008867324
/projects/caeg/data/production/LV7/008/867/LV7008867363/20240730_AH5FG5DSX7, Lib_LV7008867363
/projects/caeg/data/production/LV7/008/867/LV7008867006/20240806_AH5FFKDSX7, Lib_LV7008867006
/projects/caeg/data/production/LV7/008/867/LV7008867403/20240730_AH5FG5DSX7, Lib_LV7008867403
/projects/caeg/data/production/LV7/008/867/LV7008867342/20240730_AH5FG5DSX7, Lib_LV7008867342
/projects/caeg/data/production/LV7/008/867/LV7008867150/20240730_BH5FH5DSX7, Lib_LV7008867150
/projects/caeg/data/production/LV7/008/867/LV7008867144/20240716_AH5F37DSX7, Lib_LV7008867144
/projects/caeg/data/production/LV7/008/867/LV7008867179/20240716_AH5F37DSX7, Lib_LV7008867179
/projects/caeg/data/production/LV7/008/867/LV7008867404/20240730_AH5FG5DSX7, Lib_LV7008867404
/projects/caeg/data/production/LV7/008/867/LV7008867357/20240716_BH5FF5DSX7, Lib_LV7008867357
/projects/caeg/data/production/LV7/008/867/LV7008867343/20240730_AH5FG5DSX7, Lib_LV7008867343
/projects/caeg/data/production/LV7/008/867/LV7008867339/20240730_AH5FG5DSX7, Lib_LV7008867339
/projects/caeg/data/production/LV7/008/867/LV7008867348/20240716_BH5FF5DSX7, Lib_LV7008867348
/projects/caeg/data/production/LV7/008/867/LV7008867126/20240730_BH5FH5DSX7, Lib_LV7008867126
/projects/caeg/data/production/LV7/008/867/LV7008867330/20240730_AH5FG5DSX7, Lib_LV7008867330
/projects/caeg/data/production/LV7/008/867/LV7008867364/20240730_AH5FG5DSX7, Lib_LV7008867364
/projects/caeg/data/production/LV7/008/867/LV7008867155/20240716_AH5F37DSX7, Lib_LV7008867155
/projects/caeg/data/production/LV7/008/867/LV7008867162/20240730_BH5FH5DSX7, Lib_LV7008867162
/projects/caeg/data/production/LV7/008/867/LV7008867328/20240730_AH5FG5DSX7, Lib_LV7008867328
/projects/caeg/data/production/LV7/008/867/LV7008867320/20240730_AH5FG5DSX7, Lib_LV7008867320
/projects/caeg/data/production/LV7/008/867/LV7008867186/20240730_BH5FH5DSX7, Lib_LV7008867186
/projects/caeg/data/production/LV7/008/867/LV7008867399/20240730_AH5FG5DSX7, Lib_LV7008867399
/projects/caeg/data/production/LV7/008/867/LV7008867172/20240730_BH5FH5DSX7, Lib_LV7008867172
/projects/caeg/data/production/LV7/008/867/LV7008867355/20240730_AH5FG5DSX7, Lib_LV7008867355
/projects/caeg/data/production/LV7/008/959/LV7008959486/20240318_AH3CMHDSX7, Lib_LV7008959486
/projects/caeg/data/production/LV7/008/959/LV7008959391/20240423_BH5FGWDSX7, Lib_LV7008959391
/projects/caeg/data/production/LV7/008/959/LV7008959576/20240423_BH5FGWDSX7, Lib_LV7008959576
/projects/caeg/data/production/LV7/008/959/LV7008959529/20240117_AHTMGNDSX5, Lib_LV7008959529
/projects/caeg/data/production/LV7/008/954/LV7008954795/20240702_BH5F5KDSX7, Lib_LV7008954795
/projects/caeg/data/production/LV7/008/886/LV7008886445/20240926_AH5FHKDSX7, Lib_LV7008886445
/projects/caeg/data/production/LV7/008/886/LV7008886639/20240926_AH5FHKDSX7, Lib_LV7008886639
/projects/caeg/data/production/LV7/008/886/LV7008886647/20240918_BH5FCMDSX7, Lib_LV7008886647
/projects/caeg/data/production/LV7/008/886/LV7008886226/20240801_BH5FG3DSX7, Lib_LV7008886226
/projects/caeg/data/production/LV7/008/886/LV7008886727/20240801_BH5FG3DSX7, Lib_LV7008886727
/projects/caeg/data/production/LV7/008/886/LV7008886492/20240926_AH5FHKDSX7, Lib_LV7008886492
/projects/caeg/data/production/LV7/008/886/LV7008886726/20240801_BH5FG3DSX7, Lib_LV7008886726
/projects/caeg/data/production/LV7/008/886/LV7008886708/20240801_AH5CY7DSX7, Lib_LV7008886708
/projects/caeg/data/production/LV7/008/886/LV7008886627/20240926_AH5FHKDSX7, Lib_LV7008886627
/projects/caeg/data/production/LV7/008/886/LV7008886439/20240924_BH5CW5DSX7, Lib_LV7008886439
/projects/caeg/data/production/LV7/008/886/LV7008886439/20240916_BH5CWLDSX7, Lib_LV7008886439
/projects/caeg/data/production/LV7/008/886/LV7008886719/20240801_AH5CY7DSX7, Lib_LV7008886719
/projects/caeg/data/production/LV7/008/886/LV7008886607/20240918_BH5FCMDSX7, Lib_LV7008886607
/projects/caeg/data/production/LV7/008/886/LV7008886220/20240926_AH5FHKDSX7, Lib_LV7008886220
/projects/caeg/data/production/LV7/008/886/LV7008886220/20240924_BH5CW5DSX7, Lib_LV7008886220
/projects/caeg/data/production/LV7/008/886/LV7008886220/20240916_BH5CWLDSX7, Lib_LV7008886220
/projects/caeg/data/production/LV7/008/886/LV7008886723/20240801_AH5CY7DSX7, Lib_LV7008886723
/projects/caeg/data/production/LV7/008/886/LV7008886781/20240801_AH5CY7DSX7, Lib_LV7008886781
/projects/caeg/data/production/LV7/008/886/LV7008886632/20240918_BH5FCMDSX7, Lib_LV7008886632
/projects/caeg/data/production/LV7/008/886/LV7008886491/20240926_AH5FHKDSX7, Lib_LV7008886491
/projects/caeg/data/production/LV7/008/886/LV7008886491/20240924_BH5CW5DSX7, Lib_LV7008886491
/projects/caeg/data/production/LV7/008/886/LV7008886491/20240916_BH5CWLDSX7, Lib_LV7008886491
/projects/caeg/data/production/LV7/008/886/LV7008886775/20240801_BH5FG3DSX7, Lib_LV7008886775
/projects/caeg/data/production/LV7/008/886/LV7008886722/20240801_AH5CY7DSX7, Lib_LV7008886722
/projects/caeg/data/production/LV7/008/886/LV7008886707/20240801_AH5CY7DSX7, Lib_LV7008886707
/projects/caeg/data/production/LV7/008/886/LV7008886763/20240801_BH5FG3DSX7, Lib_LV7008886763
/projects/caeg/data/production/LV7/008/886/LV7008886448/20240926_AH5FHKDSX7, Lib_LV7008886448
/projects/caeg/data/production/LV7/008/886/LV7008886446/20240926_AH5FHKDSX7, Lib_LV7008886446
/projects/caeg/data/production/LV7/008/886/LV7008886745/20240801_AH5CY7DSX7, Lib_LV7008886745
/projects/caeg/data/production/LV7/008/886/LV7008886417/20240924_BH5CW5DSX7, Lib_LV7008886417
/projects/caeg/data/production/LV7/008/886/LV7008886417/20240916_BH5CWLDSX7, Lib_LV7008886417
/projects/caeg/data/production/LV7/008/886/LV7008886631/20240918_BH5FCMDSX7, Lib_LV7008886631
/projects/caeg/data/production/LV7/008/886/LV7008886478/20240926_AH5FHKDSX7, Lib_LV7008886478
/projects/caeg/data/production/LV7/008/886/LV7008886221/20240801_BH5FG3DSX7, Lib_LV7008886221
/projects/caeg/data/production/LV7/008/886/LV7008886433/20240926_AH5FHKDSX7, Lib_LV7008886433
/projects/caeg/data/production/LV7/008/886/LV7008886662/20240926_AH5FHKDSX7, Lib_LV7008886662
/projects/caeg/data/production/LV7/008/886/LV7008886700/20240801_AH5CY7DSX7, Lib_LV7008886700
/projects/caeg/data/production/LV7/008/886/LV7008886427/20240924_BH5CW5DSX7, Lib_LV7008886427
/projects/caeg/data/production/LV7/008/886/LV7008886427/20240916_BH5CWLDSX7, Lib_LV7008886427
/projects/caeg/data/production/LV7/008/886/LV7008886742/20240801_BH5FG3DSX7, Lib_LV7008886742
/projects/caeg/data/production/LV7/008/886/LV7008886402/20240924_BH5CW5DSX7, Lib_LV7008886402
/projects/caeg/data/production/LV7/008/886/LV7008886402/20240916_BH5CWLDSX7, Lib_LV7008886402
/projects/caeg/data/production/LV7/008/886/LV7008886612/20240918_BH5FCMDSX7, Lib_LV7008886612
/projects/caeg/data/production/LV7/008/886/LV7008886603/20240926_AH5FHKDSX7, Lib_LV7008886603
/projects/caeg/data/production/LV7/008/886/LV7008886228/20240801_AH5CY7DSX7, Lib_LV7008886228
/projects/caeg/data/production/LV7/008/886/LV7008886488/20240924_BH5CW5DSX7, Lib_LV7008886488
/projects/caeg/data/production/LV7/008/886/LV7008886488/20240916_BH5CWLDSX7, Lib_LV7008886488
/projects/caeg/data/production/LV7/008/886/LV7008886600/20240918_BH5FCMDSX7, Lib_LV7008886600
/projects/caeg/data/production/LV7/008/886/LV7008886684/20240918_BH5FCMDSX7, Lib_LV7008886684
/projects/caeg/data/production/LV7/008/886/LV7008886783/20240801_AH5CY7DSX7, Lib_LV7008886783
/projects/caeg/data/production/LV7/008/886/LV7008886441/20240924_BH5CW5DSX7, Lib_LV7008886441
/projects/caeg/data/production/LV7/008/886/LV7008886416/20240924_BH5CW5DSX7, Lib_LV7008886416
/projects/caeg/data/production/LV7/008/886/LV7008886751/20240801_BH5FG3DSX7, Lib_LV7008886751
/projects/caeg/data/production/LV7/008/886/LV7008886209/20240918_BH5FCMDSX7, Lib_LV7008886209
/projects/caeg/data/production/LV7/008/886/LV7008886706/20240801_BH5FG3DSX7, Lib_LV7008886706
/projects/caeg/data/production/LV7/008/886/LV7008886413/20240924_BH5CW5DSX7, Lib_LV7008886413
/projects/caeg/data/production/LV7/008/886/LV7008886413/20240916_BH5CWLDSX7, Lib_LV7008886413
/projects/caeg/data/production/LV7/008/886/LV7008886414/20240924_BH5CW5DSX7, Lib_LV7008886414
/projects/caeg/data/production/LV7/008/886/LV7008886421/20240926_AH5FHKDSX7, Lib_LV7008886421
/projects/caeg/data/production/LV7/008/886/LV7008886759/20240801_AH5CY7DSX7, Lib_LV7008886759
/projects/caeg/data/production/LV7/008/886/LV7008886230/20240926_AH5FHKDSX7, Lib_LV7008886230
/projects/caeg/data/production/LV7/008/886/LV7008886410/20240926_AH5FHKDSX7, Lib_LV7008886410
/projects/caeg/data/production/LV7/008/886/LV7008886437/20240924_BH5CW5DSX7, Lib_LV7008886437
/projects/caeg/data/production/LV7/008/886/LV7008886724/20240801_AH5CY7DSX7, Lib_LV7008886724
/projects/caeg/data/production/LV7/008/886/LV7008886732/20240801_AH5CY7DSX7, Lib_LV7008886732
/projects/caeg/data/production/LV7/008/886/LV7008886466/20240926_AH5FHKDSX7, Lib_LV7008886466
/projects/caeg/data/production/LV7/008/886/LV7008886650/20240926_AH5FHKDSX7, Lib_LV7008886650
/projects/caeg/data/production/LV7/008/886/LV7008886438/20240924_BH5CW5DSX7, Lib_LV7008886438
/projects/caeg/data/production/LV7/008/886/LV7008886728/20240801_BH5FG3DSX7, Lib_LV7008886728
/projects/caeg/data/production/LV7/008/886/LV7008886702/20240801_BH5FG3DSX7, Lib_LV7008886702
/projects/caeg/data/production/LV7/008/886/LV7008886675/20240926_AH5FHKDSX7, Lib_LV7008886675
/projects/caeg/data/production/LV7/008/886/LV7008886676/20240926_AH5FHKDSX7, Lib_LV7008886676
/projects/caeg/data/production/LV7/008/886/LV7008886201/20240926_AH5FHKDSX7, Lib_LV7008886201
/projects/caeg/data/production/LV7/008/886/LV7008886690/20240801_BH5FG3DSX7, Lib_LV7008886690
/projects/caeg/data/production/LV7/008/886/LV7008886613/20240918_BH5FCMDSX7, Lib_LV7008886613
/projects/caeg/data/production/LV7/008/886/LV7008886663/20240926_AH5FHKDSX7, Lib_LV7008886663
/projects/caeg/data/production/LV7/008/886/LV7008886768/20240801_AH5CY7DSX7, Lib_LV7008886768
/projects/caeg/data/production/LV7/008/886/LV7008886415/20240924_BH5CW5DSX7, Lib_LV7008886415
/projects/caeg/data/production/LV7/008/886/LV7008886415/20240916_BH5CWLDSX7, Lib_LV7008886415
/projects/caeg/data/production/LV7/008/886/LV7008886435/20240926_AH5FHKDSX7, Lib_LV7008886435
/projects/caeg/data/production/LV7/008/886/LV7008886772/20240801_AH5CY7DSX7, Lib_LV7008886772
/projects/caeg/data/production/LV7/008/886/LV7008886425/20240924_BH5CW5DSX7, Lib_LV7008886425
/projects/caeg/data/production/LV7/008/886/LV7008886419/20240926_AH5FHKDSX7, Lib_LV7008886419
/projects/caeg/data/production/LV7/008/886/LV7008886741/20240801_BH5FG3DSX7, Lib_LV7008886741
/projects/caeg/data/production/LV7/008/886/LV7008886601/20240926_AH5FHKDSX7, Lib_LV7008886601
/projects/caeg/data/production/LV7/008/886/LV7008886634/20240918_BH5FCMDSX7, Lib_LV7008886634
/projects/caeg/data/production/LV7/008/886/LV7008886432/20240926_AH5FHKDSX7, Lib_LV7008886432
/projects/caeg/data/production/LV7/008/886/LV7008886698/20240801_AH5CY7DSX7, Lib_LV7008886698
/projects/caeg/data/production/LV7/008/886/LV7008886409/20240926_AH5FHKDSX7, Lib_LV7008886409
/projects/caeg/data/production/LV7/008/886/LV7008886760/20240801_AH5CY7DSX7, Lib_LV7008886760
/projects/caeg/data/production/LV7/008/886/LV7008886715/20240801_BH5FG3DSX7, Lib_LV7008886715
/projects/caeg/data/production/LV7/008/886/LV7008886755/20240801_AH5CY7DSX7, Lib_LV7008886755
/projects/caeg/data/production/LV7/008/886/LV7008886470/20240926_AH5FHKDSX7, Lib_LV7008886470
/projects/caeg/data/production/LV7/008/886/LV7008886457/20240926_AH5FHKDSX7, Lib_LV7008886457
/projects/caeg/data/production/LV7/008/886/LV7008886428/20240924_BH5CW5DSX7, Lib_LV7008886428
/projects/caeg/data/production/LV7/008/886/LV7008886428/20240916_BH5CWLDSX7, Lib_LV7008886428
/projects/caeg/data/production/LV7/008/886/LV7008886458/20240926_AH5FHKDSX7, Lib_LV7008886458
/projects/caeg/data/production/LV7/008/886/LV7008886640/20240926_AH5FHKDSX7, Lib_LV7008886640
/projects/caeg/data/production/LV7/008/886/LV7008886412/20240926_AH5FHKDSX7, Lib_LV7008886412
/projects/caeg/data/production/LV7/008/886/LV7008886635/20240918_BH5FCMDSX7, Lib_LV7008886635
/projects/caeg/data/production/LV7/008/886/LV7008886703/20240801_BH5FG3DSX7, Lib_LV7008886703
/projects/caeg/data/production/LV7/008/886/LV7008886449/20240924_BH5CW5DSX7, Lib_LV7008886449
/projects/caeg/data/production/LV7/008/886/LV7008886664/20240926_AH5FHKDSX7, Lib_LV7008886664
/projects/caeg/data/production/LV7/008/886/LV7008886452/20240924_BH5CW5DSX7, Lib_LV7008886452
/projects/caeg/data/production/LV7/008/886/LV7008886711/20240801_AH5CY7DSX7, Lib_LV7008886711
/projects/caeg/data/production/LV7/008/886/LV7008886731/20240801_AH5CY7DSX7, Lib_LV7008886731
/projects/caeg/data/production/LV7/008/886/LV7008886460/20240926_AH5FHKDSX7, Lib_LV7008886460
/projects/caeg/data/production/LV7/008/886/LV7008886494/20240926_AH5FHKDSX7, Lib_LV7008886494
/projects/caeg/data/production/LV7/008/886/LV7008886754/20240801_BH5FG3DSX7, Lib_LV7008886754
/projects/caeg/data/production/LV7/008/886/LV7008886440/20240924_BH5CW5DSX7, Lib_LV7008886440
/projects/caeg/data/production/LV7/008/886/LV7008886440/20240916_BH5CWLDSX7, Lib_LV7008886440
/projects/caeg/data/production/LV7/008/886/LV7008886455/20240926_AH5FHKDSX7, Lib_LV7008886455
/projects/caeg/data/production/LV7/008/886/LV7008886766/20240801_BH5FG3DSX7, Lib_LV7008886766
/projects/caeg/data/production/LV7/008/886/LV7008886659/20240918_BH5FCMDSX7, Lib_LV7008886659
/projects/caeg/data/production/LV7/008/886/LV7008886222/20240801_AH5CY7DSX7, Lib_LV7008886222
/projects/caeg/data/production/LV7/008/886/LV7008886648/20240918_BH5FCMDSX7, Lib_LV7008886648
/projects/caeg/data/production/LV7/008/886/LV7008886617/20240918_BH5FCMDSX7, Lib_LV7008886617
/projects/caeg/data/production/LV7/008/886/LV7008886626/20240926_AH5FHKDSX7, Lib_LV7008886626
/projects/caeg/data/production/LV7/008/886/LV7008886721/20240801_AH5CY7DSX7, Lib_LV7008886721
/projects/caeg/data/production/LV7/008/886/LV7008886770/20240801_AH5CY7DSX7, Lib_LV7008886770
/projects/caeg/data/production/LV7/008/886/LV7008886636/20240918_BH5FCMDSX7, Lib_LV7008886636
/projects/caeg/data/production/LV7/008/886/LV7008886784/20240801_AH5CY7DSX7, Lib_LV7008886784
/projects/caeg/data/production/LV7/008/886/LV7008886695/20240801_AH5CY7DSX7, Lib_LV7008886695
/projects/caeg/data/production/LV7/008/886/LV7008886459/20240926_AH5FHKDSX7, Lib_LV7008886459
/projects/caeg/data/production/LV7/008/886/LV7008886447/20240926_AH5FHKDSX7, Lib_LV7008886447
/projects/caeg/data/production/LV7/008/886/LV7008886483/20240926_AH5FHKDSX7, Lib_LV7008886483
/projects/caeg/data/production/LV7/008/886/LV7008886740/20240801_BH5FG3DSX7, Lib_LV7008886740
/projects/caeg/data/production/LV7/008/886/LV7008886408/20240926_AH5FHKDSX7, Lib_LV7008886408
/projects/caeg/data/production/LV7/008/886/LV7008886423/20240926_AH5FHKDSX7, Lib_LV7008886423
/projects/caeg/data/production/LV7/008/886/LV7008886730/20240801_BH5FG3DSX7, Lib_LV7008886730
/projects/caeg/data/production/LV7/008/886/LV7008886739/20240801_BH5FG3DSX7, Lib_LV7008886739
/projects/caeg/data/production/LV7/008/886/LV7008886229/20240801_BH5FG3DSX7, Lib_LV7008886229
/projects/caeg/data/production/LV7/008/886/LV7008886471/20240926_AH5FHKDSX7, Lib_LV7008886471
/projects/caeg/data/production/LV7/008/886/LV7008886712/20240801_AH5CY7DSX7, Lib_LV7008886712
/projects/caeg/data/production/LV7/008/886/LV7008886490/20240926_AH5FHKDSX7, Lib_LV7008886490
/projects/caeg/data/production/LV7/008/886/LV7008886683/20240926_AH5FHKDSX7, Lib_LV7008886683
/projects/caeg/data/production/LV7/008/886/LV7008886683/20240918_BH5FCMDSX7, Lib_LV7008886683
/projects/caeg/data/production/LV7/008/886/LV7008886752/20240801_BH5FG3DSX7, Lib_LV7008886752
/projects/caeg/data/production/LV7/008/886/LV7008886717/20240801_BH5FG3DSX7, Lib_LV7008886717
/projects/caeg/data/production/LV7/008/886/LV7008886608/20240918_BH5FCMDSX7, Lib_LV7008886608
/projects/caeg/data/production/LV7/008/886/LV7008886456/20240926_AH5FHKDSX7, Lib_LV7008886456
/projects/caeg/data/production/LV7/008/886/LV7008886430/20240926_AH5FHKDSX7, Lib_LV7008886430
/projects/caeg/data/production/LV7/008/886/LV7008886442/20240926_AH5FHKDSX7, Lib_LV7008886442
/projects/caeg/data/production/LV7/008/886/LV7008886748/20240801_AH5CY7DSX7, Lib_LV7008886748
/projects/caeg/data/production/LV7/008/886/LV7008886403/20240924_BH5CW5DSX7, Lib_LV7008886403
/projects/caeg/data/production/LV7/008/886/LV7008886403/20240916_BH5CWLDSX7, Lib_LV7008886403
/projects/caeg/data/production/LV7/008/886/LV7008886487/20240924_BH5CW5DSX7, Lib_LV7008886487
/projects/caeg/data/production/LV7/008/886/LV7008886765/20240801_BH5FG3DSX7, Lib_LV7008886765
/projects/caeg/data/production/LV7/008/886/LV7008886615/20240926_AH5FHKDSX7, Lib_LV7008886615
/projects/caeg/data/production/LV7/008/886/LV7008886780/20240801_AH5CY7DSX7, Lib_LV7008886780
/projects/caeg/data/production/LV7/008/886/LV7008886493/20240926_AH5FHKDSX7, Lib_LV7008886493
/projects/caeg/data/production/LV7/008/886/LV7008886496/20240926_AH5FHKDSX7, Lib_LV7008886496
/projects/caeg/data/production/LV7/008/886/LV7008886729/20240801_BH5FG3DSX7, Lib_LV7008886729
/projects/caeg/data/production/LV7/008/886/LV7008886720/20240801_AH5CY7DSX7, Lib_LV7008886720
/projects/caeg/data/production/LV7/008/886/LV7008886743/20240801_AH5CY7DSX7, Lib_LV7008886743
/projects/caeg/data/production/LV7/008/886/LV7008886778/20240801_BH5FG3DSX7, Lib_LV7008886778
/projects/caeg/data/production/LV7/008/886/LV7008886714/20240801_BH5FG3DSX7, Lib_LV7008886714
/projects/caeg/data/production/LV7/008/886/LV7008886411/20240926_AH5FHKDSX7, Lib_LV7008886411
/projects/caeg/data/production/LV7/008/886/LV7008886443/20240926_AH5FHKDSX7, Lib_LV7008886443
/projects/caeg/data/production/LV7/008/886/LV7008886495/20240926_AH5FHKDSX7, Lib_LV7008886495
/projects/caeg/data/production/LV7/008/886/LV7008886638/20240926_AH5FHKDSX7, Lib_LV7008886638
/projects/caeg/data/production/LV7/008/886/LV7008886782/20240801_AH5CY7DSX7, Lib_LV7008886782
/projects/caeg/data/production/LV7/008/886/LV7008886718/20240801_BH5FG3DSX7, Lib_LV7008886718
/projects/caeg/data/production/LV7/008/886/LV7008886469/20240926_AH5FHKDSX7, Lib_LV7008886469
/projects/caeg/data/production/LV7/008/886/LV7008886232/20240926_AH5FHKDSX7, Lib_LV7008886232
/projects/caeg/data/production/LV7/008/886/LV7008886764/20240801_BH5FG3DSX7, Lib_LV7008886764
/projects/caeg/data/production/LV7/008/886/LV7008886434/20240926_AH5FHKDSX7, Lib_LV7008886434
/projects/caeg/data/production/LV7/008/886/LV7008886686/20240926_AH5FHKDSX7, Lib_LV7008886686
/projects/caeg/data/production/LV7/008/886/LV7008886779/20240801_AH5CY7DSX7, Lib_LV7008886779
/projects/caeg/data/production/LV7/008/886/LV7008886602/20240926_AH5FHKDSX7, Lib_LV7008886602
/projects/caeg/data/production/LV7/008/886/LV7008886481/20240926_AH5FHKDSX7, Lib_LV7008886481
/projects/caeg/data/production/LV7/008/886/LV7008886407/20240926_AH5FHKDSX7, Lib_LV7008886407
/projects/caeg/data/production/LV7/008/886/LV7008886709/20240801_AH5CY7DSX7, Lib_LV7008886709
/projects/caeg/data/production/LV7/008/886/LV7008886694/20240801_BH5FG3DSX7, Lib_LV7008886694
/projects/caeg/data/production/LV7/008/886/LV7008886753/20240801_BH5FG3DSX7, Lib_LV7008886753
/projects/caeg/data/production/LV7/008/886/LV7008886482/20240926_AH5FHKDSX7, Lib_LV7008886482
/projects/caeg/data/production/LV7/008/886/LV7008886697/20240801_AH5CY7DSX7, Lib_LV7008886697
/projects/caeg/data/production/LV7/008/886/LV7008886467/20240926_AH5FHKDSX7, Lib_LV7008886467
/projects/caeg/data/production/LV7/008/886/LV7008886198/20240924_BH5CW5DSX7, Lib_LV7008886198
/projects/caeg/data/production/LV7/008/886/LV7008886418/20240926_AH5FHKDSX7, Lib_LV7008886418
/projects/caeg/data/production/LV7/008/886/LV7008886687/20240926_AH5FHKDSX7, Lib_LV7008886687
/projects/caeg/data/production/LV7/008/886/LV7008886704/20240801_BH5FG3DSX7, Lib_LV7008886704
/projects/caeg/data/production/LV7/008/886/LV7008886757/20240801_AH5CY7DSX7, Lib_LV7008886757
/projects/caeg/data/production/LV7/008/886/LV7008886426/20240924_BH5CW5DSX7, Lib_LV7008886426
/projects/caeg/data/production/LV7/008/886/LV7008886672/20240918_BH5FCMDSX7, Lib_LV7008886672
/projects/caeg/data/production/LV7/008/886/LV7008886624/20240918_BH5FCMDSX7, Lib_LV7008886624
/projects/caeg/data/production/LV7/008/886/LV7008886661/20240918_BH5FCMDSX7, Lib_LV7008886661
/projects/caeg/data/production/LV7/008/886/LV7008886744/20240801_AH5CY7DSX7, Lib_LV7008886744
/projects/caeg/data/production/LV7/008/886/LV7008886653/20240926_AH5FHKDSX7, Lib_LV7008886653
/projects/caeg/data/production/LV7/008/886/LV7008886653/20240918_BH5FCMDSX7, Lib_LV7008886653
/projects/caeg/data/production/LV7/008/886/LV7008886625/20240918_BH5FCMDSX7, Lib_LV7008886625
/projects/caeg/data/production/LV7/008/886/LV7008886464/20240924_BH5CW5DSX7, Lib_LV7008886464
/projects/caeg/data/production/LV7/008/886/LV7008886464/20240916_BH5CWLDSX7, Lib_LV7008886464
/projects/caeg/data/production/LV7/008/886/LV7008886776/20240801_BH5FG3DSX7, Lib_LV7008886776
/projects/caeg/data/production/LV7/008/886/LV7008886628/20240926_AH5FHKDSX7, Lib_LV7008886628
/projects/caeg/data/production/LV7/008/886/LV7008886649/20240918_BH5FCMDSX7, Lib_LV7008886649
/projects/caeg/data/production/LV7/008/886/LV7008886197/20240926_AH5FHKDSX7, Lib_LV7008886197
/projects/caeg/data/production/LV7/008/886/LV7008886616/20240926_AH5FHKDSX7, Lib_LV7008886616
/projects/caeg/data/production/LV7/008/886/LV7008886223/20240801_AH5CY7DSX7, Lib_LV7008886223
/projects/caeg/data/production/LV7/008/886/LV7008886710/20240801_AH5CY7DSX7, Lib_LV7008886710
/projects/caeg/data/production/LV7/008/886/LV7008886747/20240801_AH5CY7DSX7, Lib_LV7008886747
/projects/caeg/data/production/LV7/008/886/LV7008886472/20240926_AH5FHKDSX7, Lib_LV7008886472
/projects/caeg/data/production/LV7/008/886/LV7008886420/20240926_AH5FHKDSX7, Lib_LV7008886420
/projects/caeg/data/production/LV7/008/886/LV7008886480/20240926_AH5FHKDSX7, Lib_LV7008886480
/projects/caeg/data/production/LV7/008/886/LV7008886454/20240926_AH5FHKDSX7, Lib_LV7008886454
/projects/caeg/data/production/LV7/008/886/LV7008886477/20240924_BH5CW5DSX7, Lib_LV7008886477
/projects/caeg/data/production/LV7/008/886/LV7008886660/20240918_BH5FCMDSX7, Lib_LV7008886660
/projects/caeg/data/production/LV7/008/886/LV7008886474/20240924_BH5CW5DSX7, Lib_LV7008886474
/projects/caeg/data/production/LV7/008/886/LV7008886474/20240916_BH5CWLDSX7, Lib_LV7008886474
/projects/caeg/data/production/LV7/008/886/LV7008886692/20240801_BH5FG3DSX7, Lib_LV7008886692
/projects/caeg/data/production/LV7/008/886/LV7008886705/20240801_BH5FG3DSX7, Lib_LV7008886705
/projects/caeg/data/production/LV7/008/886/LV7008886769/20240801_AH5CY7DSX7, Lib_LV7008886769
/projects/caeg/data/production/LV7/008/886/LV7008886431/20240926_AH5FHKDSX7, Lib_LV7008886431
/projects/caeg/data/production/LV7/008/886/LV7008886424/20240926_AH5FHKDSX7, Lib_LV7008886424
/projects/caeg/data/production/LV7/008/886/LV7008886422/20240926_AH5FHKDSX7, Lib_LV7008886422
/projects/caeg/data/production/LV7/008/886/LV7008886699/20240801_AH5CY7DSX7, Lib_LV7008886699
/projects/caeg/data/production/LV7/008/886/LV7008886651/20240926_AH5FHKDSX7, Lib_LV7008886651
/projects/caeg/data/production/LV7/008/886/LV7008886652/20240926_AH5FHKDSX7, Lib_LV7008886652
/projects/caeg/data/production/LV7/008/886/LV7008886758/20240801_AH5CY7DSX7, Lib_LV7008886758
/projects/caeg/data/production/LV7/008/886/LV7008886436/20240926_AH5FHKDSX7, Lib_LV7008886436
/projects/caeg/data/production/LV7/008/886/LV7008886771/20240801_AH5CY7DSX7, Lib_LV7008886771
/projects/caeg/data/production/LV7/008/886/LV7008886604/20240926_AH5FHKDSX7, Lib_LV7008886604
/projects/caeg/data/production/LV7/008/886/LV7008886484/20240926_AH5FHKDSX7, Lib_LV7008886484
/projects/caeg/data/production/LV7/008/886/LV7008886746/20240801_AH5CY7DSX7, Lib_LV7008886746
/projects/caeg/data/production/LV7/008/886/LV7008886756/20240801_AH5CY7DSX7, Lib_LV7008886756
/projects/caeg/data/production/LV7/008/886/LV7008886614/20240926_AH5FHKDSX7, Lib_LV7008886614
/projects/caeg/data/production/LV7/008/961/LV7008961394/20240117_AHTMGNDSX5, Lib_LV7008961394
/projects/caeg/data/production/LV7/008/961/LV7008961322/20240117_AHTMGNDSX5, Lib_LV7008961322
/projects/caeg/data/production/LV7/008/961/LV7008961393/20240117_AHTMGNDSX5, Lib_LV7008961393
/projects/caeg/data/production/LV7/008/961/LV7008961020/20240318_AH3CMHDSX7, Lib_LV7008961020
/projects/caeg/data/production/LV7/008/961/LV7008961412/20240117_AHTMGNDSX5, Lib_LV7008961412
/projects/caeg/data/production/LV7/008/961/LV7008961345/20240117_AHTMGNDSX5, Lib_LV7008961345
/projects/caeg/data/production/LV7/008/961/LV7008961318/20240117_AHTMGNDSX5, Lib_LV7008961318
/projects/caeg/data/production/LV7/008/961/LV7008961056/20240318_AH3CMHDSX7, Lib_LV7008961056
/projects/caeg/data/production/LV7/008/961/LV7008961043/20240318_AH3CMHDSX7, Lib_LV7008961043
/projects/caeg/data/production/LV7/008/961/LV7008961354/20240117_AHTMGNDSX5, Lib_LV7008961354
/projects/caeg/data/production/LV7/008/961/LV7008961017/20240318_AH3CMHDSX7, Lib_LV7008961017
/projects/caeg/data/production/LV7/008/961/LV7008961378/20240117_AHTMGNDSX5, Lib_LV7008961378
/projects/caeg/data/production/LV7/008/961/LV7008961334/20240117_AHTMGNDSX5, Lib_LV7008961334
/projects/caeg/data/production/LV7/008/961/LV7008961379/20240117_AHTMGNDSX5, Lib_LV7008961379
/projects/caeg/data/production/LV7/008/961/LV7008961366/20240117_AHTMGNDSX5, Lib_LV7008961366
/projects/caeg/data/production/LV7/008/961/LV7008961325/20240117_AHTMGNDSX5, Lib_LV7008961325
/projects/caeg/data/production/LV7/008/961/LV7008961006/20240318_AH3CMHDSX7, Lib_LV7008961006
/projects/caeg/data/production/LV7/008/961/LV7008961346/20240117_AHTMGNDSX5, Lib_LV7008961346
/projects/caeg/data/production/LV7/008/961/LV7008961368/20240117_AHTMGNDSX5, Lib_LV7008961368
/projects/caeg/data/production/LV7/008/961/LV7008961360/20240117_AHTMGNDSX5, Lib_LV7008961360
/projects/caeg/data/production/LV7/008/961/LV7008961030/20240318_AH3CMHDSX7, Lib_LV7008961030
/projects/caeg/data/production/LV7/008/961/LV7008961373/20240117_AHTMGNDSX5, Lib_LV7008961373
/projects/caeg/data/production/LV7/008/961/LV7008961177/20240724_BH5F2GDSX7, Lib_LV7008961177
/projects/caeg/data/production/LV7/008/961/LV7008961009/20240318_AH3CMHDSX7, Lib_LV7008961009
/projects/caeg/data/production/LV7/008/961/LV7008961319/20240117_AHTMGNDSX5, Lib_LV7008961319
/projects/caeg/data/production/LV7/008/961/LV7008961010/20240318_AH3CMHDSX7, Lib_LV7008961010
/projects/caeg/data/production/LV7/008/961/LV7008961078/20240318_AH3CMHDSX7, Lib_LV7008961078
/projects/caeg/data/production/LV7/008/961/LV7008961367/20240117_AHTMGNDSX5, Lib_LV7008961367
/projects/caeg/data/production/LV7/008/961/LV7008961021/20240318_AH3CMHDSX7, Lib_LV7008961021
/projects/caeg/data/production/LV7/008/961/LV7008961387/20240117_AHTMGNDSX5, Lib_LV7008961387
/projects/caeg/data/production/LV7/008/961/LV7008961066/20240318_AH3CMHDSX7, Lib_LV7008961066
/projects/caeg/data/production/LV7/008/961/LV7008961357/20240117_AHTMGNDSX5, Lib_LV7008961357
/projects/caeg/data/production/LV7/008/961/LV7008961390/20240117_AHTMGNDSX5, Lib_LV7008961390
/projects/caeg/data/production/LV7/008/961/LV7008961323/20240117_AHTMGNDSX5, Lib_LV7008961323
/projects/caeg/data/production/LV7/008/961/LV7008961126/20240724_BH5F2GDSX7, Lib_LV7008961126
/projects/caeg/data/production/LV7/008/961/LV7008961405/20240117_AHTMGNDSX5, Lib_LV7008961405
/projects/caeg/data/production/LV7/008/961/LV7008961045/20240318_AH3CMHDSX7, Lib_LV7008961045
/projects/caeg/data/production/LV7/008/961/LV7008961068/20240318_AH3CMHDSX7, Lib_LV7008961068
/projects/caeg/data/production/LV7/008/961/LV7008961410/20240117_AHTMGNDSX5, Lib_LV7008961410
/projects/caeg/data/production/LV7/008/961/LV7008961151/20240702_BH5F5KDSX7, Lib_LV7008961151
/projects/caeg/data/production/LV7/008/961/LV7008961332/20240117_AHTMGNDSX5, Lib_LV7008961332
/projects/caeg/data/production/LV7/008/961/LV7008961371/20240117_AHTMGNDSX5, Lib_LV7008961371
/projects/caeg/data/production/LV7/008/961/LV7008961369/20240117_AHTMGNDSX5, Lib_LV7008961369
/projects/caeg/data/production/LV7/008/961/LV7008961396/20240117_AHTMGNDSX5, Lib_LV7008961396
/projects/caeg/data/production/LV7/008/961/LV7008961328/20240117_AHTMGNDSX5, Lib_LV7008961328
/projects/caeg/data/production/LV7/008/961/LV7008961183/20240724_BH5F2GDSX7, Lib_LV7008961183
/projects/caeg/data/production/LV7/008/961/LV7008961320/20240117_AHTMGNDSX5, Lib_LV7008961320
/projects/caeg/data/production/LV7/008/961/LV7008961058/20240318_AH3CMHDSX7, Lib_LV7008961058
/projects/caeg/data/production/LV7/008/961/LV7008961046/20240318_AH3CMHDSX7, Lib_LV7008961046
/projects/caeg/data/production/LV7/008/961/LV7008961380/20240117_AHTMGNDSX5, Lib_LV7008961380
/projects/caeg/data/production/LV7/008/961/LV7008961331/20240117_AHTMGNDSX5, Lib_LV7008961331
/projects/caeg/data/production/LV7/008/961/LV7008961384/20240117_AHTMGNDSX5, Lib_LV7008961384
/projects/caeg/data/production/LV7/008/961/LV7008961406/20240117_AHTMGNDSX5, Lib_LV7008961406
/projects/caeg/data/production/LV7/008/961/LV7008961341/20240117_AHTMGNDSX5, Lib_LV7008961341
/projects/caeg/data/production/LV7/008/961/LV7008961375/20240117_AHTMGNDSX5, Lib_LV7008961375
/projects/caeg/data/production/LV7/008/961/LV7008961005/20240318_AH3CMHDSX7, Lib_LV7008961005
/projects/caeg/data/production/LV7/008/961/LV7008961385/20240117_AHTMGNDSX5, Lib_LV7008961385
/projects/caeg/data/production/LV7/008/961/LV7008961041/20240318_AH3CMHDSX7, Lib_LV7008961041
/projects/caeg/data/production/LV7/008/961/LV7008961358/20240117_AHTMGNDSX5, Lib_LV7008961358
/projects/caeg/data/production/LV7/008/961/LV7008961042/20240318_AH3CMHDSX7, Lib_LV7008961042
/projects/caeg/data/production/LV7/008/961/LV7008961350/20240117_AHTMGNDSX5, Lib_LV7008961350
/projects/caeg/data/production/LV7/008/961/LV7008961383/20240117_AHTMGNDSX5, Lib_LV7008961383
/projects/caeg/data/production/LV7/008/961/LV7008961347/20240117_AHTMGNDSX5, Lib_LV7008961347
/projects/caeg/data/production/LV7/008/961/LV7008961372/20240117_AHTMGNDSX5, Lib_LV7008961372
/projects/caeg/data/production/LV7/008/961/LV7008961391/20240117_AHTMGNDSX5, Lib_LV7008961391
/projects/caeg/data/production/LV7/008/961/LV7008961339/20240117_AHTMGNDSX5, Lib_LV7008961339
/projects/caeg/data/production/LV7/008/961/LV7008961329/20240117_AHTMGNDSX5, Lib_LV7008961329
/projects/caeg/data/production/LV7/008/961/LV7008961022/20240318_AH3CMHDSX7, Lib_LV7008961022
/projects/caeg/data/production/LV7/008/961/LV7008961321/20240117_AHTMGNDSX5, Lib_LV7008961321
/projects/caeg/data/production/LV7/008/961/LV7008961181/20240724_BH5F2GDSX7, Lib_LV7008961181
/projects/caeg/data/production/LV7/008/961/LV7008961069/20240318_AH3CMHDSX7, Lib_LV7008961069
/projects/caeg/data/production/LV7/008/961/LV7008961365/20240117_AHTMGNDSX5, Lib_LV7008961365
/projects/caeg/data/production/LV7/008/961/LV7008961400/20240117_AHTMGNDSX5, Lib_LV7008961400
/projects/caeg/data/production/LV7/008/961/LV7008961397/20240117_AHTMGNDSX5, Lib_LV7008961397
/projects/caeg/data/production/LV7/008/961/LV7008961032/20240318_AH3CMHDSX7, Lib_LV7008961032
/projects/caeg/data/production/LV7/008/961/LV7008961335/20240117_AHTMGNDSX5, Lib_LV7008961335
/projects/caeg/data/production/LV7/008/961/LV7008961392/20240117_AHTMGNDSX5, Lib_LV7008961392
/projects/caeg/data/production/LV7/008/961/LV7008961376/20240117_AHTMGNDSX5, Lib_LV7008961376
/projects/caeg/data/production/LV7/008/961/LV7008961033/20240318_AH3CMHDSX7, Lib_LV7008961033
/projects/caeg/data/production/LV7/008/961/LV7008961008/20240318_AH3CMHDSX7, Lib_LV7008961008
/projects/caeg/data/production/LV7/008/961/LV7008961044/20240318_AH3CMHDSX7, Lib_LV7008961044
/projects/caeg/data/production/LV7/008/961/LV7008961326/20240117_AHTMGNDSX5, Lib_LV7008961326
/projects/caeg/data/production/LV7/008/961/LV7008961374/20240117_AHTMGNDSX5, Lib_LV7008961374
/projects/caeg/data/production/LV7/008/961/LV7008961077/20240318_AH3CMHDSX7, Lib_LV7008961077
/projects/caeg/data/production/LV7/008/961/LV7008961356/20240117_AHTMGNDSX5, Lib_LV7008961356
/projects/caeg/data/production/LV7/008/961/LV7008961363/20240117_AHTMGNDSX5, Lib_LV7008961363
/projects/caeg/data/production/LV7/008/961/LV7008961349/20240117_AHTMGNDSX5, Lib_LV7008961349
/projects/caeg/data/production/LV7/008/961/LV7008961381/20240117_AHTMGNDSX5, Lib_LV7008961381
/projects/caeg/data/production/LV7/008/961/LV7008961057/20240318_AH3CMHDSX7, Lib_LV7008961057
/projects/caeg/data/production/LV7/008/961/LV7008961402/20240117_AHTMGNDSX5, Lib_LV7008961402
/projects/caeg/data/production/LV7/008/961/LV7008961370/20240117_AHTMGNDSX5, Lib_LV7008961370
/projects/caeg/data/production/LV7/008/961/LV7008961340/20240117_AHTMGNDSX5, Lib_LV7008961340
/projects/caeg/data/production/LV7/008/961/LV7008961411/20240117_AHTMGNDSX5, Lib_LV7008961411
/projects/caeg/data/production/LV7/008/961/LV7008961054/20240318_AH3CMHDSX7, Lib_LV7008961054
/projects/caeg/data/production/LV7/008/961/LV7008961324/20240117_AHTMGNDSX5, Lib_LV7008961324
/projects/caeg/data/production/LV7/008/961/LV7008961377/20240117_AHTMGNDSX5, Lib_LV7008961377
/projects/caeg/data/production/LV7/008/961/LV7008961018/20240318_AH3CMHDSX7, Lib_LV7008961018
/projects/caeg/data/production/LV7/008/961/LV7008961337/20240117_AHTMGNDSX5, Lib_LV7008961337
/projects/caeg/data/production/LV7/008/961/LV7008961070/20240318_AH3CMHDSX7, Lib_LV7008961070
/projects/caeg/data/production/LV7/008/961/LV7008961409/20240117_AHTMGNDSX5, Lib_LV7008961409
/projects/caeg/data/production/LV7/008/961/LV7008961361/20240117_AHTMGNDSX5, Lib_LV7008961361
/projects/caeg/data/production/LV7/008/961/LV7008961055/20240318_AH3CMHDSX7, Lib_LV7008961055
/projects/caeg/data/production/LV7/008/961/LV7008961359/20240117_AHTMGNDSX5, Lib_LV7008961359
/projects/caeg/data/production/LV7/008/961/LV7008961125/20240724_BH5F2GDSX7, Lib_LV7008961125
/projects/caeg/data/production/LV7/008/961/LV7008961034/20240318_AH3CMHDSX7, Lib_LV7008961034
/projects/caeg/data/production/LV7/008/961/LV7008961403/20240117_AHTMGNDSX5, Lib_LV7008961403
/projects/caeg/data/production/LV7/008/961/LV7008961333/20240117_AHTMGNDSX5, Lib_LV7008961333
/projects/caeg/data/production/LV7/008/961/LV7008961082/20240318_AH3CMHDSX7, Lib_LV7008961082
/projects/caeg/data/production/LV7/008/961/LV7008961019/20240318_AH3CMHDSX7, Lib_LV7008961019
/projects/caeg/data/production/LV7/008/961/LV7008961408/20240117_AHTMGNDSX5, Lib_LV7008961408
/projects/caeg/data/production/LV7/008/961/LV7008961080/20240318_AH3CMHDSX7, Lib_LV7008961080
/projects/caeg/data/production/LV7/008/961/LV7008961081/20240318_AH3CMHDSX7, Lib_LV7008961081
/projects/caeg/data/production/LV7/008/961/LV7008961327/20240117_AHTMGNDSX5, Lib_LV7008961327
/projects/caeg/data/production/LV7/008/961/LV7008961398/20240117_AHTMGNDSX5, Lib_LV7008961398
/projects/caeg/data/production/LV7/008/961/LV7008961053/20240318_AH3CMHDSX7, Lib_LV7008961053
/projects/caeg/data/production/LV7/008/961/LV7008961388/20240117_AHTMGNDSX5, Lib_LV7008961388
/projects/caeg/data/production/LV7/008/961/LV7008961355/20240117_AHTMGNDSX5, Lib_LV7008961355
/projects/caeg/data/production/LV7/008/961/LV7008961180/20240702_BH5F5KDSX7, Lib_LV7008961180
/projects/caeg/data/production/LV7/008/961/LV7008961079/20240318_AH3CMHDSX7, Lib_LV7008961079
/projects/caeg/data/production/LV7/008/961/LV7008961083/20240318_AH3CMHDSX7, Lib_LV7008961083
/projects/caeg/data/production/LV7/008/961/LV7008961352/20240117_AHTMGNDSX5, Lib_LV7008961352
/projects/caeg/data/production/LV7/008/961/LV7008961336/20240117_AHTMGNDSX5, Lib_LV7008961336
/projects/caeg/data/production/LV7/008/961/LV7008961338/20240117_AHTMGNDSX5, Lib_LV7008961338
/projects/caeg/data/production/LV7/008/961/LV7008961031/20240318_AH3CMHDSX7, Lib_LV7008961031
/projects/caeg/data/production/LV7/008/961/LV7008961353/20240117_AHTMGNDSX5, Lib_LV7008961353
/projects/caeg/data/production/LV7/008/961/LV7008961067/20240318_AH3CMHDSX7, Lib_LV7008961067
/projects/caeg/data/production/LV7/008/961/LV7008961351/20240117_AHTMGNDSX5, Lib_LV7008961351
/projects/caeg/data/production/LV7/008/961/LV7008961029/20240318_AH3CMHDSX7, Lib_LV7008961029
/projects/caeg/data/production/LV7/008/961/LV7008961362/20240117_AHTMGNDSX5, Lib_LV7008961362
/projects/caeg/data/production/LV7/008/961/LV7008961342/20240117_AHTMGNDSX5, Lib_LV7008961342
/projects/caeg/data/production/LV7/008/961/LV7008961344/20240117_AHTMGNDSX5, Lib_LV7008961344
/projects/caeg/data/production/LV7/008/961/LV7008961382/20240117_AHTMGNDSX5, Lib_LV7008961382
/projects/caeg/data/production/LV7/008/961/LV7008961386/20240117_AHTMGNDSX5, Lib_LV7008961386
/projects/caeg/data/production/LV7/008/961/LV7008961343/20240117_AHTMGNDSX5, Lib_LV7008961343
/projects/caeg/data/production/LV7/008/961/LV7008961404/20240117_AHTMGNDSX5, Lib_LV7008961404
/projects/caeg/data/production/LV7/008/961/LV7008961364/20240117_AHTMGNDSX5, Lib_LV7008961364
/projects/caeg/data/production/LV7/008/960/LV7008960988/20240423_BH5FGWDSX7, Lib_LV7008960988
/projects/caeg/data/production/LV7/008/960/LV7008960900/20240318_AH3CMHDSX7, Lib_LV7008960900
/projects/caeg/data/production/LV7/008/960/LV7008960323/20240702_BH5F5KDSX7, Lib_LV7008960323
/projects/caeg/data/production/LV7/008/960/LV7008960964/20240423_BH5FGWDSX7, Lib_LV7008960964
/projects/caeg/data/production/LV7/008/960/LV7008960916/20240423_BH5FGWDSX7, Lib_LV7008960916
/projects/caeg/data/production/LV7/008/960/LV7008960369/20240704_BH5FCVDSX7, Lib_LV7008960369
/projects/caeg/data/production/LV7/008/960/LV7008960915/20240423_BH5FGWDSX7, Lib_LV7008960915
/projects/caeg/data/production/LV7/008/960/LV7008960989/20240423_BH5FGWDSX7, Lib_LV7008960989
/projects/caeg/data/production/LV7/008/960/LV7008960996/20240318_AH3CMHDSX7, Lib_LV7008960996
/projects/caeg/data/production/LV7/008/960/LV7008960953/20240423_BH5FGWDSX7, Lib_LV7008960953
/projects/caeg/data/production/LV7/008/960/LV7008960976/20240423_BH5FGWDSX7, Lib_LV7008960976
/projects/caeg/data/production/LV7/008/960/LV7008960928/20240423_BH5FGWDSX7, Lib_LV7008960928
/projects/caeg/data/production/LV7/008/960/LV7008960943/20240423_BH5FGWDSX7, Lib_LV7008960943
/projects/caeg/data/production/LV7/008/960/LV7008960917/20240423_BH5FGWDSX7, Lib_LV7008960917
/projects/caeg/data/production/LV7/008/960/LV7008960911/20240724_BH5F2GDSX7, Lib_LV7008960911
/projects/caeg/data/production/LV7/008/960/LV7008960410/20240704_BH5FCVDSX7, Lib_LV7008960410
/projects/caeg/data/production/LV7/008/960/LV7008960939/20240423_BH5FGWDSX7, Lib_LV7008960939
/projects/caeg/data/production/LV7/008/960/LV7008960978/20240423_BH5FGWDSX7, Lib_LV7008960978
/projects/caeg/data/production/LV7/008/960/LV7008960919/20240423_BH5FGWDSX7, Lib_LV7008960919
/projects/caeg/data/production/LV7/008/960/LV7008960968/20240423_BH5FGWDSX7, Lib_LV7008960968
/projects/caeg/data/production/LV7/008/960/LV7008960952/20240423_BH5FGWDSX7, Lib_LV7008960952
/projects/caeg/data/production/LV7/008/960/LV7008960966/20240423_BH5FGWDSX7, Lib_LV7008960966
/projects/caeg/data/production/LV7/008/960/LV7008960991/20240423_BH5FGWDSX7, Lib_LV7008960991
/projects/caeg/data/production/LV7/008/960/LV7008960987/20240423_BH5FGWDSX7, Lib_LV7008960987
/projects/caeg/data/production/LV7/008/960/LV7008960904/20240423_BH5FGWDSX7, Lib_LV7008960904
/projects/caeg/data/production/LV7/008/960/LV7008960955/20240423_BH5FGWDSX7, Lib_LV7008960955
/projects/caeg/data/production/LV7/008/960/LV7008960990/20240423_BH5FGWDSX7, Lib_LV7008960990
/projects/caeg/data/production/LV7/008/960/LV7008960901/20240318_AH3CMHDSX7, Lib_LV7008960901
/projects/caeg/data/production/LV7/008/960/LV7008960420/20240724_BH5F2GDSX7, Lib_LV7008960420
/projects/caeg/data/production/LV7/008/960/LV7008960992/20240423_BH5FGWDSX7, Lib_LV7008960992
/projects/caeg/data/production/LV7/008/960/LV7008960346/20240702_BH5F5KDSX7, Lib_LV7008960346
/projects/caeg/data/production/LV7/008/960/LV7008960979/20240423_BH5FGWDSX7, Lib_LV7008960979
/projects/caeg/data/production/LV7/008/960/LV7008960898/20240724_BH5F2GDSX7, Lib_LV7008960898
/projects/caeg/data/production/LV7/008/960/LV7008960326/20240702_BH5F5KDSX7, Lib_LV7008960326
/projects/caeg/data/production/LV7/008/960/LV7008960998/20240318_AH3CMHDSX7, Lib_LV7008960998
/projects/caeg/data/production/LV7/008/960/LV7008960914/20240423_BH5FGWDSX7, Lib_LV7008960914
/projects/caeg/data/production/LV7/008/960/LV7008960905/20240423_BH5FGWDSX7, Lib_LV7008960905
/projects/caeg/data/production/LV7/008/960/LV7008960980/20240423_BH5FGWDSX7, Lib_LV7008960980
/projects/caeg/data/production/LV7/008/960/LV7008960951/20240423_BH5FGWDSX7, Lib_LV7008960951
/projects/caeg/data/production/LV7/008/960/LV7008960345/20240724_BH5F2GDSX7, Lib_LV7008960345
/projects/caeg/data/production/LV7/008/960/LV7008960937/20240724_BH5F2GDSX7, Lib_LV7008960937
/projects/caeg/data/production/LV7/008/960/LV7008960906/20240423_BH5FGWDSX7, Lib_LV7008960906
/projects/caeg/data/production/LV7/008/960/LV7008960965/20240423_BH5FGWDSX7, Lib_LV7008960965
/projects/caeg/data/production/LV7/008/960/LV7008960931/20240423_BH5FGWDSX7, Lib_LV7008960931
/projects/caeg/data/production/LV7/008/960/LV7008960903/20240423_BH5FGWDSX7, Lib_LV7008960903
/projects/caeg/data/production/LV7/008/960/LV7008960927/20240423_BH5FGWDSX7, Lib_LV7008960927
/projects/caeg/data/production/LV7/008/960/LV7008960994/20240318_AH3CMHDSX7, Lib_LV7008960994
/projects/caeg/data/production/LV7/008/960/LV7008960910/20240702_BH5F5KDSX7, Lib_LV7008960910
/projects/caeg/data/production/LV7/008/960/LV7008960956/20240423_BH5FGWDSX7, Lib_LV7008960956
/projects/caeg/data/production/LV7/008/960/LV7008960930/20240423_BH5FGWDSX7, Lib_LV7008960930
/projects/caeg/data/production/LV7/008/960/LV7008960913/20240702_BH5F5KDSX7, Lib_LV7008960913
/projects/caeg/data/production/LV7/008/960/LV7008960360/20240704_BH5FCVDSX7, Lib_LV7008960360
/projects/caeg/data/production/LV7/008/960/LV7008960907/20240423_BH5FGWDSX7, Lib_LV7008960907
/projects/caeg/data/production/LV7/008/960/LV7008960407/20240704_BH5FCVDSX7, Lib_LV7008960407
/projects/caeg/data/production/LV7/008/960/LV7008960963/20240423_BH5FGWDSX7, Lib_LV7008960963
/projects/caeg/data/production/LV7/008/960/LV7008960941/20240423_BH5FGWDSX7, Lib_LV7008960941
/projects/caeg/data/production/LV7/008/960/LV7008960422/20240702_BH5F5KDSX7, Lib_LV7008960422
/projects/caeg/data/production/LV7/008/960/LV7008960967/20240423_BH5FGWDSX7, Lib_LV7008960967
/projects/caeg/data/production/LV7/008/960/LV7008960920/20240423_BH5FGWDSX7, Lib_LV7008960920
/projects/caeg/data/production/LV7/008/960/LV7008960977/20240423_BH5FGWDSX7, Lib_LV7008960977
/projects/caeg/data/production/LV7/008/960/LV7008960430/20240702_BH5F5KDSX7, Lib_LV7008960430
/projects/caeg/data/production/LV7/008/960/LV7008960929/20240423_BH5FGWDSX7, Lib_LV7008960929
/projects/caeg/data/production/LV7/008/960/LV7008960932/20240423_BH5FGWDSX7, Lib_LV7008960932
/projects/caeg/data/production/LV7/008/960/LV7008960940/20240423_BH5FGWDSX7, Lib_LV7008960940
/projects/caeg/data/production/LV7/008/960/LV7008960942/20240423_BH5FGWDSX7, Lib_LV7008960942
/projects/caeg/data/production/LV7/008/960/LV7008960944/20240423_BH5FGWDSX7, Lib_LV7008960944
/projects/caeg/data/production/LV7/008/953/LV7008953916/20240507_AH5FC2DSX7, Lib_LV7008953916
/projects/caeg/data/production/LV7/008/953/LV7008953920/20240507_AH5FC2DSX7, Lib_LV7008953920
/projects/caeg/data/production/LV7/008/953/LV7008953915/20240507_AH5FC2DSX7, Lib_LV7008953915
/projects/caeg/data/production/LV7/008/953/LV7008953923/20240507_AH5FC2DSX7, Lib_LV7008953923
/projects/caeg/data/production/LV7/008/953/LV7008953922/20240507_AH5FC2DSX7, Lib_LV7008953922
/projects/caeg/data/production/LV7/008/953/LV7008953921/20240507_AH5FC2DSX7, Lib_LV7008953921
/projects/caeg/data/production/LV7/008/953/LV7008953913/20240507_AH5FC2DSX7, Lib_LV7008953913
/projects/caeg/data/production/LV7/008/953/LV7008953936/20240322_BH5FHNDSX7, Lib_LV7008953936
/projects/caeg/data/production/LV7/008/865/LV7008865062/20240730_BH5FH5DSX7, Lib_LV7008865062
/projects/caeg/data/production/LV7/008/865/LV7008865054/20240716_AH5F37DSX7, Lib_LV7008865054
/projects/caeg/data/production/LV7/008/865/LV7008865064/20240730_BH5FH5DSX7, Lib_LV7008865064
/projects/caeg/data/production/LV7/008/865/LV7008865063/20240730_BH5FH5DSX7, Lib_LV7008865063
/projects/caeg/data/production/LV7/008/955/LV7008955270/20240702_BH5F5KDSX7, Lib_LV7008955270
/projects/caeg/data/production/LV7/008/955/LV7008955463/20240704_BH5FCVDSX7, Lib_LV7008955463
/projects/caeg/data/production/LV7/008/955/LV7008955282/20240704_BH5FCVDSX7, Lib_LV7008955282
/projects/caeg/data/production/LV7/008/955/LV7008955584/20240724_BH5F2GDSX7, Lib_LV7008955584
/projects/caeg/data/production/LV7/008/955/LV7008955441/20240702_BH5F5KDSX7, Lib_LV7008955441
/projects/caeg/data/production/LV7/008/955/LV7008955428/20240702_BH5F5KDSX7, Lib_LV7008955428
/projects/caeg/data/production/LV7/008/955/LV7008955486/20240704_BH5FCVDSX7, Lib_LV7008955486
/projects/caeg/data/production/LV7/008/956/LV7008956552/20240507_AH5FC2DSX7, Lib_LV7008956552
/projects/caeg/data/production/LV7/008/956/LV7008956560/20240507_AH5FC2DSX7, Lib_LV7008956560
/projects/caeg/data/production/LV7/008/956/LV7008956718/20240322_BH5FHNDSX7, Lib_LV7008956718
/projects/caeg/data/production/LV7/008/956/LV7008956585/20240507_AH5FC2DSX7, Lib_LV7008956585
/projects/caeg/data/production/LV7/008/956/LV7008956563/20240507_AH5FC2DSX7, Lib_LV7008956563
/projects/caeg/data/production/LV7/008/956/LV7008956669/20240322_BH5FHNDSX7, Lib_LV7008956669
/projects/caeg/data/production/LV7/008/956/LV7008956662/20240325_AH5FH3DSX7, Lib_LV7008956662
/projects/caeg/data/production/LV7/008/956/LV7008956631/20240322_BH5FHNDSX7, Lib_LV7008956631
/projects/caeg/data/production/LV7/008/956/LV7008956657/20240322_BH5FHNDSX7, Lib_LV7008956657
/projects/caeg/data/production/LV7/008/956/LV7008956501/20240507_AH5FC2DSX7, Lib_LV7008956501
/projects/caeg/data/production/LV7/008/956/LV7008956681/20240322_BH5FHNDSX7, Lib_LV7008956681
/projects/caeg/data/production/LV7/008/956/LV7008956700/20240325_AH5FH3DSX7, Lib_LV7008956700
/projects/caeg/data/production/LV7/008/956/LV7008956680/20240322_BH5FHNDSX7, Lib_LV7008956680
/projects/caeg/data/production/LV7/008/956/LV7008956696/20240322_BH5FHNDSX7, Lib_LV7008956696
/projects/caeg/data/production/LV7/008/956/LV7008956701/20240325_AH5FH3DSX7, Lib_LV7008956701
/projects/caeg/data/production/LV7/008/956/LV7008956660/20240322_BH5FHNDSX7, Lib_LV7008956660
/projects/caeg/data/production/LV7/008/956/LV7008956694/20240322_BH5FHNDSX7, Lib_LV7008956694
/projects/caeg/data/production/LV7/008/956/LV7008956523/20240507_AH5FC2DSX7, Lib_LV7008956523
/projects/caeg/data/production/LV7/008/956/LV7008956549/20240507_AH5FC2DSX7, Lib_LV7008956549
/projects/caeg/data/production/LV7/008/956/LV7008956626/20240325_AH5FH3DSX7, Lib_LV7008956626
/projects/caeg/data/production/LV7/008/956/LV7008956670/20240322_BH5FHNDSX7, Lib_LV7008956670
/projects/caeg/data/production/LV7/008/956/LV7008956714/20240325_AH5FH3DSX7, Lib_LV7008956714
/projects/caeg/data/production/LV7/008/956/LV7008956629/20240325_AH5FH3DSX7, Lib_LV7008956629
/projects/caeg/data/production/LV7/008/956/LV7008956548/20240507_AH5FC2DSX7, Lib_LV7008956548
/projects/caeg/data/production/LV7/008/956/LV7008956707/20240322_BH5FHNDSX7, Lib_LV7008956707
/projects/caeg/data/production/LV7/008/956/LV7008956513/20240507_AH5FC2DSX7, Lib_LV7008956513
/projects/caeg/data/production/LV7/008/956/LV7008956677/20240325_AH5FH3DSX7, Lib_LV7008956677
/projects/caeg/data/production/LV7/008/956/LV7008956684/20240322_BH5FHNDSX7, Lib_LV7008956684
/projects/caeg/data/production/LV7/008/956/LV7008956550/20240507_AH5FC2DSX7, Lib_LV7008956550
/projects/caeg/data/production/LV7/008/956/LV7008956690/20240325_AH5FH3DSX7, Lib_LV7008956690
/projects/caeg/data/production/LV7/008/956/LV7008956628/20240325_AH5FH3DSX7, Lib_LV7008956628
/projects/caeg/data/production/LV7/008/956/LV7008956692/20240322_BH5FHNDSX7, Lib_LV7008956692
/projects/caeg/data/production/LV7/008/956/LV7008956625/20240325_AH5FH3DSX7, Lib_LV7008956625
/projects/caeg/data/production/LV7/008/956/LV7008956622/20240507_AH5FC2DSX7, Lib_LV7008956622
/projects/caeg/data/production/LV7/008/956/LV7008956650/20240325_AH5FH3DSX7, Lib_LV7008956650
/projects/caeg/data/production/LV7/008/956/LV7008956515/20240507_AH5FC2DSX7, Lib_LV7008956515
/projects/caeg/data/production/LV7/008/956/LV7008956646/20240322_BH5FHNDSX7, Lib_LV7008956646
/projects/caeg/data/production/LV7/008/956/LV7008956712/20240325_AH5FH3DSX7, Lib_LV7008956712
/projects/caeg/data/production/LV7/008/956/LV7008956656/20240322_BH5FHNDSX7, Lib_LV7008956656
/projects/caeg/data/production/LV7/008/956/LV7008956687/20240325_AH5FH3DSX7, Lib_LV7008956687
/projects/caeg/data/production/LV7/008/956/LV7008956621/20240507_AH5FC2DSX7, Lib_LV7008956621
/projects/caeg/data/production/LV7/008/956/LV7008956562/20240507_AH5FC2DSX7, Lib_LV7008956562
/projects/caeg/data/production/LV7/008/956/LV7008956639/20240325_AH5FH3DSX7, Lib_LV7008956639
/projects/caeg/data/production/LV7/008/956/LV7008956624/20240507_AH5FC2DSX7, Lib_LV7008956624
/projects/caeg/data/production/LV7/008/956/LV7008956708/20240322_BH5FHNDSX7, Lib_LV7008956708
/projects/caeg/data/production/LV7/008/956/LV7008956658/20240322_BH5FHNDSX7, Lib_LV7008956658
/projects/caeg/data/production/LV7/008/956/LV7008956642/20240325_AH5FH3DSX7, Lib_LV7008956642
/projects/caeg/data/production/LV7/008/956/LV7008956704/20240322_BH5FHNDSX7, Lib_LV7008956704
/projects/caeg/data/production/LV7/008/956/LV7008956512/20240507_AH5FC2DSX7, Lib_LV7008956512
/projects/caeg/data/production/LV7/008/956/LV7008956666/20240325_AH5FH3DSX7, Lib_LV7008956666
/projects/caeg/data/production/LV7/008/956/LV7008956627/20240325_AH5FH3DSX7, Lib_LV7008956627
/projects/caeg/data/production/LV7/008/956/LV7008956706/20240322_BH5FHNDSX7, Lib_LV7008956706
/projects/caeg/data/production/LV7/008/956/LV7008956525/20240507_AH5FC2DSX7, Lib_LV7008956525
/projects/caeg/data/production/LV7/008/956/LV7008956638/20240325_AH5FH3DSX7, Lib_LV7008956638
/projects/caeg/data/production/LV7/008/956/LV7008956720/20240322_BH5FHNDSX7, Lib_LV7008956720
/projects/caeg/data/production/LV7/008/956/LV7008956528/20240507_AH5FC2DSX7, Lib_LV7008956528
/projects/caeg/data/production/LV7/008/956/LV7008956586/20240507_AH5FC2DSX7, Lib_LV7008956586
/projects/caeg/data/production/LV7/008/956/LV7008956630/20240325_AH5FH3DSX7, Lib_LV7008956630
/projects/caeg/data/production/LV7/008/956/LV7008956584/20240507_AH5FC2DSX7, Lib_LV7008956584
/projects/caeg/data/production/LV7/008/956/LV7008956689/20240325_AH5FH3DSX7, Lib_LV7008956689
/projects/caeg/data/production/LV7/008/956/LV7008956659/20240322_BH5FHNDSX7, Lib_LV7008956659
/projects/caeg/data/production/LV7/008/956/LV7008956676/20240325_AH5FH3DSX7, Lib_LV7008956676
/projects/caeg/data/production/LV7/008/956/LV7008956672/20240322_BH5FHNDSX7, Lib_LV7008956672
/projects/caeg/data/production/LV7/008/956/LV7008956688/20240325_AH5FH3DSX7, Lib_LV7008956688
/projects/caeg/data/production/LV7/008/956/LV7008956699/20240325_AH5FH3DSX7, Lib_LV7008956699
/projects/caeg/data/production/LV7/008/956/LV7008956641/20240325_AH5FH3DSX7, Lib_LV7008956641
/projects/caeg/data/production/LV7/008/956/LV7008956632/20240322_BH5FHNDSX7, Lib_LV7008956632
/projects/caeg/data/production/LV7/008/956/LV7008956588/20240507_AH5FC2DSX7, Lib_LV7008956588
/projects/caeg/data/production/LV7/008/956/LV7008956634/20240322_BH5FHNDSX7, Lib_LV7008956634
/projects/caeg/data/production/LV7/008/956/LV7008956648/20240322_BH5FHNDSX7, Lib_LV7008956648
/projects/caeg/data/production/LV7/008/956/LV7008956705/20240322_BH5FHNDSX7, Lib_LV7008956705
/projects/caeg/data/production/LV7/008/956/LV7008956693/20240322_BH5FHNDSX7, Lib_LV7008956693
/projects/caeg/data/production/LV7/008/956/LV7008956719/20240322_BH5FHNDSX7, Lib_LV7008956719
/projects/caeg/data/production/LV7/008/956/LV7008956524/20240507_AH5FC2DSX7, Lib_LV7008956524
/projects/caeg/data/production/LV7/008/956/LV7008956675/20240325_AH5FH3DSX7, Lib_LV7008956675
/projects/caeg/data/production/LV7/008/956/LV7008956600/20240507_AH5FC2DSX7, Lib_LV7008956600
/projects/caeg/data/production/LV7/008/956/LV7008956644/20240322_BH5FHNDSX7, Lib_LV7008956644
/projects/caeg/data/production/LV7/008/956/LV7008956655/20240322_BH5FHNDSX7, Lib_LV7008956655
/projects/caeg/data/production/LV7/008/956/LV7008956587/20240507_AH5FC2DSX7, Lib_LV7008956587
/projects/caeg/data/production/LV7/008/956/LV7008956596/20240507_AH5FC2DSX7, Lib_LV7008956596
/projects/caeg/data/production/LV7/008/956/LV7008956682/20240322_BH5FHNDSX7, Lib_LV7008956682
/projects/caeg/data/production/LV7/008/956/LV7008956514/20240507_AH5FC2DSX7, Lib_LV7008956514
/projects/caeg/data/production/LV7/008/956/LV7008956695/20240322_BH5FHNDSX7, Lib_LV7008956695
/projects/caeg/data/production/LV7/008/956/LV7008956654/20240325_AH5FH3DSX7, Lib_LV7008956654
/projects/caeg/data/production/LV7/008/956/LV7008956686/20240325_AH5FH3DSX7, Lib_LV7008956686
/projects/caeg/data/production/LV7/008/956/LV7008956564/20240507_AH5FC2DSX7, Lib_LV7008956564
/projects/caeg/data/production/LV7/008/956/LV7008956698/20240325_AH5FH3DSX7, Lib_LV7008956698
/projects/caeg/data/production/LV7/008/956/LV7008956652/20240325_AH5FH3DSX7, Lib_LV7008956652
/projects/caeg/data/production/LV7/008/956/LV7008956674/20240325_AH5FH3DSX7, Lib_LV7008956674
/projects/caeg/data/production/LV7/008/956/LV7008956663/20240325_AH5FH3DSX7, Lib_LV7008956663
/projects/caeg/data/production/LV7/008/956/LV7008956683/20240322_BH5FHNDSX7, Lib_LV7008956683
/projects/caeg/data/production/LV7/008/956/LV7008956664/20240325_AH5FH3DSX7, Lib_LV7008956664
/projects/caeg/data/production/LV7/008/956/LV7008956668/20240322_BH5FHNDSX7, Lib_LV7008956668
/projects/caeg/data/production/LV7/008/956/LV7008956640/20240325_AH5FH3DSX7, Lib_LV7008956640
/projects/caeg/data/production/LV7/008/956/LV7008956678/20240325_AH5FH3DSX7, Lib_LV7008956678
/projects/caeg/data/production/LV7/008/956/LV7008956511/20240507_AH5FC2DSX7, Lib_LV7008956511
/projects/caeg/data/production/LV7/008/956/LV7008956636/20240322_BH5FHNDSX7, Lib_LV7008956636
/projects/caeg/data/production/LV7/008/956/LV7008956651/20240325_AH5FH3DSX7, Lib_LV7008956651
/projects/caeg/data/production/LV7/008/956/LV7008956665/20240325_AH5FH3DSX7, Lib_LV7008956665
/projects/caeg/data/production/LV7/008/956/LV7008956702/20240325_AH5FH3DSX7, Lib_LV7008956702
/projects/caeg/data/production/LV7/008/956/LV7008956645/20240322_BH5FHNDSX7, Lib_LV7008956645
/projects/caeg/data/production/LV7/008/956/LV7008956649/20240325_AH5FH3DSX7, Lib_LV7008956649
/projects/caeg/data/production/LV7/008/956/LV7008956623/20240507_AH5FC2DSX7, Lib_LV7008956623
/projects/caeg/data/production/LV7/008/956/LV7008956711/20240325_AH5FH3DSX7, Lib_LV7008956711
/projects/caeg/data/production/LV7/008/956/LV7008956653/20240325_AH5FH3DSX7, Lib_LV7008956653
/projects/caeg/data/production/LV7/008/956/LV7008956598/20240507_AH5FC2DSX7, Lib_LV7008956598
/projects/caeg/data/production/LV7/008/956/LV7008956633/20240322_BH5FHNDSX7, Lib_LV7008956633
/projects/caeg/data/production/LV7/008/956/LV7008956551/20240507_AH5FC2DSX7, Lib_LV7008956551
/projects/caeg/data/production/LV7/008/956/LV7008956717/20240322_BH5FHNDSX7, Lib_LV7008956717
/projects/caeg/data/production/LV7/008/956/LV7008956597/20240507_AH5FC2DSX7, Lib_LV7008956597
/projects/caeg/data/production/LV7/008/956/LV7008956635/20240322_BH5FHNDSX7, Lib_LV7008956635
/projects/caeg/data/production/LV7/008/956/LV7008956647/20240322_BH5FHNDSX7, Lib_LV7008956647
/projects/caeg/data/production/LV7/008/956/LV7008956547/20240507_AH5FC2DSX7, Lib_LV7008956547
/projects/caeg/data/production/LV7/008/956/LV7008956713/20240325_AH5FH3DSX7, Lib_LV7008956713
/projects/caeg/data/production/LV7/008/956/LV7008956502/20240507_AH5FC2DSX7, Lib_LV7008956502
/projects/caeg/data/production/LV7/008/884/LV7008884666/20240801_AH5CY7DSX7, Lib_LV7008884666
/projects/caeg/data/production/LV7/008/884/LV7008884667/20240801_AH5CY7DSX7, Lib_LV7008884667
/projects/caeg/data/production/LV7/009/022/LV7009022477/20230828_AHNLYFDSX5, Lib_LV7009022477
/projects/caeg/data/production/LV7/009/022/LV7009022573/20230802_AHNLNFDSX5, Lib_LV7009022573
/projects/caeg/data/production/LV7/009/022/LV7009022648/20230802_AHNLNFDSX5, Lib_LV7009022648
/projects/caeg/data/production/LV7/009/022/LV7009022663/20230802_AHNLNFDSX5, Lib_LV7009022663
/projects/caeg/data/production/LV7/009/022/LV7009022660/20230802_AHNLNFDSX5, Lib_LV7009022660
/projects/caeg/data/production/LV7/009/022/LV7009022564/20230802_AHNLNFDSX5, Lib_LV7009022564
/projects/caeg/data/production/LV7/009/022/LV7009022466/20230828_AHNLYFDSX5, Lib_LV7009022466
/projects/caeg/data/production/LV7/009/022/LV7009022625/20230802_AHNLNFDSX5, Lib_LV7009022625
/projects/caeg/data/production/LV7/009/022/LV7009022570/20230802_AHNLNFDSX5, Lib_LV7009022570
/projects/caeg/data/production/LV7/009/022/LV7009022591/20230802_AHNLNFDSX5, Lib_LV7009022591
/projects/caeg/data/production/LV7/009/022/LV7009022455/20230828_AHNLYFDSX5, Lib_LV7009022455
/projects/caeg/data/production/LV7/009/022/LV7009022502/20230828_AHNLYFDSX5, Lib_LV7009022502
/projects/caeg/data/production/LV7/009/022/LV7009022760/20240724_BH5F2GDSX7, Lib_LV7009022760
/projects/caeg/data/production/LV7/009/022/LV7009022561/20230802_AHNLNFDSX5, Lib_LV7009022561
/projects/caeg/data/production/LV7/009/022/LV7009022575/20230802_AHNLNFDSX5, Lib_LV7009022575
/projects/caeg/data/production/LV7/009/022/LV7009022635/20230802_AHNLNFDSX5, Lib_LV7009022635
/projects/caeg/data/production/LV7/009/022/LV7009022973/20231027_BHNLTWDSX5, Lib_LV7009022973
/projects/caeg/data/production/LV7/009/022/LV7009022665/20230802_AHNLNFDSX5, Lib_LV7009022665
/projects/caeg/data/production/LV7/009/022/LV7009022646/20230802_AHNLNFDSX5, Lib_LV7009022646
/projects/caeg/data/production/LV7/009/022/LV7009022579/20230802_AHNLNFDSX5, Lib_LV7009022579
/projects/caeg/data/production/LV7/009/022/LV7009022651/20230802_AHNLNFDSX5, Lib_LV7009022651
/projects/caeg/data/production/LV7/009/022/LV7009022397/20240704_BH5FCVDSX7, Lib_LV7009022397
/projects/caeg/data/production/LV7/009/022/LV7009022656/20230802_AHNLNFDSX5, Lib_LV7009022656
/projects/caeg/data/production/LV7/009/022/LV7009022478/20230828_AHNLYFDSX5, Lib_LV7009022478
/projects/caeg/data/production/LV7/009/022/LV7009022645/20230802_AHNLNFDSX5, Lib_LV7009022645
/projects/caeg/data/production/LV7/009/022/LV7009022980/20231027_BHNLTWDSX5, Lib_LV7009022980
/projects/caeg/data/production/LV7/009/022/LV7009022562/20230802_AHNLNFDSX5, Lib_LV7009022562
/projects/caeg/data/production/LV7/009/022/LV7009022408/20240704_BH5FCVDSX7, Lib_LV7009022408
/projects/caeg/data/production/LV7/009/022/LV7009022597/20230802_AHNLNFDSX5, Lib_LV7009022597
/projects/caeg/data/production/LV7/009/022/LV7009022527/20230828_AHNLYFDSX5, Lib_LV7009022527
/projects/caeg/data/production/LV7/009/022/LV7009022593/20230802_AHNLNFDSX5, Lib_LV7009022593
/projects/caeg/data/production/LV7/009/022/LV7009022354/20240702_BH5F5KDSX7, Lib_LV7009022354
/projects/caeg/data/production/LV7/009/022/LV7009022596/20230802_AHNLNFDSX5, Lib_LV7009022596
/projects/caeg/data/production/LV7/009/022/LV7009022667/20230802_AHNLNFDSX5, Lib_LV7009022667
/projects/caeg/data/production/LV7/009/022/LV7009022558/20230802_AHNLNFDSX5, Lib_LV7009022558
/projects/caeg/data/production/LV7/009/022/LV7009022576/20230802_AHNLNFDSX5, Lib_LV7009022576
/projects/caeg/data/production/LV7/009/022/LV7009022986/20231027_BHNLTWDSX5, Lib_LV7009022986
/projects/caeg/data/production/LV7/009/022/LV7009022540/20230828_AHNLYFDSX5, Lib_LV7009022540
/projects/caeg/data/production/LV7/009/022/LV7009022668/20230802_AHNLNFDSX5, Lib_LV7009022668
/projects/caeg/data/production/LV7/009/022/LV7009022537/20230828_AHNLYFDSX5, Lib_LV7009022537
/projects/caeg/data/production/LV7/009/022/LV7009022643/20230802_AHNLNFDSX5, Lib_LV7009022643
/projects/caeg/data/production/LV7/009/022/LV7009022554/20230802_AHNLNFDSX5, Lib_LV7009022554
/projects/caeg/data/production/LV7/009/022/LV7009022654/20230802_AHNLNFDSX5, Lib_LV7009022654
/projects/caeg/data/production/LV7/009/022/LV7009022641/20230802_AHNLNFDSX5, Lib_LV7009022641
/projects/caeg/data/production/LV7/009/022/LV7009022754/20240724_BH5F2GDSX7, Lib_LV7009022754
/projects/caeg/data/production/LV7/009/022/LV7009022480/20230828_AHNLYFDSX5, Lib_LV7009022480
/projects/caeg/data/production/LV7/009/022/LV7009022584/20230802_AHNLNFDSX5, Lib_LV7009022584
/projects/caeg/data/production/LV7/009/022/LV7009022513/20230828_AHNLYFDSX5, Lib_LV7009022513
/projects/caeg/data/production/LV7/009/022/LV7009022629/20230802_AHNLNFDSX5, Lib_LV7009022629
/projects/caeg/data/production/LV7/009/022/LV7009022379/20240702_BH5F5KDSX7, Lib_LV7009022379
/projects/caeg/data/production/LV7/009/022/LV7009022492/20230828_AHNLYFDSX5, Lib_LV7009022492
/projects/caeg/data/production/LV7/009/022/LV7009022631/20230802_AHNLNFDSX5, Lib_LV7009022631
/projects/caeg/data/production/LV7/009/022/LV7009022578/20230802_AHNLNFDSX5, Lib_LV7009022578
/projects/caeg/data/production/LV7/009/022/LV7009022516/20230828_AHNLYFDSX5, Lib_LV7009022516
/projects/caeg/data/production/LV7/009/022/LV7009022479/20230828_AHNLYFDSX5, Lib_LV7009022479
/projects/caeg/data/production/LV7/009/022/LV7009022696/20240702_BH5F5KDSX7, Lib_LV7009022696
/projects/caeg/data/production/LV7/009/022/LV7009022669/20230802_AHNLNFDSX5, Lib_LV7009022669
/projects/caeg/data/production/LV7/009/022/LV7009022592/20230802_AHNLNFDSX5, Lib_LV7009022592
/projects/caeg/data/production/LV7/009/022/LV7009022659/20230802_AHNLNFDSX5, Lib_LV7009022659
/projects/caeg/data/production/LV7/009/022/LV7009022978/20231027_BHNLTWDSX5, Lib_LV7009022978
/projects/caeg/data/production/LV7/009/022/LV7009022568/20230802_AHNLNFDSX5, Lib_LV7009022568
/projects/caeg/data/production/LV7/009/022/LV7009022587/20230802_AHNLNFDSX5, Lib_LV7009022587
/projects/caeg/data/production/LV7/009/022/LV7009022585/20230802_AHNLNFDSX5, Lib_LV7009022585
/projects/caeg/data/production/LV7/009/022/LV7009022356/20240704_BH5FCVDSX7, Lib_LV7009022356
/projects/caeg/data/production/LV7/009/022/LV7009022563/20230802_AHNLNFDSX5, Lib_LV7009022563
/projects/caeg/data/production/LV7/009/022/LV7009022454/20230828_AHNLYFDSX5, Lib_LV7009022454
/projects/caeg/data/production/LV7/009/022/LV7009022990/20231027_BHNLTWDSX5, Lib_LV7009022990
/projects/caeg/data/production/LV7/009/022/LV7009022489/20230828_AHNLYFDSX5, Lib_LV7009022489
/projects/caeg/data/production/LV7/009/022/LV7009022528/20230828_AHNLYFDSX5, Lib_LV7009022528
/projects/caeg/data/production/LV7/009/022/LV7009022465/20230828_AHNLYFDSX5, Lib_LV7009022465
/projects/caeg/data/production/LV7/009/022/LV7009022583/20230802_AHNLNFDSX5, Lib_LV7009022583
/projects/caeg/data/production/LV7/009/022/LV7009022526/20230828_AHNLYFDSX5, Lib_LV7009022526
/projects/caeg/data/production/LV7/009/022/LV7009022504/20230828_AHNLYFDSX5, Lib_LV7009022504
/projects/caeg/data/production/LV7/009/022/LV7009022707/20240704_BH5FCVDSX7, Lib_LV7009022707
/projects/caeg/data/production/LV7/009/022/LV7009022657/20230802_AHNLNFDSX5, Lib_LV7009022657
/projects/caeg/data/production/LV7/009/022/LV7009022337/20240702_BH5F5KDSX7, Lib_LV7009022337
/projects/caeg/data/production/LV7/009/022/LV7009022557/20230802_AHNLNFDSX5, Lib_LV7009022557
/projects/caeg/data/production/LV7/009/022/LV7009022653/20230802_AHNLNFDSX5, Lib_LV7009022653
/projects/caeg/data/production/LV7/009/022/LV7009022984/20231027_BHNLTWDSX5, Lib_LV7009022984
/projects/caeg/data/production/LV7/009/022/LV7009022588/20230802_AHNLNFDSX5, Lib_LV7009022588
/projects/caeg/data/production/LV7/009/022/LV7009022577/20230802_AHNLNFDSX5, Lib_LV7009022577
/projects/caeg/data/production/LV7/009/022/LV7009022994/20231027_BHNLTWDSX5, Lib_LV7009022994
/projects/caeg/data/production/LV7/009/022/LV7009022634/20230802_AHNLNFDSX5, Lib_LV7009022634
/projects/caeg/data/production/LV7/009/022/LV7009022452/20230828_AHNLYFDSX5, Lib_LV7009022452
/projects/caeg/data/production/LV7/009/022/LV7009022977/20231027_BHNLTWDSX5, Lib_LV7009022977
/projects/caeg/data/production/LV7/009/022/LV7009022987/20231027_BHNLTWDSX5, Lib_LV7009022987
/projects/caeg/data/production/LV7/009/022/LV7009022595/20230802_AHNLNFDSX5, Lib_LV7009022595
/projects/caeg/data/production/LV7/009/022/LV7009022628/20230802_AHNLNFDSX5, Lib_LV7009022628
/projects/caeg/data/production/LV7/009/022/LV7009022983/20231027_BHNLTWDSX5, Lib_LV7009022983
/projects/caeg/data/production/LV7/009/022/LV7009022571/20230802_AHNLNFDSX5, Lib_LV7009022571
/projects/caeg/data/production/LV7/009/022/LV7009022569/20230802_AHNLNFDSX5, Lib_LV7009022569
/projects/caeg/data/production/LV7/009/022/LV7009022993/20231027_BHNLTWDSX5, Lib_LV7009022993
/projects/caeg/data/production/LV7/009/022/LV7009022981/20231027_BHNLTWDSX5, Lib_LV7009022981
/projects/caeg/data/production/LV7/009/022/LV7009022559/20230802_AHNLNFDSX5, Lib_LV7009022559
/projects/caeg/data/production/LV7/009/022/LV7009022638/20230802_AHNLNFDSX5, Lib_LV7009022638
/projects/caeg/data/production/LV7/009/022/LV7009022632/20230802_AHNLNFDSX5, Lib_LV7009022632
/projects/caeg/data/production/LV7/009/022/LV7009022644/20230802_AHNLNFDSX5, Lib_LV7009022644
/projects/caeg/data/production/LV7/009/022/LV7009022992/20231027_BHNLTWDSX5, Lib_LV7009022992
/projects/caeg/data/production/LV7/009/022/LV7009022566/20230802_AHNLNFDSX5, Lib_LV7009022566
/projects/caeg/data/production/LV7/009/022/LV7009022626/20230802_AHNLNFDSX5, Lib_LV7009022626
/projects/caeg/data/production/LV7/009/022/LV7009022464/20230828_AHNLYFDSX5, Lib_LV7009022464
/projects/caeg/data/production/LV7/009/022/LV7009022975/20231027_BHNLTWDSX5, Lib_LV7009022975
/projects/caeg/data/production/LV7/009/022/LV7009022652/20230802_AHNLNFDSX5, Lib_LV7009022652
/projects/caeg/data/production/LV7/009/022/LV7009022515/20230828_AHNLYFDSX5, Lib_LV7009022515
/projects/caeg/data/production/LV7/009/022/LV7009022650/20230802_AHNLNFDSX5, Lib_LV7009022650
/projects/caeg/data/production/LV7/009/022/LV7009022582/20230802_AHNLNFDSX5, Lib_LV7009022582
/projects/caeg/data/production/LV7/009/022/LV7009022633/20230802_AHNLNFDSX5, Lib_LV7009022633
/projects/caeg/data/production/LV7/009/022/LV7009022658/20230802_AHNLNFDSX5, Lib_LV7009022658
/projects/caeg/data/production/LV7/009/022/LV7009022586/20230802_AHNLNFDSX5, Lib_LV7009022586
/projects/caeg/data/production/LV7/009/022/LV7009022627/20230802_AHNLNFDSX5, Lib_LV7009022627
/projects/caeg/data/production/LV7/009/022/LV7009022713/20240702_BH5F5KDSX7, Lib_LV7009022713
/projects/caeg/data/production/LV7/009/022/LV7009022974/20231027_BHNLTWDSX5, Lib_LV7009022974
/projects/caeg/data/production/LV7/009/022/LV7009022491/20230828_AHNLYFDSX5, Lib_LV7009022491
/projects/caeg/data/production/LV7/009/022/LV7009022636/20230802_AHNLNFDSX5, Lib_LV7009022636
/projects/caeg/data/production/LV7/009/022/LV7009022630/20230802_AHNLNFDSX5, Lib_LV7009022630
/projects/caeg/data/production/LV7/009/022/LV7009022662/20230802_AHNLNFDSX5, Lib_LV7009022662
/projects/caeg/data/production/LV7/009/022/LV7009022501/20230828_AHNLYFDSX5, Lib_LV7009022501
/projects/caeg/data/production/LV7/009/022/LV7009022555/20230802_AHNLNFDSX5, Lib_LV7009022555
/projects/caeg/data/production/LV7/009/022/LV7009022467/20230828_AHNLYFDSX5, Lib_LV7009022467
/projects/caeg/data/production/LV7/009/022/LV7009022736/20240702_BH5F5KDSX7, Lib_LV7009022736
/projects/caeg/data/production/LV7/009/022/LV7009022746/20240702_BH5F5KDSX7, Lib_LV7009022746
/projects/caeg/data/production/LV7/009/022/LV7009022664/20230802_AHNLNFDSX5, Lib_LV7009022664
/projects/caeg/data/production/LV7/009/022/LV7009022560/20230802_AHNLNFDSX5, Lib_LV7009022560
/projects/caeg/data/production/LV7/009/022/LV7009022598/20230802_AHNLNFDSX5, Lib_LV7009022598
/projects/caeg/data/production/LV7/009/022/LV7009022429/20240724_BH5F2GDSX7, Lib_LV7009022429
/projects/caeg/data/production/LV7/009/022/LV7009022525/20230828_AHNLYFDSX5, Lib_LV7009022525
/projects/caeg/data/production/LV7/009/022/LV7009022988/20231027_BHNLTWDSX5, Lib_LV7009022988
/projects/caeg/data/production/LV7/009/022/LV7009022637/20230802_AHNLNFDSX5, Lib_LV7009022637
/projects/caeg/data/production/LV7/009/022/LV7009022733/20240724_BH5F2GDSX7, Lib_LV7009022733
/projects/caeg/data/production/LV7/009/022/LV7009022538/20230828_AHNLYFDSX5, Lib_LV7009022538
/projects/caeg/data/production/LV7/009/022/LV7009022453/20230828_AHNLYFDSX5, Lib_LV7009022453
/projects/caeg/data/production/LV7/009/022/LV7009022671/20230802_AHNLNFDSX5, Lib_LV7009022671
/projects/caeg/data/production/LV7/009/022/LV7009022991/20231027_BHNLTWDSX5, Lib_LV7009022991
/projects/caeg/data/production/LV7/009/022/LV7009022574/20230802_AHNLNFDSX5, Lib_LV7009022574
/projects/caeg/data/production/LV7/009/022/LV7009022581/20230802_AHNLNFDSX5, Lib_LV7009022581
/projects/caeg/data/production/LV7/009/022/LV7009022640/20230802_AHNLNFDSX5, Lib_LV7009022640
/projects/caeg/data/production/LV7/009/022/LV7009022514/20230828_AHNLYFDSX5, Lib_LV7009022514
/projects/caeg/data/production/LV7/009/022/LV7009022982/20231027_BHNLTWDSX5, Lib_LV7009022982
/projects/caeg/data/production/LV7/009/022/LV7009022599/20230802_AHNLNFDSX5, Lib_LV7009022599
/projects/caeg/data/production/LV7/009/022/LV7009022600/20230802_AHNLNFDSX5, Lib_LV7009022600
/projects/caeg/data/production/LV7/009/022/LV7009022503/20230828_AHNLYFDSX5, Lib_LV7009022503
/projects/caeg/data/production/LV7/009/022/LV7009022430/20240702_BH5F5KDSX7, Lib_LV7009022430
/projects/caeg/data/production/LV7/009/022/LV7009022565/20230802_AHNLNFDSX5, Lib_LV7009022565
/projects/caeg/data/production/LV7/009/022/LV7009022998/20231027_BHNLTWDSX5, Lib_LV7009022998
/projects/caeg/data/production/LV7/009/022/LV7009022670/20230802_AHNLNFDSX5, Lib_LV7009022670
/projects/caeg/data/production/LV7/009/022/LV7009022572/20230802_AHNLNFDSX5, Lib_LV7009022572
/projects/caeg/data/production/LV7/009/022/LV7009022594/20230802_AHNLNFDSX5, Lib_LV7009022594
/projects/caeg/data/production/LV7/009/022/LV7009022989/20231027_BHNLTWDSX5, Lib_LV7009022989
/projects/caeg/data/production/LV7/009/022/LV7009022490/20230828_AHNLYFDSX5, Lib_LV7009022490
/projects/caeg/data/production/LV7/009/022/LV7009022589/20230802_AHNLNFDSX5, Lib_LV7009022589
/projects/caeg/data/production/LV7/009/022/LV7009022556/20230802_AHNLNFDSX5, Lib_LV7009022556
/projects/caeg/data/production/LV7/009/022/LV7009022999/20231027_BHNLTWDSX5, Lib_LV7009022999
/projects/caeg/data/production/LV7/009/022/LV7009022553/20230802_AHNLNFDSX5, Lib_LV7009022553
/projects/caeg/data/production/LV7/009/022/LV7009022567/20230802_AHNLNFDSX5, Lib_LV7009022567
/projects/caeg/data/production/LV7/009/022/LV7009022590/20230802_AHNLNFDSX5, Lib_LV7009022590
/projects/caeg/data/production/LV7/009/022/LV7009022580/20230802_AHNLNFDSX5, Lib_LV7009022580
/projects/caeg/data/production/LV7/009/022/LV7009022468/20230828_AHNLYFDSX5, Lib_LV7009022468
/projects/caeg/data/production/LV7/009/021/LV7009021858/20231027_BHNLTWDSX5, Lib_LV7009021858
/projects/caeg/data/production/LV7/009/021/LV7009021859/20231027_BHNLTWDSX5, Lib_LV7009021859
/projects/caeg/data/production/LV7/009/021/LV7009021849/20230802_AHNLNFDSX5, Lib_LV7009021849
/projects/caeg/data/production/LV7/009/021/LV7009021879/20231027_BHNLTWDSX5, Lib_LV7009021879
/projects/caeg/data/production/LV7/009/021/LV7009021880/20231027_BHNLTWDSX5, Lib_LV7009021880
/projects/caeg/data/production/LV7/009/021/LV7009021878/20231027_BHNLTWDSX5, Lib_LV7009021878
/projects/caeg/data/production/LV7/009/021/LV7009021866/20240704_BH5FCVDSX7, Lib_LV7009021866
/projects/caeg/data/production/LV7/009/021/LV7009021857/20231027_BHNLTWDSX5, Lib_LV7009021857
/projects/caeg/data/production/LV7/009/021/LV7009021851/20230828_AHNLYFDSX5, Lib_LV7009021851
/projects/caeg/data/production/LV7/009/021/LV7009021824/20240704_BH5FCVDSX7, Lib_LV7009021824
/projects/caeg/data/production/LV7/009/021/LV7009021850/20230802_AHNLNFDSX5, Lib_LV7009021850
/projects/caeg/data/production/LV7/009/021/LV7009021821/20230828_AHNLYFDSX5, Lib_LV7009021821
/projects/caeg/data/production/LV7/009/021/LV7009021848/20230802_AHNLNFDSX5, Lib_LV7009021848
/projects/caeg/data/production/LV7/009/023/LV7009023076/20231027_BHNLTWDSX5, Lib_LV7009023076
/projects/caeg/data/production/LV7/009/023/LV7009023038/20231027_BHNLTWDSX5, Lib_LV7009023038
/projects/caeg/data/production/LV7/009/023/LV7009023064/20231027_BHNLTWDSX5, Lib_LV7009023064
/projects/caeg/data/production/LV7/009/023/LV7009023002/20231027_BHNLTWDSX5, Lib_LV7009023002
/projects/caeg/data/production/LV7/009/023/LV7009023037/20231027_BHNLTWDSX5, Lib_LV7009023037
/projects/caeg/data/production/LV7/009/023/LV7009023004/20231027_BHNLTWDSX5, Lib_LV7009023004
/projects/caeg/data/production/LV7/009/023/LV7009023016/20231027_BHNLTWDSX5, Lib_LV7009023016
/projects/caeg/data/production/LV7/009/023/LV7009023730/20240704_BH5FCVDSX7, Lib_LV7009023730
/projects/caeg/data/production/LV7/009/023/LV7009023015/20231027_BHNLTWDSX5, Lib_LV7009023015
/projects/caeg/data/production/LV7/009/023/LV7009023044/20231027_BHNLTWDSX5, Lib_LV7009023044
/projects/caeg/data/production/LV7/009/023/LV7009023000/20231027_BHNLTWDSX5, Lib_LV7009023000
/projects/caeg/data/production/LV7/009/023/LV7009023042/20231027_BHNLTWDSX5, Lib_LV7009023042
/projects/caeg/data/production/LV7/009/023/LV7009023075/20231027_BHNLTWDSX5, Lib_LV7009023075
/projects/caeg/data/production/LV7/009/023/LV7009023011/20231027_BHNLTWDSX5, Lib_LV7009023011
/projects/caeg/data/production/LV7/009/023/LV7009023062/20231027_BHNLTWDSX5, Lib_LV7009023062
/projects/caeg/data/production/LV7/009/023/LV7009023040/20231027_BHNLTWDSX5, Lib_LV7009023040
/projects/caeg/data/production/LV7/009/023/LV7009023058/20231027_BHNLTWDSX5, Lib_LV7009023058
/projects/caeg/data/production/LV7/009/023/LV7009023025/20231027_BHNLTWDSX5, Lib_LV7009023025
/projects/caeg/data/production/LV7/009/023/LV7009023061/20231027_BHNLTWDSX5, Lib_LV7009023061
/projects/caeg/data/production/LV7/009/023/LV7009023026/20231027_BHNLTWDSX5, Lib_LV7009023026
/projects/caeg/data/production/LV7/009/023/LV7009023029/20231027_BHNLTWDSX5, Lib_LV7009023029
/projects/caeg/data/production/LV7/009/023/LV7009023067/20231027_BHNLTWDSX5, Lib_LV7009023067
/projects/caeg/data/production/LV7/009/023/LV7009023014/20231027_BHNLTWDSX5, Lib_LV7009023014
/projects/caeg/data/production/LV7/009/023/LV7009023078/20231027_BHNLTWDSX5, Lib_LV7009023078
/projects/caeg/data/production/LV7/009/023/LV7009023074/20231027_BHNLTWDSX5, Lib_LV7009023074
/projects/caeg/data/production/LV7/009/023/LV7009023010/20231027_BHNLTWDSX5, Lib_LV7009023010
/projects/caeg/data/production/LV7/009/023/LV7009023018/20231027_BHNLTWDSX5, Lib_LV7009023018
/projects/caeg/data/production/LV7/009/023/LV7009023008/20231027_BHNLTWDSX5, Lib_LV7009023008
/projects/caeg/data/production/LV7/009/023/LV7009023003/20231027_BHNLTWDSX5, Lib_LV7009023003
/projects/caeg/data/production/LV7/009/023/LV7009023031/20231027_BHNLTWDSX5, Lib_LV7009023031
/projects/caeg/data/production/LV7/009/023/LV7009023066/20231027_BHNLTWDSX5, Lib_LV7009023066
/projects/caeg/data/production/LV7/009/023/LV7009023012/20231027_BHNLTWDSX5, Lib_LV7009023012
/projects/caeg/data/production/LV7/009/023/LV7009023020/20231027_BHNLTWDSX5, Lib_LV7009023020
/projects/caeg/data/production/LV7/009/023/LV7009023039/20231027_BHNLTWDSX5, Lib_LV7009023039
/projects/caeg/data/production/LV7/009/023/LV7009023013/20231027_BHNLTWDSX5, Lib_LV7009023013
/projects/caeg/data/production/LV7/009/023/LV7009023034/20231027_BHNLTWDSX5, Lib_LV7009023034
/projects/caeg/data/production/LV7/009/023/LV7009023001/20231027_BHNLTWDSX5, Lib_LV7009023001
/projects/caeg/data/production/LV7/009/023/LV7009023059/20231027_BHNLTWDSX5, Lib_LV7009023059
/projects/caeg/data/production/LV7/009/023/LV7009023065/20231027_BHNLTWDSX5, Lib_LV7009023065
/projects/caeg/data/production/LV7/009/023/LV7009023041/20231027_BHNLTWDSX5, Lib_LV7009023041
/projects/caeg/data/production/LV7/009/023/LV7009023073/20231027_BHNLTWDSX5, Lib_LV7009023073
/projects/caeg/data/production/LV7/009/023/LV7009023007/20231027_BHNLTWDSX5, Lib_LV7009023007
/projects/caeg/data/production/LV7/009/023/LV7009023028/20231027_BHNLTWDSX5, Lib_LV7009023028
/projects/caeg/data/production/LV7/009/023/LV7009023755/20240704_BH5FCVDSX7, Lib_LV7009023755
/projects/caeg/data/production/LV7/009/023/LV7009023080/20231027_BHNLTWDSX5, Lib_LV7009023080
/projects/caeg/data/production/LV7/009/023/LV7009023006/20231027_BHNLTWDSX5, Lib_LV7009023006
/projects/caeg/data/production/LV7/009/023/LV7009023035/20231027_BHNLTWDSX5, Lib_LV7009023035
/projects/caeg/data/production/LV7/009/023/LV7009023036/20231027_BHNLTWDSX5, Lib_LV7009023036
/projects/caeg/data/production/LV7/009/023/LV7009023030/20231027_BHNLTWDSX5, Lib_LV7009023030
/projects/caeg/data/production/LV7/009/023/LV7009023023/20231027_BHNLTWDSX5, Lib_LV7009023023
/projects/caeg/data/production/LV7/009/023/LV7009023060/20231027_BHNLTWDSX5, Lib_LV7009023060
/projects/caeg/data/production/LV7/009/023/LV7009023022/20231027_BHNLTWDSX5, Lib_LV7009023022
/projects/caeg/data/production/LV7/009/023/LV7009023027/20231027_BHNLTWDSX5, Lib_LV7009023027
/projects/caeg/data/production/LV7/009/023/LV7009023019/20231027_BHNLTWDSX5, Lib_LV7009023019
/projects/caeg/data/production/LV7/009/023/LV7009023079/20231027_BHNLTWDSX5, Lib_LV7009023079
/projects/caeg/data/production/LV7/009/023/LV7009023070/20231027_BHNLTWDSX5, Lib_LV7009023070
/projects/caeg/data/production/LV7/009/023/LV7009023077/20231027_BHNLTWDSX5, Lib_LV7009023077
/projects/caeg/data/production/LV7/009/023/LV7009023024/20231027_BHNLTWDSX5, Lib_LV7009023024
/projects/caeg/data/production/LV7/009/023/LV7009023068/20231027_BHNLTWDSX5, Lib_LV7009023068
/projects/caeg/data/production/LV7/009/023/LV7009023032/20231027_BHNLTWDSX5, Lib_LV7009023032
/projects/caeg/data/production/LV7/009/023/LV7009023017/20231027_BHNLTWDSX5, Lib_LV7009023017
/projects/caeg/data/production/LV7/009/024/LV7009024569/20240702_BH5F5KDSX7, Lib_LV7009024569
/projects/caeg/data/production/LV7/009/024/LV7009024845/20240702_BH5F5KDSX7, Lib_LV7009024845
/projects/caeg/data/production/LV7/009/024/LV7009024586/20240702_BH5F5KDSX7, Lib_LV7009024586
/projects/caeg/data/production/LV7/009/024/LV7009024325/20240704_BH5FCVDSX7, Lib_LV7009024325
/projects/caeg/data/production/LV7/009/024/LV7009024391/20240702_BH5F5KDSX7, Lib_LV7009024391
/projects/caeg/data/production/LV7/009/024/LV7009024574/20240724_BH5F2GDSX7, Lib_LV7009024574
/projects/caeg/data/production/LV7/009/024/LV7009024470/20240724_BH5F2GDSX7, Lib_LV7009024470
/projects/caeg/data/production/LV7/009/024/LV7009024910/20240724_BH5F2GDSX7, Lib_LV7009024910
/projects/caeg/data/production/LV7/009/024/LV7009024920/20240704_BH5FCVDSX7, Lib_LV7009024920
/projects/caeg/data/production/LV7/009/024/LV7009024919/20240704_BH5FCVDSX7, Lib_LV7009024919
/projects/caeg/data/production/LV7/009/024/LV7009024105/20240702_BH5F5KDSX7, Lib_LV7009024105
/projects/caeg/data/production/LV7/009/024/LV7009024823/20240724_BH5F2GDSX7, Lib_LV7009024823
/projects/caeg/data/production/LV7/009/024/LV7009024211/20240704_BH5FCVDSX7, Lib_LV7009024211
/projects/caeg/data/production/LV7/009/024/LV7009024091/20240702_BH5F5KDSX7, Lib_LV7009024091
/projects/caeg/data/production/LV7/009/024/LV7009024585/20240704_BH5FCVDSX7, Lib_LV7009024585
/projects/caeg/data/production/LV7/009/024/LV7009024562/20240724_BH5F2GDSX7, Lib_LV7009024562
/projects/caeg/data/production/LV7/009/024/LV7009024536/20240704_BH5FCVDSX7, Lib_LV7009024536
/projects/caeg/data/production/LV7/009/024/LV7009024246/20240704_BH5FCVDSX7, Lib_LV7009024246
/projects/caeg/data/production/LV7/009/024/LV7009024089/20240702_BH5F5KDSX7, Lib_LV7009024089
/projects/caeg/data/production/LV7/009/024/LV7009024883/20240702_BH5F5KDSX7, Lib_LV7009024883
/projects/caeg/data/production/LV7/009/027/LV7009027644/20231109_BHNLNLDSX5, Lib_LV7009027644
/projects/caeg/data/production/LV7/009/027/LV7009027631/20231109_BHNLNLDSX5, Lib_LV7009027631
/projects/caeg/data/production/LV7/009/027/LV7009027561/20231109_BHNLNLDSX5, Lib_LV7009027561
/projects/caeg/data/production/LV7/009/027/LV7009027519/20231109_BHNLNLDSX5, Lib_LV7009027519
/projects/caeg/data/production/LV7/009/027/LV7009027613/20231109_BHNLNLDSX5, Lib_LV7009027613
/projects/caeg/data/production/LV7/009/027/LV7009027518/20231109_BHNLNLDSX5, Lib_LV7009027518
/projects/caeg/data/production/LV7/009/027/LV7009027650/20231109_BHNLNLDSX5, Lib_LV7009027650
/projects/caeg/data/production/LV7/009/027/LV7009027550/20231109_BHNLNLDSX5, Lib_LV7009027550
/projects/caeg/data/production/LV7/009/027/LV7009027615/20231109_BHNLNLDSX5, Lib_LV7009027615
/projects/caeg/data/production/LV7/009/027/LV7009027656/20231109_BHNLNLDSX5, Lib_LV7009027656
/projects/caeg/data/production/LV7/009/027/LV7009027564/20231109_BHNLNLDSX5, Lib_LV7009027564
/projects/caeg/data/production/LV7/009/027/LV7009027886/20240704_BH5FCVDSX7, Lib_LV7009027886
/projects/caeg/data/production/LV7/009/027/LV7009027660/20231109_BHNLNLDSX5, Lib_LV7009027660
/projects/caeg/data/production/LV7/009/027/LV7009027666/20231109_BHNLNLDSX5, Lib_LV7009027666
/projects/caeg/data/production/LV7/009/027/LV7009027514/20231109_BHNLNLDSX5, Lib_LV7009027514
/projects/caeg/data/production/LV7/009/027/LV7009027670/20231109_BHNLNLDSX5, Lib_LV7009027670
/projects/caeg/data/production/LV7/009/027/LV7009027643/20231109_BHNLNLDSX5, Lib_LV7009027643
/projects/caeg/data/production/LV7/009/027/LV7009027318/20240702_BH5F5KDSX7, Lib_LV7009027318
/projects/caeg/data/production/LV7/009/027/LV7009027640/20231109_BHNLNLDSX5, Lib_LV7009027640
/projects/caeg/data/production/LV7/009/027/LV7009027635/20231109_BHNLNLDSX5, Lib_LV7009027635
/projects/caeg/data/production/LV7/009/027/LV7009027637/20231109_BHNLNLDSX5, Lib_LV7009027637
/projects/caeg/data/production/LV7/009/027/LV7009027567/20231109_BHNLNLDSX5, Lib_LV7009027567
/projects/caeg/data/production/LV7/009/027/LV7009027647/20231109_BHNLNLDSX5, Lib_LV7009027647
/projects/caeg/data/production/LV7/009/027/LV7009027668/20231109_BHNLNLDSX5, Lib_LV7009027668
/projects/caeg/data/production/LV7/009/027/LV7009027547/20231109_BHNLNLDSX5, Lib_LV7009027547
/projects/caeg/data/production/LV7/009/027/LV7009027860/20240704_BH5FCVDSX7, Lib_LV7009027860
/projects/caeg/data/production/LV7/009/027/LV7009027649/20231109_BHNLNLDSX5, Lib_LV7009027649
/projects/caeg/data/production/LV7/009/027/LV7009027652/20231109_BHNLNLDSX5, Lib_LV7009027652
/projects/caeg/data/production/LV7/009/027/LV7009027551/20231109_BHNLNLDSX5, Lib_LV7009027551
/projects/caeg/data/production/LV7/009/027/LV7009027616/20231109_BHNLNLDSX5, Lib_LV7009027616
/projects/caeg/data/production/LV7/009/027/LV7009027833/20240724_BH5F2GDSX7, Lib_LV7009027833
/projects/caeg/data/production/LV7/009/027/LV7009027639/20231109_BHNLNLDSX5, Lib_LV7009027639
/projects/caeg/data/production/LV7/009/027/LV7009027669/20231109_BHNLNLDSX5, Lib_LV7009027669
/projects/caeg/data/production/LV7/009/027/LV7009027545/20231109_BHNLNLDSX5, Lib_LV7009027545
/projects/caeg/data/production/LV7/009/027/LV7009027563/20231109_BHNLNLDSX5, Lib_LV7009027563
/projects/caeg/data/production/LV7/009/027/LV7009027553/20231109_BHNLNLDSX5, Lib_LV7009027553
/projects/caeg/data/production/LV7/009/027/LV7009027658/20231109_BHNLNLDSX5, Lib_LV7009027658
/projects/caeg/data/production/LV7/009/027/LV7009027812/20240702_BH5F5KDSX7, Lib_LV7009027812
/projects/caeg/data/production/LV7/009/027/LV7009027662/20231109_BHNLNLDSX5, Lib_LV7009027662
/projects/caeg/data/production/LV7/009/027/LV7009027554/20231109_BHNLNLDSX5, Lib_LV7009027554
/projects/caeg/data/production/LV7/009/027/LV7009027671/20231109_BHNLNLDSX5, Lib_LV7009027671
/projects/caeg/data/production/LV7/009/027/LV7009027674/20231109_BHNLNLDSX5, Lib_LV7009027674
/projects/caeg/data/production/LV7/009/027/LV7009027559/20231109_BHNLNLDSX5, Lib_LV7009027559
/projects/caeg/data/production/LV7/009/027/LV7009027606/20231109_BHNLNLDSX5, Lib_LV7009027606
/projects/caeg/data/production/LV7/009/027/LV7009027562/20231109_BHNLNLDSX5, Lib_LV7009027562
/projects/caeg/data/production/LV7/009/027/LV7009027546/20231109_BHNLNLDSX5, Lib_LV7009027546
/projects/caeg/data/production/LV7/009/027/LV7009027663/20231109_BHNLNLDSX5, Lib_LV7009027663
/projects/caeg/data/production/LV7/009/027/LV7009027633/20231109_BHNLNLDSX5, Lib_LV7009027633
/projects/caeg/data/production/LV7/009/027/LV7009027636/20231109_BHNLNLDSX5, Lib_LV7009027636
/projects/caeg/data/production/LV7/009/027/LV7009027664/20231109_BHNLNLDSX5, Lib_LV7009027664
/projects/caeg/data/production/LV7/009/027/LV7009027610/20231109_BHNLNLDSX5, Lib_LV7009027610
/projects/caeg/data/production/LV7/009/027/LV7009027612/20231109_BHNLNLDSX5, Lib_LV7009027612
/projects/caeg/data/production/LV7/009/027/LV7009027516/20231109_BHNLNLDSX5, Lib_LV7009027516
/projects/caeg/data/production/LV7/009/027/LV7009027607/20231109_BHNLNLDSX5, Lib_LV7009027607
/projects/caeg/data/production/LV7/009/027/LV7009027651/20231109_BHNLNLDSX5, Lib_LV7009027651
/projects/caeg/data/production/LV7/009/027/LV7009027642/20231109_BHNLNLDSX5, Lib_LV7009027642
/projects/caeg/data/production/LV7/009/027/LV7009027568/20231109_BHNLNLDSX5, Lib_LV7009027568
/projects/caeg/data/production/LV7/009/027/LV7009027510/20231109_BHNLNLDSX5, Lib_LV7009027510
/projects/caeg/data/production/LV7/009/027/LV7009027661/20231109_BHNLNLDSX5, Lib_LV7009027661
/projects/caeg/data/production/LV7/009/027/LV7009027634/20231109_BHNLNLDSX5, Lib_LV7009027634
/projects/caeg/data/production/LV7/009/027/LV7009027609/20231109_BHNLNLDSX5, Lib_LV7009027609
/projects/caeg/data/production/LV7/009/027/LV7009027555/20231109_BHNLNLDSX5, Lib_LV7009027555
/projects/caeg/data/production/LV7/009/027/LV7009027357/20240724_BH5F2GDSX7, Lib_LV7009027357
/projects/caeg/data/production/LV7/009/027/LV7009027614/20231109_BHNLNLDSX5, Lib_LV7009027614
/projects/caeg/data/production/LV7/009/027/LV7009027646/20231109_BHNLNLDSX5, Lib_LV7009027646
/projects/caeg/data/production/LV7/009/027/LV7009027515/20231109_BHNLNLDSX5, Lib_LV7009027515
/projects/caeg/data/production/LV7/009/027/LV7009027630/20231109_BHNLNLDSX5, Lib_LV7009027630
/projects/caeg/data/production/LV7/009/027/LV7009027566/20231109_BHNLNLDSX5, Lib_LV7009027566
/projects/caeg/data/production/LV7/009/027/LV7009027611/20231109_BHNLNLDSX5, Lib_LV7009027611
/projects/caeg/data/production/LV7/009/027/LV7009027645/20231109_BHNLNLDSX5, Lib_LV7009027645
/projects/caeg/data/production/LV7/009/027/LV7009027560/20231109_BHNLNLDSX5, Lib_LV7009027560
/projects/caeg/data/production/LV7/009/027/LV7009027317/20240724_BH5F2GDSX7, Lib_LV7009027317
/projects/caeg/data/production/LV7/009/027/LV7009027648/20231109_BHNLNLDSX5, Lib_LV7009027648
/projects/caeg/data/production/LV7/009/027/LV7009027654/20231109_BHNLNLDSX5, Lib_LV7009027654
/projects/caeg/data/production/LV7/009/027/LV7009027655/20231109_BHNLNLDSX5, Lib_LV7009027655
/projects/caeg/data/production/LV7/009/027/LV7009027548/20231109_BHNLNLDSX5, Lib_LV7009027548
/projects/caeg/data/production/LV7/009/027/LV7009027608/20231109_BHNLNLDSX5, Lib_LV7009027608
/projects/caeg/data/production/LV7/009/027/LV7009027549/20231109_BHNLNLDSX5, Lib_LV7009027549
/projects/caeg/data/production/LV7/009/027/LV7009027552/20231109_BHNLNLDSX5, Lib_LV7009027552
/projects/caeg/data/production/LV7/009/027/LV7009027558/20231109_BHNLNLDSX5, Lib_LV7009027558
/projects/caeg/data/production/LV7/009/027/LV7009027909/20240724_BH5F2GDSX7, Lib_LV7009027909
/projects/caeg/data/production/LV7/009/027/LV7009027632/20231109_BHNLNLDSX5, Lib_LV7009027632
/projects/caeg/data/production/LV7/009/027/LV7009027672/20231109_BHNLNLDSX5, Lib_LV7009027672
/projects/caeg/data/production/LV7/009/027/LV7009027638/20231109_BHNLNLDSX5, Lib_LV7009027638
/projects/caeg/data/production/LV7/009/027/LV7009027657/20231109_BHNLNLDSX5, Lib_LV7009027657
/projects/caeg/data/production/LV7/009/026/LV7009026459/20230927_AHNLW5DSX5, Lib_LV7009026459
/projects/caeg/data/production/LV7/009/026/LV7009026464/20230927_AHNLW5DSX5, Lib_LV7009026464
/projects/caeg/data/production/LV7/009/026/LV7009026493/20230927_AHNLW5DSX5, Lib_LV7009026493
/projects/caeg/data/production/LV7/009/026/LV7009026460/20230927_AHNLW5DSX5, Lib_LV7009026460
/projects/caeg/data/production/LV7/009/026/LV7009026510/20230927_AHNLW5DSX5, Lib_LV7009026510
/projects/caeg/data/production/LV7/009/026/LV7009026520/20230927_AHNLW5DSX5, Lib_LV7009026520
/projects/caeg/data/production/LV7/009/026/LV7009026445/20230927_AHNLW5DSX5, Lib_LV7009026445
/projects/caeg/data/production/LV7/009/026/LV7009026438/20230927_AHNLW5DSX5, Lib_LV7009026438
/projects/caeg/data/production/LV7/009/026/LV7009026469/20230927_AHNLW5DSX5, Lib_LV7009026469
/projects/caeg/data/production/LV7/009/026/LV7009026472/20230927_AHNLW5DSX5, Lib_LV7009026472
/projects/caeg/data/production/LV7/009/026/LV7009026523/20230927_AHNLW5DSX5, Lib_LV7009026523
/projects/caeg/data/production/LV7/009/026/LV7009026434/20230927_AHNLW5DSX5, Lib_LV7009026434
/projects/caeg/data/production/LV7/009/026/LV7009026504/20230927_AHNLW5DSX5, Lib_LV7009026504
/projects/caeg/data/production/LV7/009/026/LV7009026483/20230927_AHNLW5DSX5, Lib_LV7009026483
/projects/caeg/data/production/LV7/009/026/LV7009026521/20230927_AHNLW5DSX5, Lib_LV7009026521
/projects/caeg/data/production/LV7/009/026/LV7009026512/20230927_AHNLW5DSX5, Lib_LV7009026512
/projects/caeg/data/production/LV7/009/026/LV7009026443/20230927_AHNLW5DSX5, Lib_LV7009026443
/projects/caeg/data/production/LV7/009/026/LV7009026463/20230927_AHNLW5DSX5, Lib_LV7009026463
/projects/caeg/data/production/LV7/009/026/LV7009026448/20230927_AHNLW5DSX5, Lib_LV7009026448
/projects/caeg/data/production/LV7/009/026/LV7009026487/20230927_AHNLW5DSX5, Lib_LV7009026487
/projects/caeg/data/production/LV7/009/026/LV7009026519/20230927_AHNLW5DSX5, Lib_LV7009026519
/projects/caeg/data/production/LV7/009/026/LV7009026492/20230927_AHNLW5DSX5, Lib_LV7009026492
/projects/caeg/data/production/LV7/009/026/LV7009026473/20230927_AHNLW5DSX5, Lib_LV7009026473
/projects/caeg/data/production/LV7/009/026/LV7009026578/20240724_BH5F2GDSX7, Lib_LV7009026578
/projects/caeg/data/production/LV7/009/026/LV7009026590/20240702_BH5F5KDSX7, Lib_LV7009026590
/projects/caeg/data/production/LV7/009/026/LV7009026449/20230927_AHNLW5DSX5, Lib_LV7009026449
/projects/caeg/data/production/LV7/009/026/LV7009026439/20230927_AHNLW5DSX5, Lib_LV7009026439
/projects/caeg/data/production/LV7/009/026/LV7009026450/20230927_AHNLW5DSX5, Lib_LV7009026450
/projects/caeg/data/production/LV7/009/026/LV7009026509/20230927_AHNLW5DSX5, Lib_LV7009026509
/projects/caeg/data/production/LV7/009/026/LV7009026452/20230927_AHNLW5DSX5, Lib_LV7009026452
/projects/caeg/data/production/LV7/009/026/LV7009026111/20230927_AHNLW5DSX5, Lib_LV7009026111
/projects/caeg/data/production/LV7/009/026/LV7009026160/20231109_BHNLNLDSX5, Lib_LV7009026160
/projects/caeg/data/production/LV7/009/026/LV7009026113/20230927_AHNLW5DSX5, Lib_LV7009026113
/projects/caeg/data/production/LV7/009/026/LV7009026552/20240704_BH5FCVDSX7, Lib_LV7009026552
/projects/caeg/data/production/LV7/009/026/LV7009026474/20230927_AHNLW5DSX5, Lib_LV7009026474
/projects/caeg/data/production/LV7/009/026/LV7009026457/20230927_AHNLW5DSX5, Lib_LV7009026457
/projects/caeg/data/production/LV7/009/026/LV7009026462/20230927_AHNLW5DSX5, Lib_LV7009026462
/projects/caeg/data/production/LV7/009/026/LV7009026497/20230927_AHNLW5DSX5, Lib_LV7009026497
/projects/caeg/data/production/LV7/009/026/LV7009026157/20231109_BHNLNLDSX5, Lib_LV7009026157
/projects/caeg/data/production/LV7/009/026/LV7009026424/20240704_BH5FCVDSX7, Lib_LV7009026424
/projects/caeg/data/production/LV7/009/026/LV7009026506/20230927_AHNLW5DSX5, Lib_LV7009026506
/projects/caeg/data/production/LV7/009/026/LV7009026500/20230927_AHNLW5DSX5, Lib_LV7009026500
/projects/caeg/data/production/LV7/009/026/LV7009026471/20230927_AHNLW5DSX5, Lib_LV7009026471
/projects/caeg/data/production/LV7/009/026/LV7009026484/20230927_AHNLW5DSX5, Lib_LV7009026484
/projects/caeg/data/production/LV7/009/026/LV7009026494/20230927_AHNLW5DSX5, Lib_LV7009026494
/projects/caeg/data/production/LV7/009/026/LV7009026436/20230927_AHNLW5DSX5, Lib_LV7009026436
/projects/caeg/data/production/LV7/009/026/LV7009026479/20230927_AHNLW5DSX5, Lib_LV7009026479
/projects/caeg/data/production/LV7/009/026/LV7009026161/20231109_BHNLNLDSX5, Lib_LV7009026161
/projects/caeg/data/production/LV7/009/026/LV7009026481/20230927_AHNLW5DSX5, Lib_LV7009026481
/projects/caeg/data/production/LV7/009/026/LV7009026097/20240704_BH5FCVDSX7, Lib_LV7009026097
/projects/caeg/data/production/LV7/009/026/LV7009026563/20240702_BH5F5KDSX7, Lib_LV7009026563
/projects/caeg/data/production/LV7/009/026/LV7009026337/20240702_BH5F5KDSX7, Lib_LV7009026337
/projects/caeg/data/production/LV7/009/026/LV7009026162/20231109_BHNLNLDSX5, Lib_LV7009026162
/projects/caeg/data/production/LV7/009/026/LV7009026360/20240702_BH5F5KDSX7, Lib_LV7009026360
/projects/caeg/data/production/LV7/009/026/LV7009026364/20240704_BH5FCVDSX7, Lib_LV7009026364
/projects/caeg/data/production/LV7/009/026/LV7009026467/20230927_AHNLW5DSX5, Lib_LV7009026467
/projects/caeg/data/production/LV7/009/026/LV7009026437/20230927_AHNLW5DSX5, Lib_LV7009026437
/projects/caeg/data/production/LV7/009/026/LV7009026451/20230927_AHNLW5DSX5, Lib_LV7009026451
/projects/caeg/data/production/LV7/009/026/LV7009026488/20230927_AHNLW5DSX5, Lib_LV7009026488
/projects/caeg/data/production/LV7/009/026/LV7009026482/20230927_AHNLW5DSX5, Lib_LV7009026482
/projects/caeg/data/production/LV7/009/026/LV7009026499/20230927_AHNLW5DSX5, Lib_LV7009026499
/projects/caeg/data/production/LV7/009/026/LV7009026440/20230927_AHNLW5DSX5, Lib_LV7009026440
/projects/caeg/data/production/LV7/009/026/LV7009026480/20230927_AHNLW5DSX5, Lib_LV7009026480
/projects/caeg/data/production/LV7/009/026/LV7009026164/20231109_BHNLNLDSX5, Lib_LV7009026164
/projects/caeg/data/production/LV7/009/026/LV7009026444/20230927_AHNLW5DSX5, Lib_LV7009026444
/projects/caeg/data/production/LV7/009/026/LV7009026511/20230927_AHNLW5DSX5, Lib_LV7009026511
/projects/caeg/data/production/LV7/009/026/LV7009026522/20230927_AHNLW5DSX5, Lib_LV7009026522
/projects/caeg/data/production/LV7/009/026/LV7009026468/20230927_AHNLW5DSX5, Lib_LV7009026468
/projects/caeg/data/production/LV7/009/026/LV7009026498/20230927_AHNLW5DSX5, Lib_LV7009026498
/projects/caeg/data/production/LV7/009/026/LV7009026455/20230927_AHNLW5DSX5, Lib_LV7009026455
/projects/caeg/data/production/LV7/009/026/LV7009026485/20230927_AHNLW5DSX5, Lib_LV7009026485
/projects/caeg/data/production/LV7/009/026/LV7009026112/20230927_AHNLW5DSX5, Lib_LV7009026112
/projects/caeg/data/production/LV7/009/026/LV7009026435/20230927_AHNLW5DSX5, Lib_LV7009026435
/projects/caeg/data/production/LV7/009/026/LV7009026496/20230927_AHNLW5DSX5, Lib_LV7009026496
/projects/caeg/data/production/LV7/009/026/LV7009026602/20240724_BH5F2GDSX7, Lib_LV7009026602
/projects/caeg/data/production/LV7/009/026/LV7009026163/20231109_BHNLNLDSX5, Lib_LV7009026163
/projects/caeg/data/production/LV7/009/026/LV7009026634/20240704_BH5FCVDSX7, Lib_LV7009026634
/projects/caeg/data/production/LV7/009/026/LV7009026576/20240702_BH5F5KDSX7, Lib_LV7009026576
/projects/caeg/data/production/LV7/009/026/LV7009026470/20230927_AHNLW5DSX5, Lib_LV7009026470
/projects/caeg/data/production/LV7/009/026/LV7009026505/20230927_AHNLW5DSX5, Lib_LV7009026505
/projects/caeg/data/production/LV7/009/026/LV7009026516/20230927_AHNLW5DSX5, Lib_LV7009026516
/projects/caeg/data/production/LV7/009/026/LV7009026446/20230927_AHNLW5DSX5, Lib_LV7009026446
/projects/caeg/data/production/LV7/009/026/LV7009026486/20230927_AHNLW5DSX5, Lib_LV7009026486
/projects/caeg/data/production/LV7/009/026/LV7009026159/20231109_BHNLNLDSX5, Lib_LV7009026159
/projects/caeg/data/production/LV7/009/026/LV7009026495/20230927_AHNLW5DSX5, Lib_LV7009026495
/projects/caeg/data/production/LV7/009/026/LV7009026517/20230927_AHNLW5DSX5, Lib_LV7009026517
/projects/caeg/data/production/LV7/009/026/LV7009026518/20230927_AHNLW5DSX5, Lib_LV7009026518
/projects/caeg/data/production/LV7/009/026/LV7009026458/20230927_AHNLW5DSX5, Lib_LV7009026458
/projects/caeg/data/production/LV7/009/026/LV7009026158/20231109_BHNLNLDSX5, Lib_LV7009026158
/projects/caeg/data/production/LV7/009/026/LV7009026508/20230927_AHNLW5DSX5, Lib_LV7009026508
/projects/caeg/data/production/LV7/009/026/LV7009026399/20240702_BH5F5KDSX7, Lib_LV7009026399
/projects/caeg/data/production/LV7/009/026/LV7009026447/20230927_AHNLW5DSX5, Lib_LV7009026447
/projects/caeg/data/production/LV7/009/026/LV7009026456/20230927_AHNLW5DSX5, Lib_LV7009026456
/projects/caeg/data/production/LV7/009/026/LV7009026156/20231109_BHNLNLDSX5, Lib_LV7009026156
/projects/caeg/data/production/LV7/009/026/LV7009026551/20240704_BH5FCVDSX7, Lib_LV7009026551
/projects/caeg/data/production/LV7/009/026/LV7009026141/20231109_BHNLNLDSX5, Lib_LV7009026141
/projects/caeg/data/production/LV7/009/026/LV7009026524/20230927_AHNLW5DSX5, Lib_LV7009026524
/projects/caeg/data/production/LV7/009/026/LV7009026475/20230927_AHNLW5DSX5, Lib_LV7009026475
/projects/caeg/data/production/LV7/009/026/LV7009026476/20230927_AHNLW5DSX5, Lib_LV7009026476
/projects/caeg/data/production/LV3/003/047/LV3003047074/20230405_BHMGTCDSX5, Lib_LV3003047074
/projects/caeg/data/production/LV3/003/047/LV3003047140/20230405_BHMGTCDSX5, Lib_LV3003047140
/projects/caeg/data/production/LV3/003/047/LV3003047098/20230405_BHMGTCDSX5, Lib_LV3003047098
/projects/caeg/data/production/LV3/003/047/LV3003047095/20230405_BHMGTCDSX5, Lib_LV3003047095
/projects/caeg/data/production/LV3/003/047/LV3003047002/20230426_AHMH2WDSX5, Lib_LV3003047002
/projects/caeg/data/production/LV3/003/047/LV3003047169/20230405_BHMGTCDSX5, Lib_LV3003047169
/projects/caeg/data/production/LV3/003/047/LV3003047139/20230405_BHMGTCDSX5, Lib_LV3003047139
/projects/caeg/data/production/LV3/003/047/LV3003047138/20230405_BHMGTCDSX5, Lib_LV3003047138
/projects/caeg/data/production/LV3/003/047/LV3003047035/20230426_AHMH2WDSX5, Lib_LV3003047035
/projects/caeg/data/production/LV3/003/047/LV3003047006/20230426_AHMH2WDSX5, Lib_LV3003047006
/projects/caeg/data/production/LV3/003/047/LV3003047143/20230405_BHMGTCDSX5, Lib_LV3003047143
/projects/caeg/data/production/LV3/003/047/LV3003047027/20230426_AHMH2WDSX5, Lib_LV3003047027
/projects/caeg/data/production/LV3/003/047/LV3003047060/20230405_BHMGTCDSX5, Lib_LV3003047060
/projects/caeg/data/production/LV3/003/047/LV3003047123/20230405_BHMGTCDSX5, Lib_LV3003047123
/projects/caeg/data/production/LV3/003/047/LV3003047021/20230426_AHMH2WDSX5, Lib_LV3003047021
/projects/caeg/data/production/LV3/003/047/LV3003047077/20230405_BHMGTCDSX5, Lib_LV3003047077
/projects/caeg/data/production/LV3/003/047/LV3003047164/20230405_BHMGTCDSX5, Lib_LV3003047164
/projects/caeg/data/production/LV3/003/047/LV3003047010/20230426_AHMH2WDSX5, Lib_LV3003047010
/projects/caeg/data/production/LV3/003/047/LV3003047094/20230405_BHMGTCDSX5, Lib_LV3003047094
/projects/caeg/data/production/LV3/003/047/LV3003047121/20230405_BHMGTCDSX5, Lib_LV3003047121
/projects/caeg/data/production/LV3/003/047/LV3003047106/20230405_BHMGTCDSX5, Lib_LV3003047106
/projects/caeg/data/production/LV3/003/047/LV3003047020/20230426_AHMH2WDSX5, Lib_LV3003047020
/projects/caeg/data/production/LV3/003/047/LV3003047107/20230405_BHMGTCDSX5, Lib_LV3003047107
/projects/caeg/data/production/LV3/003/047/LV3003047136/20230405_BHMGTCDSX5, Lib_LV3003047136
/projects/caeg/data/production/LV3/003/047/LV3003047130/20230405_BHMGTCDSX5, Lib_LV3003047130
/projects/caeg/data/production/LV3/003/047/LV3003047112/20230405_BHMGTCDSX5, Lib_LV3003047112
/projects/caeg/data/production/LV3/003/047/LV3003047122/20230405_BHMGTCDSX5, Lib_LV3003047122
/projects/caeg/data/production/LV3/003/047/LV3003047168/20230405_BHMGTCDSX5, Lib_LV3003047168
/projects/caeg/data/production/LV3/003/047/LV3003047044/20230426_AHMH2WDSX5, Lib_LV3003047044
/projects/caeg/data/production/LV3/003/047/LV3003047131/20230405_BHMGTCDSX5, Lib_LV3003047131
/projects/caeg/data/production/LV3/003/047/LV3003047124/20230405_BHMGTCDSX5, Lib_LV3003047124
/projects/caeg/data/production/LV3/003/047/LV3003047084/20230405_BHMGTCDSX5, Lib_LV3003047084
/projects/caeg/data/production/LV3/003/047/LV3003047064/20230405_BHMGTCDSX5, Lib_LV3003047064
/projects/caeg/data/production/LV3/003/047/LV3003047017/20230426_AHMH2WDSX5, Lib_LV3003047017
/projects/caeg/data/production/LV3/003/047/LV3003047086/20230405_BHMGTCDSX5, Lib_LV3003047086
/projects/caeg/data/production/LV3/003/047/LV3003047085/20230405_BHMGTCDSX5, Lib_LV3003047085
/projects/caeg/data/production/LV3/003/047/LV3003047156/20230405_BHMGTCDSX5, Lib_LV3003047156
/projects/caeg/data/production/LV3/003/047/LV3003047099/20230405_BHMGTCDSX5, Lib_LV3003047099
/projects/caeg/data/production/LV3/003/047/LV3003047132/20230405_BHMGTCDSX5, Lib_LV3003047132
/projects/caeg/data/production/LV3/003/047/LV3003047046/20230426_AHMH2WDSX5, Lib_LV3003047046
/projects/caeg/data/production/LV3/003/047/LV3003047162/20230405_BHMGTCDSX5, Lib_LV3003047162
/projects/caeg/data/production/LV3/003/047/LV3003047146/20230405_BHMGTCDSX5, Lib_LV3003047146
/projects/caeg/data/production/LV3/003/047/LV3003047113/20230405_BHMGTCDSX5, Lib_LV3003047113
/projects/caeg/data/production/LV3/003/047/LV3003047166/20230405_BHMGTCDSX5, Lib_LV3003047166
/projects/caeg/data/production/LV3/003/047/LV3003047150/20230405_BHMGTCDSX5, Lib_LV3003047150
/projects/caeg/data/production/LV3/003/047/LV3003047068/20230405_BHMGTCDSX5, Lib_LV3003047068
/projects/caeg/data/production/LV3/003/047/LV3003047053/20230426_AHMH2WDSX5, Lib_LV3003047053
/projects/caeg/data/production/LV3/003/047/LV3003047039/20230426_AHMH2WDSX5, Lib_LV3003047039
/projects/caeg/data/production/LV3/003/047/LV3003047134/20230405_BHMGTCDSX5, Lib_LV3003047134
/projects/caeg/data/production/LV3/003/047/LV3003047158/20230405_BHMGTCDSX5, Lib_LV3003047158
/projects/caeg/data/production/LV3/003/047/LV3003047141/20230405_BHMGTCDSX5, Lib_LV3003047141
/projects/caeg/data/production/LV3/003/047/LV3003047148/20230405_BHMGTCDSX5, Lib_LV3003047148
/projects/caeg/data/production/LV3/003/047/LV3003047110/20230405_BHMGTCDSX5, Lib_LV3003047110
/projects/caeg/data/production/LV3/003/047/LV3003047127/20230405_BHMGTCDSX5, Lib_LV3003047127
/projects/caeg/data/production/LV3/003/047/LV3003047114/20230405_BHMGTCDSX5, Lib_LV3003047114
/projects/caeg/data/production/LV3/003/047/LV3003047118/20230405_BHMGTCDSX5, Lib_LV3003047118
/projects/caeg/data/production/LV3/003/047/LV3003047061/20230405_BHMGTCDSX5, Lib_LV3003047061
/projects/caeg/data/production/LV3/003/047/LV3003047065/20230405_BHMGTCDSX5, Lib_LV3003047065
/projects/caeg/data/production/LV3/003/047/LV3003047030/20230426_AHMH2WDSX5, Lib_LV3003047030
/projects/caeg/data/production/LV3/003/047/LV3003047147/20230405_BHMGTCDSX5, Lib_LV3003047147
/projects/caeg/data/production/LV3/003/047/LV3003047026/20230426_AHMH2WDSX5, Lib_LV3003047026
/projects/caeg/data/production/LV3/003/047/LV3003047104/20230405_BHMGTCDSX5, Lib_LV3003047104
/projects/caeg/data/production/LV3/003/047/LV3003047013/20230426_AHMH2WDSX5, Lib_LV3003047013
/projects/caeg/data/production/LV3/003/047/LV3003047159/20230405_BHMGTCDSX5, Lib_LV3003047159
/projects/caeg/data/production/LV3/003/047/LV3003047055/20230426_AHMH2WDSX5, Lib_LV3003047055
/projects/caeg/data/production/LV3/003/047/LV3003047153/20230405_BHMGTCDSX5, Lib_LV3003047153
/projects/caeg/data/production/LV3/003/047/LV3003047089/20230405_BHMGTCDSX5, Lib_LV3003047089
/projects/caeg/data/production/LV3/003/047/LV3003047059/20230405_BHMGTCDSX5, Lib_LV3003047059
/projects/caeg/data/production/LV3/003/047/LV3003047082/20230405_BHMGTCDSX5, Lib_LV3003047082
/projects/caeg/data/production/LV3/003/047/LV3003047128/20230405_BHMGTCDSX5, Lib_LV3003047128
/projects/caeg/data/production/LV3/003/047/LV3003047073/20230405_BHMGTCDSX5, Lib_LV3003047073
/projects/caeg/data/production/LV3/003/047/LV3003047161/20230405_BHMGTCDSX5, Lib_LV3003047161
/projects/caeg/data/production/LV3/003/047/LV3003047067/20230405_BHMGTCDSX5, Lib_LV3003047067
/projects/caeg/data/production/LV3/003/047/LV3003047125/20230405_BHMGTCDSX5, Lib_LV3003047125
/projects/caeg/data/production/LV3/003/047/LV3003047101/20230405_BHMGTCDSX5, Lib_LV3003047101
/projects/caeg/data/production/LV3/003/047/LV3003047096/20230405_BHMGTCDSX5, Lib_LV3003047096
/projects/caeg/data/production/LV3/003/047/LV3003047129/20230405_BHMGTCDSX5, Lib_LV3003047129
/projects/caeg/data/production/LV3/003/047/LV3003047167/20230405_BHMGTCDSX5, Lib_LV3003047167
/projects/caeg/data/production/LV3/003/047/LV3003047048/20230426_AHMH2WDSX5, Lib_LV3003047048
/projects/caeg/data/production/LV3/003/047/LV3003047137/20230405_BHMGTCDSX5, Lib_LV3003047137
/projects/caeg/data/production/LV3/003/047/LV3003047163/20230405_BHMGTCDSX5, Lib_LV3003047163
/projects/caeg/data/production/LV3/003/047/LV3003047083/20230405_BHMGTCDSX5, Lib_LV3003047083
/projects/caeg/data/production/LV3/003/047/LV3003047025/20230426_AHMH2WDSX5, Lib_LV3003047025
/projects/caeg/data/production/LV3/003/047/LV3003047014/20230426_AHMH2WDSX5, Lib_LV3003047014
/projects/caeg/data/production/LV3/003/047/LV3003047080/20230405_BHMGTCDSX5, Lib_LV3003047080
/projects/caeg/data/production/LV3/003/047/LV3003047097/20230405_BHMGTCDSX5, Lib_LV3003047097
/projects/caeg/data/production/LV3/003/047/LV3003047088/20230405_BHMGTCDSX5, Lib_LV3003047088
/projects/caeg/data/production/LV3/003/047/LV3003047133/20230405_BHMGTCDSX5, Lib_LV3003047133
/projects/caeg/data/production/LV3/003/047/LV3003047056/20230426_AHMH2WDSX5, Lib_LV3003047056
/projects/caeg/data/production/LV3/003/047/LV3003047078/20230405_BHMGTCDSX5, Lib_LV3003047078
/projects/caeg/data/production/LV3/003/047/LV3003047022/20230426_AHMH2WDSX5, Lib_LV3003047022
/projects/caeg/data/production/LV3/003/047/LV3003047093/20230405_BHMGTCDSX5, Lib_LV3003047093
/projects/caeg/data/production/LV3/003/047/LV3003047155/20230405_BHMGTCDSX5, Lib_LV3003047155
/projects/caeg/data/production/LV3/003/047/LV3003047029/20230426_AHMH2WDSX5, Lib_LV3003047029
/projects/caeg/data/production/LV3/003/047/LV3003047149/20230405_BHMGTCDSX5, Lib_LV3003047149
/projects/caeg/data/production/LV3/003/047/LV3003047023/20230426_AHMH2WDSX5, Lib_LV3003047023
/projects/caeg/data/production/LV3/003/047/LV3003047090/20230405_BHMGTCDSX5, Lib_LV3003047090
/projects/caeg/data/production/LV3/003/047/LV3003047091/20230405_BHMGTCDSX5, Lib_LV3003047091
/projects/caeg/data/production/LV3/003/047/LV3003047087/20230405_BHMGTCDSX5, Lib_LV3003047087
/projects/caeg/data/production/LV3/003/047/LV3003047000/20230426_AHMH2WDSX5, Lib_LV3003047000
/projects/caeg/data/production/LV3/003/047/LV3003047049/20230426_AHMH2WDSX5, Lib_LV3003047049
/projects/caeg/data/production/LV3/003/047/LV3003047126/20230405_BHMGTCDSX5, Lib_LV3003047126
/projects/caeg/data/production/LV3/003/047/LV3003047160/20230405_BHMGTCDSX5, Lib_LV3003047160
/projects/caeg/data/production/LV3/003/047/LV3003047071/20230405_BHMGTCDSX5, Lib_LV3003047071
/projects/caeg/data/production/LV3/003/047/LV3003047081/20230405_BHMGTCDSX5, Lib_LV3003047081
/projects/caeg/data/production/LV3/003/047/LV3003047054/20230426_AHMH2WDSX5, Lib_LV3003047054
/projects/caeg/data/production/LV3/003/047/LV3003047062/20230405_BHMGTCDSX5, Lib_LV3003047062
/projects/caeg/data/production/LV3/003/047/LV3003047041/20230426_AHMH2WDSX5, Lib_LV3003047041
/projects/caeg/data/production/LV3/003/047/LV3003047016/20230426_AHMH2WDSX5, Lib_LV3003047016
/projects/caeg/data/production/LV3/003/047/LV3003047070/20230405_BHMGTCDSX5, Lib_LV3003047070
/projects/caeg/data/production/LV3/003/047/LV3003047105/20230405_BHMGTCDSX5, Lib_LV3003047105
/projects/caeg/data/production/LV3/003/047/LV3003047145/20230405_BHMGTCDSX5, Lib_LV3003047145
/projects/caeg/data/production/LV3/003/047/LV3003047154/20230405_BHMGTCDSX5, Lib_LV3003047154
/projects/caeg/data/production/LV3/003/047/LV3003047037/20230426_AHMH2WDSX5, Lib_LV3003047037
/projects/caeg/data/production/LV3/003/047/LV3003047036/20230426_AHMH2WDSX5, Lib_LV3003047036
/projects/caeg/data/production/LV3/003/047/LV3003047063/20230405_BHMGTCDSX5, Lib_LV3003047063
/projects/caeg/data/production/LV3/003/047/LV3003047052/20230426_AHMH2WDSX5, Lib_LV3003047052
/projects/caeg/data/production/LV3/003/047/LV3003047033/20230426_AHMH2WDSX5, Lib_LV3003047033
/projects/caeg/data/production/LV3/003/047/LV3003047069/20230405_BHMGTCDSX5, Lib_LV3003047069
/projects/caeg/data/production/LV3/003/047/LV3003047152/20230405_BHMGTCDSX5, Lib_LV3003047152
/projects/caeg/data/production/LV3/003/047/LV3003047003/20230426_AHMH2WDSX5, Lib_LV3003047003
/projects/caeg/data/production/LV3/003/047/LV3003047007/20230426_AHMH2WDSX5, Lib_LV3003047007
/projects/caeg/data/production/LV3/003/047/LV3003047005/20230426_AHMH2WDSX5, Lib_LV3003047005
/projects/caeg/data/production/LV3/003/047/LV3003047045/20230426_AHMH2WDSX5, Lib_LV3003047045
/projects/caeg/data/production/LV3/003/047/LV3003047024/20230426_AHMH2WDSX5, Lib_LV3003047024
/projects/caeg/data/production/LV3/003/047/LV3003047144/20230405_BHMGTCDSX5, Lib_LV3003047144
/projects/caeg/data/production/LV3/003/047/LV3003047117/20230405_BHMGTCDSX5, Lib_LV3003047117
/projects/caeg/data/production/LV3/003/047/LV3003047079/20230405_BHMGTCDSX5, Lib_LV3003047079
/projects/caeg/data/production/LV3/003/047/LV3003047142/20230405_BHMGTCDSX5, Lib_LV3003047142
/projects/caeg/data/production/LV3/003/047/LV3003047100/20230405_BHMGTCDSX5, Lib_LV3003047100
/projects/caeg/data/production/LV3/003/047/LV3003047009/20230426_AHMH2WDSX5, Lib_LV3003047009
/projects/caeg/data/production/LV3/003/047/LV3003047028/20230426_AHMH2WDSX5, Lib_LV3003047028
/projects/caeg/data/production/LV3/003/046/LV3003046955/20230426_AHMH2WDSX5, Lib_LV3003046955
/projects/caeg/data/production/LV3/003/046/LV3003046976/20230426_AHMH2WDSX5, Lib_LV3003046976
/projects/caeg/data/production/LV3/003/046/LV3003046939/20230426_AHMH2WDSX5, Lib_LV3003046939
/projects/caeg/data/production/LV3/003/046/LV3003046967/20230426_AHMH2WDSX5, Lib_LV3003046967
/projects/caeg/data/production/LV3/003/046/LV3003046945/20230426_AHMH2WDSX5, Lib_LV3003046945
/projects/caeg/data/production/LV3/003/046/LV3003046949/20230426_AHMH2WDSX5, Lib_LV3003046949
/projects/caeg/data/production/LV3/003/046/LV3003046994/20230426_AHMH2WDSX5, Lib_LV3003046994
/projects/caeg/data/production/LV3/003/046/LV3003046984/20230426_AHMH2WDSX5, Lib_LV3003046984
/projects/caeg/data/production/LV3/003/046/LV3003046938/20230426_AHMH2WDSX5, Lib_LV3003046938
/projects/caeg/data/production/LV3/003/046/LV3003046974/20230426_AHMH2WDSX5, Lib_LV3003046974
/projects/caeg/data/production/LV3/003/046/LV3003046968/20230426_AHMH2WDSX5, Lib_LV3003046968
/projects/caeg/data/production/LV3/003/046/LV3003046963/20230426_AHMH2WDSX5, Lib_LV3003046963
/projects/caeg/data/production/LV3/003/046/LV3003046983/20230426_AHMH2WDSX5, Lib_LV3003046983
/projects/caeg/data/production/LV3/003/046/LV3003046940/20230426_AHMH2WDSX5, Lib_LV3003046940
/projects/caeg/data/production/LV3/003/046/LV3003046977/20230426_AHMH2WDSX5, Lib_LV3003046977
/projects/caeg/data/production/LV3/003/046/LV3003046961/20230426_AHMH2WDSX5, Lib_LV3003046961
/projects/caeg/data/production/LV3/003/046/LV3003046936/20230426_AHMH2WDSX5, Lib_LV3003046936
/projects/caeg/data/production/LV3/003/046/LV3003046973/20230426_AHMH2WDSX5, Lib_LV3003046973
/projects/caeg/data/production/LV3/003/046/LV3003046969/20230426_AHMH2WDSX5, Lib_LV3003046969
/projects/caeg/data/production/LV3/003/046/LV3003046975/20230426_AHMH2WDSX5, Lib_LV3003046975
/projects/caeg/data/production/LV3/003/046/LV3003046990/20230426_AHMH2WDSX5, Lib_LV3003046990
/projects/caeg/data/production/LV3/003/046/LV3003046993/20230426_AHMH2WDSX5, Lib_LV3003046993
/projects/caeg/data/production/LV3/003/046/LV3003046937/20230426_AHMH2WDSX5, Lib_LV3003046937
/projects/caeg/data/production/LV3/003/046/LV3003046992/20230426_AHMH2WDSX5, Lib_LV3003046992
/projects/caeg/data/production/LV3/003/046/LV3003046965/20230426_AHMH2WDSX5, Lib_LV3003046965
/projects/caeg/data/production/LV3/003/046/LV3003046978/20230426_AHMH2WDSX5, Lib_LV3003046978
/projects/caeg/data/production/LV3/003/046/LV3003046979/20230426_AHMH2WDSX5, Lib_LV3003046979
/projects/caeg/data/production/LV3/003/046/LV3003046996/20230426_AHMH2WDSX5, Lib_LV3003046996
/projects/caeg/data/production/LV3/003/046/LV3003046999/20230426_AHMH2WDSX5, Lib_LV3003046999
/projects/caeg/data/production/LV3/003/046/LV3003046987/20230426_AHMH2WDSX5, Lib_LV3003046987
/projects/caeg/data/production/LV3/003/046/LV3003046952/20230426_AHMH2WDSX5, Lib_LV3003046952
/projects/caeg/data/production/LV3/003/046/LV3003046966/20230426_AHMH2WDSX5, Lib_LV3003046966
/projects/caeg/data/production/LV3/003/046/LV3003046991/20230426_AHMH2WDSX5, Lib_LV3003046991
/projects/caeg/data/production/LV3/003/046/LV3003046947/20230426_AHMH2WDSX5, Lib_LV3003046947
/projects/caeg/data/production/LV3/003/046/LV3003046981/20230426_AHMH2WDSX5, Lib_LV3003046981
/projects/caeg/data/production/LV3/003/046/LV3003046970/20230426_AHMH2WDSX5, Lib_LV3003046970
/projects/caeg/data/production/LV3/003/046/LV3003046950/20230426_AHMH2WDSX5, Lib_LV3003046950
/projects/caeg/data/production/LV3/003/046/LV3003046948/20230426_AHMH2WDSX5, Lib_LV3003046948
/projects/caeg/data/production/LV3/003/046/LV3003046960/20230426_AHMH2WDSX5, Lib_LV3003046960
/projects/caeg/data/production/LV3/003/046/LV3003046964/20230426_AHMH2WDSX5, Lib_LV3003046964
/projects/caeg/data/production/LV3/003/046/LV3003046953/20230426_AHMH2WDSX5, Lib_LV3003046953
/projects/caeg/data/production/LV3/003/046/LV3003046946/20230426_AHMH2WDSX5, Lib_LV3003046946
/projects/caeg/data/production/LV3/003/046/LV3003046971/20230426_AHMH2WDSX5, Lib_LV3003046971
/projects/caeg/data/production/LV3/003/046/LV3003046956/20230426_AHMH2WDSX5, Lib_LV3003046956
/projects/caeg/data/production/LV3/003/046/LV3003046997/20230426_AHMH2WDSX5, Lib_LV3003046997
/projects/caeg/data/production/LV3/003/046/LV3003046980/20230426_AHMH2WDSX5, Lib_LV3003046980
/projects/caeg/data/production/LV3/003/046/LV3003046995/20230426_AHMH2WDSX5, Lib_LV3003046995
/projects/caeg/data/production/LV3/003/046/LV3003046941/20230426_AHMH2WDSX5, Lib_LV3003046941
/projects/caeg/data/production/LV3/003/046/LV3003046959/20230426_AHMH2WDSX5, Lib_LV3003046959
/projects/caeg/data/production/LV3/003/046/LV3003046942/20230426_AHMH2WDSX5, Lib_LV3003046942
/projects/caeg/data/production/LV3/003/046/LV3003046988/20230426_AHMH2WDSX5, Lib_LV3003046988
/projects/caeg/data/production/LV3/003/046/LV3003046982/20230426_AHMH2WDSX5, Lib_LV3003046982
/projects/caeg/data/production/LV3/003/046/LV3003046957/20230426_AHMH2WDSX5, Lib_LV3003046957
/projects/caeg/data/production/LV3/000/765/LV3000765846/20240704_BH5FCVDSX7, Lib_LV3000765846
/projects/caeg/data/production/LV30/0556/LV3005568598/20240223_BH35TKDSX7_LV7008956363, LV3005568598_LV7008956363
/projects/caeg/data/production/LV30/0556/LV3005568141/20240223_BH35TKDSX7_LV7008956361, LV3005568141_LV7008956361
/projects/caeg/data/production/LV30/0556/LV3005568574/20240223_BH35TKDSX7_LV7008956423, LV3005568574_LV7008956423
/projects/caeg/data/production/LV30/0556/LV3005568152/20240223_BH35TKDSX7_LV7008956422, LV3005568152_LV7008956422
/projects/caeg/data/production/LV30/0556/LV3005567340/20231208_AHTT52DSX5_LV7008955340, LV3005567340_LV7008955340
/projects/caeg/data/production/LV30/0556/LV3005568145/20240229_BH32VNDSX7_LV7008960464, LV3005568145_LV7008960464
/projects/caeg/data/production/LV30/0556/LV3005568601/20240223_BH35TKDSX7_LV7008956315, LV3005568601_LV7008956315
/projects/caeg/data/production/LV30/0556/LV3005568582/20240223_BH35TKDSX7_LV7008956314, LV3005568582_LV7008956314
/projects/caeg/data/production/LV30/0556/LV3005568138/20240229_BH32VNDSX7_LV7008960452, LV3005568138_LV7008960452
/projects/caeg/data/production/LV30/0556/LV3005568131/20240229_BH32VNDSX7_LV7008960488, LV3005568131_LV7008960488
/projects/caeg/data/production/LV30/0556/LV3005568156/20240223_BH35TKDSX7_LV7008956398, LV3005568156_LV7008956398
/projects/caeg/data/production/LV30/0556/LV3005568154/20240223_BH35TKDSX7_LV7008956313, LV3005568154_LV7008956313
/projects/caeg/data/production/LV30/0556/LV3005567521/20231208_AHTT52DSX5_LV7008955337, LV3005567521_LV7008955337
/projects/caeg/data/production/LV30/0556/LV3005568607/20240223_BH35TKDSX7_LV7008956424, LV3005568607_LV7008956424
/projects/caeg/data/production/LV30/0556/LV3005568580/20240223_BH35TKDSX7_LV7008956362, LV3005568580_LV7008956362
/projects/caeg/data/production/LV30/0556/LV3005568587/20240223_BH35TKDSX7_LV7008956350, LV3005568587_LV7008956350
/projects/caeg/data/production/LV30/0556/LV3005567832/20231208_AHTT52DSX5_LV7008955279, LV3005567832_LV7008955279
/projects/caeg/data/production/LV30/0556/LV3005568477/20231208_AHTT52DSX5_LV7008955304, LV3005568477_LV7008955304
/projects/caeg/data/production/LV30/0556/LV3005568135/20240223_BH35TKDSX7_LV7008956349, LV3005568135_LV7008956349
/projects/caeg/data/production/LV30/0556/LV3005568150/20240223_BH35TKDSX7_LV7008956325, LV3005568150_LV7008956325
/projects/caeg/data/production/LV30/0556/LV3005568597/20240223_BH35TKDSX7_LV7008956387, LV3005568597_LV7008956387
/projects/caeg/data/production/LV30/0556/LV3005568134/20240223_BH35TKDSX7_LV7008956385, LV3005568134_LV7008956385
/projects/caeg/data/production/LV30/0556/LV3005568579/20240223_BH35TKDSX7_LV7008956327, LV3005568579_LV7008956327
/projects/caeg/data/production/LV30/0556/LV3005568594/20240223_BH35TKDSX7_LV7008956386, LV3005568594_LV7008956386
/projects/caeg/data/production/LV30/0556/LV3005568593/20240223_BH35TKDSX7_LV7008956374, LV3005568593_LV7008956374
/projects/caeg/data/production/LV30/0556/LV3005567833/20231208_AHTT52DSX5_LV7008955267, LV3005567833_LV7008955267
/projects/caeg/data/production/LV30/0556/LV3005568147/20240223_BH35TKDSX7_LV7008956373, LV3005568147_LV7008956373
/projects/caeg/data/production/LV30/0556/LV3005568470/20231208_AHTT52DSX5_LV7008955292, LV3005568470_LV7008955292
/projects/caeg/data/production/LV30/0556/LV3005568584/20240223_BH35TKDSX7_LV7008956375, LV3005568584_LV7008956375
/projects/caeg/data/production/LV30/0556/LV3005568137/20240229_BH32VNDSX7_LV7008960476, LV3005568137_LV7008960476
/projects/caeg/data/production/LV30/0556/LV3005567545/20231208_AHTT52DSX5_LV7008955325, LV3005567545_LV7008955325
/projects/caeg/data/production/LV30/0556/LV3005568583/20240223_BH35TKDSX7_LV7008956399, LV3005568583_LV7008956399
/projects/caeg/data/production/LV30/0556/LV3005567342/20231208_AHTT52DSX5_LV7008955328, LV3005567342_LV7008955328
/projects/caeg/data/production/LV30/0557/LV3005570359/20240308_AH35NHDSX7_LV7009024458, LV3005570359_LV7009024458
/projects/caeg/data/production/LV30/0557/LV3005570508/20240318_AH3CMHDSX7_LV7008961066, LV3005570508_LV7008961066
/projects/caeg/data/production/LV30/0557/LV3005570348/20240308_AH35NHDSX7_LV7008955391, LV3005570348_LV7008955391
/projects/caeg/data/production/LV30/0557/LV3005570174/20240318_AH3CMHDSX7_LV7008961043, LV3005570174_LV7008961043
/projects/caeg/data/production/LV30/0557/LV3005570510/20240318_AH3CMHDSX7_LV7008961078, LV3005570510_LV7008961078
/projects/caeg/data/production/LV30/0557/LV3005570346/20240308_AH35NHDSX7_LV7009027354, LV3005570346_LV7009027354
/projects/caeg/data/production/LV30/0557/LV3005570482/20240308_AH35NHDSX7_LV7009027857, LV3005570482_LV7009027857
/projects/caeg/data/production/LV30/0557/LV3005570463/20240308_AH35NHDSX7_LV7009027859, LV3005570463_LV7009027859
/projects/caeg/data/production/LV30/0557/LV3005570461/20240308_AH35NHDSX7_LV7009024538, LV3005570461_LV7009024538
/projects/caeg/data/production/LV30/0557/LV3005570351/20240308_AH35NHDSX7_LV7009024309, LV3005570351_LV7009024309
/projects/caeg/data/production/LV30/0557/LV3005570479/20240308_AH35NHDSX7_LV7009024557, LV3005570479_LV7009024557
/projects/caeg/data/production/LV30/0557/LV3005570459/20240308_AH35NHDSX7_LV7008955413, LV3005570459_LV7008955413
/projects/caeg/data/production/LV30/0557/LV3005570316/20240308_AH35NHDSX7_LV7009022726, LV3005570316_LV7009022726
/projects/caeg/data/production/LV30/0557/LV3005570467/20240308_AH35NHDSX7_LV7009024918, LV3005570467_LV7009024918
/projects/caeg/data/production/LV30/0557/LV3005573417/20231208_AHTT52DSX5_LV7008955348, LV3005573417_LV7008955348
/projects/caeg/data/production/LV30/0557/LV3005570840/20231208_AHTT52DSX5_LV7008955327, LV3005570840_LV7008955327
/projects/caeg/data/production/LV30/0557/LV3005570457/20240308_AH35NHDSX7_LV7008957625, LV3005570457_LV7008957625
/projects/caeg/data/production/LV30/0557/LV3005571461/20231208_AHTT52DSX5_LV7008956459, LV3005571461_LV7008956459
/projects/caeg/data/production/LV30/0557/LV3005573333/20231208_AHTT52DSX5_LV7008955283, LV3005573333_LV7008955283
/projects/caeg/data/production/LV30/0557/LV3005570168/20240318_AH3CMHDSX7_LV7008961079, LV3005570168_LV7008961079
/projects/caeg/data/production/LV30/0557/LV3005570502/20240318_AH3CMHDSX7_LV7008961005, LV3005570502_LV7008961005
/projects/caeg/data/production/LV30/0557/LV3005573189/20231208_AHTT52DSX5_LV7008955332, LV3005573189_LV7008955332
/projects/caeg/data/production/LV30/0557/LV3005570164/20240318_AH3CMHDSX7_LV7008961067, LV3005570164_LV7008961067
/projects/caeg/data/production/LV30/0557/LV3005570379/20231208_AHTT52DSX5_LV7008955275, LV3005570379_LV7008955275
/projects/caeg/data/production/LV30/0557/LV3005571015/20231208_AHTT52DSX5_LV7008955375, LV3005571015_LV7008955375
/projects/caeg/data/production/LV30/0557/LV3005570294/20240308_AH35NHDSX7_LV7009027897, LV3005570294_LV7009027897
/projects/caeg/data/production/LV30/0557/LV3005570491/20240308_AH35NHDSX7_LV7009022716, LV3005570491_LV7009022716
/projects/caeg/data/production/LV30/0557/LV3005570487/20240308_AH35NHDSX7_LV7008957286, LV3005570487_LV7008957286
/projects/caeg/data/production/LV30/0557/LV3005570465/20240308_AH35NHDSX7_LV7008957225, LV3005570465_LV7008957225
/projects/caeg/data/production/LV30/0557/LV3005570312/20240308_AH35NHDSX7_LV7009027905, LV3005570312_LV7009027905
/projects/caeg/data/production/LV30/0557/LV3005570305/20240308_AH35NHDSX7_LV7008957314, LV3005570305_LV7008957314
/projects/caeg/data/production/LV30/0557/LV3005573876/20230414_BHMGMJDSX5_LV7001903292, LV3005573876_LV7001903292
/projects/caeg/data/production/LV30/0557/LV3005572975/20231208_AHTT52DSX5_LV7008955372, LV3005572975_LV7008955372
/projects/caeg/data/production/LV30/0557/LV3005570497/20240318_AH3CMHDSX7_LV7008961053, LV3005570497_LV7008961053
/projects/caeg/data/production/LV30/0557/LV3005570179/20240318_AH3CMHDSX7_LV7008959486, LV3005570179_LV7008959486
/projects/caeg/data/production/LV30/0557/LV3005570451/20240308_AH35NHDSX7_LV7008957588, LV3005570451_LV7008957588
/projects/caeg/data/production/LV30/0557/LV3005570723/20231208_AHTT52DSX5_LV7008955303, LV3005570723_LV7008955303
/projects/caeg/data/production/LV30/0557/LV3005573877/20230414_BHMGMJDSX5_LV7001902952, LV3005573877_LV7001902952
/projects/caeg/data/production/LV30/0557/LV3005573482/20231208_AHTT52DSX5_LV7008955338, LV3005573482_LV7008955338
/projects/caeg/data/production/LV30/0557/LV3005570158/20240318_AH3CMHDSX7_LV7008961006, LV3005570158_LV7008961006
/projects/caeg/data/production/LV30/0557/LV3005570339/20240308_AH35NHDSX7_LV7008957551, LV3005570339_LV7008957551
/projects/caeg/data/production/LV30/0557/LV3005571014/20231208_AHTT52DSX5_LV7008955351, LV3005571014_LV7008955351
/projects/caeg/data/production/LV30/0557/LV3005570473/20240308_AH35NHDSX7_LV7009027335, LV3005570473_LV7009027335
/projects/caeg/data/production/LV30/0557/LV3005570315/20240308_AH35NHDSX7_LV7009024860, LV3005570315_LV7009024860
/projects/caeg/data/production/LV30/0557/LV3005570177/20240318_AH3CMHDSX7_LV7008961080, LV3005570177_LV7008961080
/projects/caeg/data/production/LV30/0557/LV3005570170/20240318_AH3CMHDSX7_LV7008960994, LV3005570170_LV7008960994
/projects/caeg/data/production/LV30/0557/LV3005573870/20230414_BHMGMJDSX5_LV7001903276, LV3005573870_LV7001903276
/projects/caeg/data/production/LV30/0557/LV3005570516/20240318_AH3CMHDSX7_LV7008961042, LV3005570516_LV7008961042
/projects/caeg/data/production/LV30/0557/LV3005573985/20231208_AHTT52DSX5_LV7008955374, LV3005573985_LV7008955374
/projects/caeg/data/production/LV30/0557/LV3005574147/20231208_AHTT52DSX5_LV7008955288, LV3005574147_LV7008955288
/projects/caeg/data/production/LV30/0557/LV3005570344/20231208_AHTT52DSX5_LV7008955336, LV3005570344_LV7008955336
/projects/caeg/data/production/LV30/0557/LV3005570455/20240308_AH35NHDSX7_LV7008955427, LV3005570455_LV7008955427
/projects/caeg/data/production/LV30/0557/LV3005570500/20240318_AH3CMHDSX7_LV7008960900, LV3005570500_LV7008960900
/projects/caeg/data/production/LV30/0557/LV3005573882/20230414_BHMGMJDSX5_LV7001897155, LV3005573882_LV7001897155
/projects/caeg/data/production/LV30/0557/LV3005570171/20240318_AH3CMHDSX7_LV7008961019, LV3005570171_LV7008961019
/projects/caeg/data/production/LV30/0557/LV3005570481/20240308_AH35NHDSX7_LV7008957298, LV3005570481_LV7008957298
/projects/caeg/data/production/LV30/0557/LV3005573989/20231208_AHTT52DSX5_LV7008955350, LV3005573989_LV7008955350
/projects/caeg/data/production/LV30/0557/LV3005573057/20231208_AHTT52DSX5_LV7008955349, LV3005573057_LV7008955349
/projects/caeg/data/production/LV30/0557/LV3005570162/20240318_AH3CMHDSX7_LV7008961030, LV3005570162_LV7008961030
/projects/caeg/data/production/LV30/0557/LV3005570358/20240308_AH35NHDSX7_LV7008955329, LV3005570358_LV7008955329
/projects/caeg/data/production/LV30/0557/LV3005574125/20231208_AHTT52DSX5_LV7008955300, LV3005574125_LV7008955300
/projects/caeg/data/production/LV30/0557/LV3005570852/20231208_AHTT52DSX5_LV7008955339, LV3005570852_LV7008955339
/projects/caeg/data/production/LV30/0557/LV3005570476/20240308_AH35NHDSX7_LV7008955367, LV3005570476_LV7008955367
/projects/caeg/data/production/LV30/0557/LV3005570295/20240308_AH35NHDSX7_LV7009022398, LV3005570295_LV7009022398
/projects/caeg/data/production/LV30/0557/LV3005570504/20240318_AH3CMHDSX7_LV7008961017, LV3005570504_LV7008961017
/projects/caeg/data/production/LV30/0557/LV3005570375/20231208_AHTT52DSX5_LV7008955287, LV3005570375_LV7008955287
/projects/caeg/data/production/LV30/0557/LV3005570176/20240318_AH3CMHDSX7_LV7008961055, LV3005570176_LV7008961055
/projects/caeg/data/production/LV30/0557/LV3005570160/20240318_AH3CMHDSX7_LV7008961018, LV3005570160_LV7008961018
/projects/caeg/data/production/LV30/0557/LV3005571226/20231208_AHTT52DSX5_LV7008955295, LV3005571226_LV7008955295
/projects/caeg/data/production/LV30/0557/LV3005570493/20240318_AH3CMHDSX7_LV7008961029, LV3005570493_LV7008961029
/projects/caeg/data/production/LV30/0557/LV3005570471/20240308_AH35NHDSX7_LV7009024546, LV3005570471_LV7009024546
/projects/caeg/data/production/LV30/0557/LV3005573495/20231208_AHTT52DSX5_LV7008955326, LV3005573495_LV7008955326
/projects/caeg/data/production/LV30/0557/LV3005573872/20230414_BHMGMJDSX5_LV7001897394, LV3005573872_LV7001897394
/projects/caeg/data/production/LV30/0557/LV3005571466/20231208_AHTT52DSX5_LV7008955271, LV3005571466_LV7008955271
/projects/caeg/data/production/LV30/0557/LV3005570286/20240308_AH35NHDSX7_LV7008957648, LV3005570286_LV7008957648
/projects/caeg/data/production/LV30/0557/LV3005570506/20240318_AH3CMHDSX7_LV7008961054, LV3005570506_LV7008961054
/projects/caeg/data/production/LV30/0557/LV3005573185/20231208_AHTT52DSX5_LV7008955344, LV3005573185_LV7008955344
/projects/caeg/data/production/LV30/0557/LV3005573865/20230414_BHMGMJDSX5_LV7001891118, LV3005573865_LV7001891118
/projects/caeg/data/production/LV30/0557/LV3005570495/20240318_AH3CMHDSX7_LV7008961041, LV3005570495_LV7008961041
/projects/caeg/data/production/LV30/0557/LV3005570489/20240308_AH35NHDSX7_LV7009024524, LV3005570489_LV7009024524
/projects/caeg/data/production/LV30/0557/LV3005573878/20230414_BHMGMJDSX5_LV7001884449, LV3005573878_LV7001884449
/projects/caeg/data/production/LV30/0557/LV3005570449/20240308_AH35NHDSX7_LV7009027858, LV3005570449_LV7009027858
/projects/caeg/data/production/LV30/0557/LV3005570362/20240308_AH35NHDSX7_LV7009026144, LV3005570362_LV7009026144
/projects/caeg/data/production/LV30/0557/LV3005570721/20231208_AHTT52DSX5_LV7008955291, LV3005570721_LV7008955291
/projects/caeg/data/production/LV30/0557/LV3005570173/20240318_AH3CMHDSX7_LV7008961031, LV3005570173_LV7008961031
/projects/caeg/data/production/LV30/0588/LV3005889622/20240308_BH37YLDSX7_LV7008955477, LV3005889622_LV7008955477
/projects/caeg/data/production/LV30/0588/LV3005888844/20240308_AH35NHDSX7_LV7009024560, LV3005888844_LV7009024560
/projects/caeg/data/production/LV30/0588/LV3005888820/20240308_AH35NHDSX7_LV7009022748, LV3005888820_LV7009022748
/projects/caeg/data/production/LV30/0588/LV3005889690/20240308_BH37YLDSX7_LV7009023472, LV3005889690_LV7009023472
/projects/caeg/data/production/LV30/0588/LV3005889608/20240308_BH37YLDSX7_LV7009024582, LV3005889608_LV7009024582
/projects/caeg/data/production/LV30/0588/LV3005889634/20240308_BH37YLDSX7_LV7008955404, LV3005889634_LV7008955404
/projects/caeg/data/production/LV30/0588/LV3005888812/20240308_AH35NHDSX7_LV7008957290, LV3005888812_LV7008957290
/projects/caeg/data/production/LV30/0588/LV3005888826/20240308_AH35NHDSX7_LV7009022681, LV3005888826_LV7009022681
/projects/caeg/data/production/LV30/0588/LV3005889603/20240227_AH35MFDSX7_LV7008953921, LV3005889603_LV7008953921
/projects/caeg/data/production/LV30/0588/LV3005889637/20240308_BH37YLDSX7_LV7008957264, LV3005889637_LV7008957264
/projects/caeg/data/production/LV30/0588/LV3005889619/20240308_BH37YLDSX7_LV7008957214, LV3005889619_LV7008957214
/projects/caeg/data/production/LV30/0588/LV3005889600/20240227_AH35MFDSX7_LV7008956584, LV3005889600_LV7008956584
/projects/caeg/data/production/LV30/0588/LV3005889594/20240227_AH35MFDSX7_LV7008956524, LV3005889594_LV7008956524
/projects/caeg/data/production/LV30/0588/LV3005889692/20240308_BH37YLDSX7_LV7009023742, LV3005889692_LV7009023742
/projects/caeg/data/production/LV30/0588/LV3005889661/20240308_BH37YLDSX7_LV7009024101, LV3005889661_LV7009024101
/projects/caeg/data/production/LV30/0588/LV3005889617/20240308_BH37YLDSX7_LV7008955342, LV3005889617_LV7008955342
/projects/caeg/data/production/LV30/0588/LV3005888819/20240308_AH35NHDSX7_LV7008957218, LV3005888819_LV7008957218
/projects/caeg/data/production/LV30/0588/LV3005889653/20240308_BH37YLDSX7_LV7009027378, LV3005889653_LV7009027378
/projects/caeg/data/production/LV30/0588/LV3005889704/20240308_BH37YLDSX7_LV7009023741, LV3005889704_LV7009023741
/projects/caeg/data/production/LV30/0588/LV3005888808/20240308_AH35NHDSX7_LV7009021900, LV3005888808_LV7009021900
/projects/caeg/data/production/LV30/0588/LV3005889587/20240227_AH35MFDSX7_LV7008956548, LV3005889587_LV7008956548
/projects/caeg/data/production/LV30/0588/LV3005889581/20240227_AH35MFDSX7_LV7008953920, LV3005889581_LV7008953920
/projects/caeg/data/production/LV30/0588/LV3005889679/20240308_BH37YLDSX7_LV7009027557, LV3005889679_LV7009027557
/projects/caeg/data/production/LV30/0588/LV3005889693/20240308_BH37YLDSX7_LV7008957250, LV3005889693_LV7008957250
/projects/caeg/data/production/LV30/0588/LV3005888823/20240308_AH35NHDSX7_LV7009024081, LV3005888823_LV7009024081
/projects/caeg/data/production/LV30/0588/LV3005889601/20240308_BH37YLDSX7_LV7009021867, LV3005889601_LV7009021867
/projects/caeg/data/production/LV30/0588/LV3005889615/20240308_BH37YLDSX7_LV7009022697, LV3005889615_LV7009022697
/projects/caeg/data/production/LV30/0588/LV3005889598/20240227_AH35MFDSX7_LV7008956560, LV3005889598_LV7008956560
/projects/caeg/data/production/LV30/0588/LV3005889636/20240308_BH37YLDSX7_LV7008957682, LV3005889636_LV7008957682
/projects/caeg/data/production/LV30/0588/LV3005889666/20240308_BH37YLDSX7_LV7008955341, LV3005889666_LV7008955341
/projects/caeg/data/production/LV30/0588/LV3005889694/20240308_BH37YLDSX7_LV7009024078, LV3005889694_LV7009024078
/projects/caeg/data/production/LV30/0588/LV3005889583/20240227_AH35MFDSX7_LV7008956511, LV3005889583_LV7008956511
/projects/caeg/data/production/LV30/0588/LV3005889654/20240308_BH37YLDSX7_LV7008955401, LV3005889654_LV7008955401
/projects/caeg/data/production/LV30/0588/LV3005889706/20240308_BH37YLDSX7_LV7009024905, LV3005889706_LV7009024905
/projects/caeg/data/production/LV30/0588/LV3005889318/20231208_AHTT52DSX5_LV7008955276, LV3005889318_LV7008955276
/projects/caeg/data/production/LV30/0588/LV3005888828/20240308_AH35NHDSX7_LV7008957312, LV3005888828_LV7008957312
/projects/caeg/data/production/LV30/0588/LV3005889669/20240308_BH37YLDSX7_LV7008957578, LV3005889669_LV7008957578
/projects/caeg/data/production/LV30/0588/LV3005889589/20240227_AH35MFDSX7_LV7008956596, LV3005889589_LV7008956596
/projects/caeg/data/production/LV30/0588/LV3005889623/20240308_BH37YLDSX7_LV7008957237, LV3005889623_LV7008957237
/projects/caeg/data/production/LV30/0588/LV3005889648/20240308_BH37YLDSX7_LV7009022747, LV3005889648_LV7009022747
/projects/caeg/data/production/LV30/0588/LV3005889691/20240308_BH37YLDSX7_LV7009027308, LV3005889691_LV7009027308
/projects/caeg/data/production/LV30/0588/LV3005889665/20240308_BH37YLDSX7_LV7009024548, LV3005889665_LV7009024548
/projects/caeg/data/production/LV30/0588/LV3005889625/20240308_BH37YLDSX7_LV7008957577, LV3005889625_LV7008957577
/projects/caeg/data/production/LV30/0588/LV3005889695/20240308_BH37YLDSX7_LV7008955405, LV3005889695_LV7008955405
/projects/caeg/data/production/LV30/0588/LV3005889682/20240308_BH37YLDSX7_LV7008957263, LV3005889682_LV7008957263
/projects/caeg/data/production/LV30/0588/LV3005889649/20240308_BH37YLDSX7_LV7009022434, LV3005889649_LV7009022434
/projects/caeg/data/production/LV30/0588/LV3005888832/20240308_AH35NHDSX7_LV7009027343, LV3005888832_LV7009027343
/projects/caeg/data/production/LV30/0588/LV3005889312/20231208_AHTT52DSX5_LV7008955264, LV3005889312_LV7008955264
/projects/caeg/data/production/LV30/0588/LV3005889677/20240308_BH37YLDSX7_LV7009024858, LV3005889677_LV7009024858
/projects/caeg/data/production/LV30/0588/LV3005889651/20240308_BH37YLDSX7_LV7009024140, LV3005889651_LV7009024140
/projects/caeg/data/production/LV30/0588/LV3005889638/20240308_BH37YLDSX7_LV7008957230, LV3005889638_LV7008957230
/projects/caeg/data/production/LV30/0588/LV3005889611/20240308_BH37YLDSX7_LV7008957313, LV3005889611_LV7008957313
/projects/caeg/data/production/LV30/0588/LV3005888831/20240308_AH35NHDSX7_LV7009024269, LV3005888831_LV7009024269
/projects/caeg/data/production/LV30/0588/LV3005888818/20240308_AH35NHDSX7_LV7008957585, LV3005888818_LV7008957585
/projects/caeg/data/production/LV30/0588/LV3005889575/20240227_AH35MFDSX7_LV7008956547, LV3005889575_LV7008956547
/projects/caeg/data/production/LV30/0588/LV3005889680/20240308_BH37YLDSX7_LV7009022396, LV3005889680_LV7009022396
/projects/caeg/data/production/LV30/0588/LV3005889678/20240308_BH37YLDSX7_LV7008955464, LV3005889678_LV7008955464
/projects/caeg/data/production/LV30/0588/LV3005889675/20240308_BH37YLDSX7_LV7009024177, LV3005889675_LV7009024177
/projects/caeg/data/production/LV30/0588/LV3005889656/20240308_BH37YLDSX7_LV7009024233, LV3005889656_LV7009024233
/projects/caeg/data/production/LV30/0588/LV3005889613/20240308_BH37YLDSX7_LV7008957000, LV3005889613_LV7008957000
/projects/caeg/data/production/LV30/0588/LV3005889663/20240308_BH37YLDSX7_LV7009022400, LV3005889663_LV7009022400
/projects/caeg/data/production/LV30/0588/LV3005889667/20240308_BH37YLDSX7_LV7008957242, LV3005889667_LV7008957242
/projects/caeg/data/production/LV30/0588/LV3005889705/20240308_BH37YLDSX7_LV7009026147, LV3005889705_LV7009026147
/projects/caeg/data/production/LV30/0588/LV3005888822/20240308_AH35NHDSX7_LV7009024518, LV3005888822_LV7009024518
/projects/caeg/data/production/LV30/0588/LV3005889640/20240308_BH37YLDSX7_LV7009024874, LV3005889640_LV7009024874
/projects/caeg/data/production/LV30/0588/LV3005888814/20240308_AH35NHDSX7_LV7008955439, LV3005888814_LV7008955439
/projects/caeg/data/production/LV30/0588/LV3005889707/20240308_BH37YLDSX7_LV7009027847, LV3005889707_LV7009027847
/projects/caeg/data/production/LV30/0588/LV3005889703/20240308_BH37YLDSX7_LV7008957309, LV3005889703_LV7008957309
/projects/caeg/data/production/LV30/0588/LV3005888817/20240308_AH35NHDSX7_LV3003056319, LV3005888817_LV3003056319
/projects/caeg/data/production/LV30/0588/LV3005889606/20240227_AH35MFDSX7_LV7008956512, LV3005889606_LV7008956512
/projects/caeg/data/production/LV30/0588/LV3005889639/20240308_BH37YLDSX7_LV7009027894, LV3005889639_LV7009027894
/projects/caeg/data/production/LV30/0588/LV3005889708/20240308_BH37YLDSX7_LV7008957626, LV3005889708_LV7008957626
/projects/caeg/data/production/LV30/0588/LV3005889585/20240227_AH35MFDSX7_LV7008956523, LV3005889585_LV7008956523
/projects/caeg/data/production/LV30/0535/LV3005350880/20240229_BH32VNDSX7_LV7008960509, LV3005350880_LV7008960509
/projects/caeg/data/production/LV30/0535/LV3005351469/20240223_BH35TKDSX7_LV7008956317, LV3005351469_LV7008956317
/projects/caeg/data/production/LV30/0535/LV3005351448/20240223_AH3CFNDSX7_LV7008956391, LV3005351448_LV7008956391
/projects/caeg/data/production/LV30/0535/LV3005350867/20240229_BH32VNDSX7_LV7008960521, LV3005350867_LV7008960521
/projects/caeg/data/production/LV30/0535/LV3005350824/20240229_BH32VNDSX7_LV7008960510, LV3005350824_LV7008960510
/projects/caeg/data/production/LV30/0535/LV3005350882/20240229_BH32VNDSX7_LV7008960461, LV3005350882_LV7008960461
/projects/caeg/data/production/LV30/0535/LV3005351494/20240223_BH35TKDSX7_LV7008956364, LV3005351494_LV7008956364
/projects/caeg/data/production/LV30/0535/LV3005350862/20240229_BH32VNDSX7_LV7008960497, LV3005350862_LV7008960497
/projects/caeg/data/production/LV30/0535/LV3005351501/20240223_BH35TKDSX7_LV7008956400, LV3005351501_LV7008956400
/projects/caeg/data/production/LV30/0535/LV3005350869/20240229_BH32VNDSX7_LV7008960473, LV3005350869_LV7008960473
/projects/caeg/data/production/LV30/0535/LV3005351509/20240223_BH35TKDSX7_LV7008956316, LV3005351509_LV7008956316
/projects/caeg/data/production/LV30/0535/LV3005351485/20240223_BH35TKDSX7_LV7008956378, LV3005351485_LV7008956378
/projects/caeg/data/production/LV30/0535/LV3005350781/20240229_BH32VNDSX7_LV7008960487, LV3005350781_LV7008960487
/projects/caeg/data/production/LV30/0535/LV3005351152/20240229_BH32VNDSX7_LV7008960496, LV3005351152_LV7008960496
/projects/caeg/data/production/LV30/0535/LV3005350877/20240229_BH32VNDSX7_LV7008960484, LV3005350877_LV7008960484
/projects/caeg/data/production/LV30/0535/LV3005350784/20240229_BH32VNDSX7_LV7008960512, LV3005350784_LV7008960512
/projects/caeg/data/production/LV30/0535/LV3005350808/20240229_BH32VNDSX7_LV7008957410, LV3005350808_LV7008957410
/projects/caeg/data/production/LV30/0535/LV3005351434/20240223_AH3CFNDSX7_LV7008956404, LV3005351434_LV7008956404
/projects/caeg/data/production/LV30/0535/LV3005351142/20240229_BH32VNDSX7_LV7008960520, LV3005351142_LV7008960520
/projects/caeg/data/production/LV30/0535/LV3005350773/20240229_BH32VNDSX7_LV7008960475, LV3005350773_LV7008960475
/projects/caeg/data/production/LV30/0535/LV3005350800/20240229_BH32VNDSX7_LV7008960511, LV3005350800_LV7008960511
/projects/caeg/data/production/LV30/0535/LV3005351436/20240223_AH3CFNDSX7_LV7008956428, LV3005351436_LV7008956428
/projects/caeg/data/production/LV30/0535/LV3005351486/20240223_BH35TKDSX7_LV7008956402, LV3005351486_LV7008956402
/projects/caeg/data/production/LV30/0535/LV3005350866/20240229_BH32VNDSX7_LV7008960448, LV3005350866_LV7008960448
/projects/caeg/data/production/LV30/0535/LV3005350770/20240229_BH32VNDSX7_LV7008960500, LV3005350770_LV7008960500
/projects/caeg/data/production/LV30/0535/LV3005350788/20240229_BH32VNDSX7_LV7008960463, LV3005350788_LV7008960463
/projects/caeg/data/production/LV30/0535/LV3005351508/20240223_BH35TKDSX7_LV7008956388, LV3005351508_LV7008956388
/projects/caeg/data/production/LV30/0535/LV3005351459/20240223_BH35TKDSX7_LV7008956366, LV3005351459_LV7008956366
/projects/caeg/data/production/LV30/0535/LV3005351039/20231208_AHTT52DSX5_LV7008955333, LV3005351039_LV7008955333
/projects/caeg/data/production/LV30/0535/LV3005351495/20240223_BH35TKDSX7_LV7008956376, LV3005351495_LV7008956376
/projects/caeg/data/production/LV30/0535/LV3005351385/20231208_AHTT52DSX5_LV7008955272, LV3005351385_LV7008955272
/projects/caeg/data/production/LV30/0535/LV3005351154/20240229_BH32VNDSX7_LV7008960447, LV3005351154_LV7008960447
/projects/caeg/data/production/LV30/0535/LV3005351493/20240223_BH35TKDSX7_LV7008956328, LV3005351493_LV7008956328
/projects/caeg/data/production/LV30/0535/LV3005351460/20240223_BH35TKDSX7_LV7008956354, LV3005351460_LV7008956354
/projects/caeg/data/production/LV30/0535/LV3005350804/20240229_BH32VNDSX7_LV7008960474, LV3005350804_LV7008960474
/projects/caeg/data/production/LV30/0535/LV3005351159/20240229_BH32VNDSX7_LV7008960508, LV3005351159_LV7008960508
/projects/caeg/data/production/LV30/0535/LV3005351479/20240223_BH35TKDSX7_LV7008956377, LV3005351479_LV7008956377
/projects/caeg/data/production/LV30/0535/LV3005351496/20240223_BH35TKDSX7_LV7008956352, LV3005351496_LV7008956352
/projects/caeg/data/production/LV30/0535/LV3005351440/20240223_AH3CFNDSX7_LV7008956331, LV3005351440_LV7008956331
/projects/caeg/data/production/LV30/0535/LV3005350267/20231208_AHTT52DSX5_LV7008955260, LV3005350267_LV7008955260
/projects/caeg/data/production/LV30/0535/LV3005351432/20240223_AH3CFNDSX7_LV7008956392, LV3005351432_LV7008956392
/projects/caeg/data/production/LV30/0535/LV3005350796/20240229_BH32VNDSX7_LV7008960535, LV3005350796_LV7008960535
/projects/caeg/data/production/LV30/0535/LV3005350879/20240229_BH32VNDSX7_LV7008960533, LV3005350879_LV7008960533
/projects/caeg/data/production/LV30/0535/LV3005351439/20240223_AH3CFNDSX7_LV7008956355, LV3005351439_LV7008956355
/projects/caeg/data/production/LV30/0535/LV3005351490/20240223_BH35TKDSX7_LV7008956365, LV3005351490_LV7008956365
/projects/caeg/data/production/LV30/0535/LV3005351456/20240223_BH35TKDSX7_LV7008956390, LV3005351456_LV7008956390
/projects/caeg/data/production/LV30/0535/LV3005350797/20240229_BH32VNDSX7_LV7008960462, LV3005350797_LV7008960462
/projects/caeg/data/production/LV30/0535/LV3005351491/20240223_BH35TKDSX7_LV7008956401, LV3005351491_LV7008956401
/projects/caeg/data/production/LV30/0535/LV3005351478/20240223_BH35TKDSX7_LV7008956389, LV3005351478_LV7008956389
/projects/caeg/data/production/LV30/0535/LV3005351457/20240223_BH35TKDSX7_LV7008956426, LV3005351457_LV7008956426
/projects/caeg/data/production/LV30/0535/LV3005350771/20240229_BH32VNDSX7_LV7008960451, LV3005350771_LV7008960451
/projects/caeg/data/production/LV30/0535/LV3005351447/20240223_AH3CFNDSX7_LV7008956367, LV3005351447_LV7008956367
/projects/caeg/data/production/LV30/0535/LV3005350799/20240229_BH32VNDSX7_LV7008960534, LV3005350799_LV7008960534
/projects/caeg/data/production/LV30/0535/LV3005351350/20231208_AHTT52DSX5_LV7008955274, LV3005351350_LV7008955274
/projects/caeg/data/production/LV30/0535/LV3005351454/20240223_AH3CFNDSX7_LV7008956379, LV3005351454_LV7008956379
/projects/caeg/data/production/LV30/0535/LV3005351497/20240223_BH35TKDSX7_LV7008956425, LV3005351497_LV7008956425
/projects/caeg/data/production/LV30/0535/LV3005350810/20240229_BH32VNDSX7_LV7008960486, LV3005350810_LV7008960486
/projects/caeg/data/production/LV30/0535/LV3005350868/20240229_BH32VNDSX7_LV7008960485, LV3005350868_LV7008960485
/projects/caeg/data/production/LV30/0535/LV3005350807/20240229_BH32VNDSX7_LV7008960499, LV3005350807_LV7008960499
/projects/caeg/data/production/LV30/0535/LV3005351488/20240223_BH35TKDSX7_LV7008956329, LV3005351488_LV7008956329
/projects/caeg/data/production/LV30/0535/LV3005350870/20240229_BH32VNDSX7_LV7008960449, LV3005350870_LV7008960449
/projects/caeg/data/production/LV30/0535/LV3005350676/20231208_AHTT52DSX5_LV7008955345, LV3005350676_LV7008955345
/projects/caeg/data/production/LV30/0535/LV3005350805/20240229_BH32VNDSX7_LV7008960498, LV3005350805_LV7008960498
/projects/caeg/data/production/LV30/0535/LV3005351451/20240223_BH35TKDSX7_LV7008953901, LV3005351451_LV7008953901
/projects/caeg/data/production/LV30/0535/LV3005350543/20231208_AHTT52DSX5_LV7008955369, LV3005350543_LV7008955369
/projects/caeg/data/production/LV30/0535/LV3005351138/20240229_BH32VNDSX7_LV7008957409, LV3005351138_LV7008957409
/projects/caeg/data/production/LV30/0535/LV3005350865/20240229_BH32VNDSX7_LV7008960472, LV3005350865_LV7008960472
/projects/caeg/data/production/LV30/0535/LV3005351443/20240223_AH3CFNDSX7_LV7008953902, LV3005351443_LV7008953902
/projects/caeg/data/production/LV30/0535/LV3005351461/20240223_BH35TKDSX7_LV7008956353, LV3005351461_LV7008956353
/projects/caeg/data/production/LV30/0535/LV3005350792/20240229_BH32VNDSX7_LV7008960524, LV3005350792_LV7008960524
/projects/caeg/data/production/LV30/0535/LV3005350878/20240229_BH32VNDSX7_LV7008960460, LV3005350878_LV7008960460
/projects/caeg/data/production/LV30/0535/LV3005350809/20240229_BH32VNDSX7_LV7008960450, LV3005350809_LV7008960450
/projects/caeg/data/production/LV30/0535/LV3005350786/20240229_BH32VNDSX7_LV7008960536, LV3005350786_LV7008960536
/projects/caeg/data/production/LV30/0535/LV3005350812/20240229_BH32VNDSX7_LV7008960522, LV3005350812_LV7008960522
/projects/caeg/data/production/LV30/0534/LV3005348804/20240318_AH3CMHDSX7_LV7008961022, LV3005348804_LV7008961022
/projects/caeg/data/production/LV30/0534/LV3005349033/20240311_AH3C2VDSX7_LV7008961004, LV3005349033_LV7008961004
/projects/caeg/data/production/LV30/0534/LV3005349031/20240311_AH3C2VDSX7_LV7008961003, LV3005349031_LV7008961003
/projects/caeg/data/production/LV30/0534/LV3005348857/20240318_AH3CMHDSX7_LV7008961032, LV3005348857_LV7008961032
/projects/caeg/data/production/LV30/0534/LV3005348849/20240311_AH3C2VDSX7_LV7008961060, LV3005348849_LV7008961060
/projects/caeg/data/production/LV30/0534/LV3005348832/20240311_AH3C2VDSX7_LV7008961000, LV3005348832_LV7008961000
/projects/caeg/data/production/LV30/0534/LV3005348816/20240318_AH3CMHDSX7_LV7008961070, LV3005348816_LV7008961070
/projects/caeg/data/production/LV30/0534/LV3005348817/20240318_AH3CMHDSX7_LV7008961009, LV3005348817_LV7008961009
/projects/caeg/data/production/LV30/0534/LV3005349063/20240318_BH3C37DSX7_LV7008960442, LV3005349063_LV7008960442
/projects/caeg/data/production/LV30/0534/LV3005349032/20240311_AH3C2VDSX7_LV7008959573, LV3005349032_LV7008959573
/projects/caeg/data/production/LV30/0534/LV3005349067/20240318_BH3C37DSX7_LV7008960516, LV3005349067_LV7008960516
/projects/caeg/data/production/LV30/0534/LV3005349017/20240311_AH3C2VDSX7_LV7008959575, LV3005349017_LV7008959575
/projects/caeg/data/production/LV30/0534/LV3005349019/20240311_AH3C2VDSX7_LV7008961064, LV3005349019_LV7008961064
/projects/caeg/data/production/LV30/0534/LV3005349060/20240318_BH3C37DSX7_LV7008960514, LV3005349060_LV7008960514
/projects/caeg/data/production/LV30/0534/LV3005349040/20240318_BH3C37DSX7_LV7008960466, LV3005349040_LV7008960466
/projects/caeg/data/production/LV30/0534/LV3005349050/20240318_BH3C37DSX7_LV7008960441, LV3005349050_LV7008960441
/projects/caeg/data/production/LV30/0534/LV3005349057/20240318_BH3C37DSX7_LV7008960477, LV3005349057_LV7008960477
/projects/caeg/data/production/LV30/0534/LV3005348868/20240318_AH3CMHDSX7_LV7008961008, LV3005348868_LV7008961008
/projects/caeg/data/production/LV30/0534/LV3005348829/20240311_AH3C2VDSX7_LV7008961072, LV3005348829_LV7008961072
/projects/caeg/data/production/LV30/0534/LV3005348851/20240311_AH3C2VDSX7_LV7008961011, LV3005348851_LV7008961011
/projects/caeg/data/production/LV30/0534/LV3005349281/20240311_AH3C2VDSX7_LV7008961061, LV3005349281_LV7008961061
/projects/caeg/data/production/LV30/0534/LV3005349290/20240311_AH3C2VDSX7_LV7008961049, LV3005349290_LV7008961049
/projects/caeg/data/production/LV30/0534/LV3005349056/20240318_BH3C37DSX7_LV7008960465, LV3005349056_LV7008960465
/projects/caeg/data/production/LV30/0534/LV3005349047/20240318_BH3C37DSX7_LV7008960478, LV3005349047_LV7008960478
/projects/caeg/data/production/LV30/0534/LV3005348795/20240318_AH3CMHDSX7_LV7008961058, LV3005348795_LV7008961058
/projects/caeg/data/production/LV30/0534/LV3005349043/20240318_BH3C37DSX7_LV7008960502, LV3005349043_LV7008960502
/projects/caeg/data/production/LV30/0534/LV3005348845/20240311_AH3C2VDSX7_LV7008961023, LV3005348845_LV7008961023
/projects/caeg/data/production/LV30/0534/LV3005349744/20231208_AHTT52DSX5_LV7008955296, LV3005349744_LV7008955296
/projects/caeg/data/production/LV30/0534/LV3005348815/20240318_AH3CMHDSX7_LV7008961046, LV3005348815_LV7008961046
/projects/caeg/data/production/LV30/0534/LV3005349065/20240318_BH3C37DSX7_LV7008960504, LV3005349065_LV7008960504
/projects/caeg/data/production/LV30/0534/LV3005349046/20240318_BH3C37DSX7_LV7008960454, LV3005349046_LV7008960454
/projects/caeg/data/production/LV30/0534/LV3005349026/20240311_AH3C2VDSX7_LV7008961088, LV3005349026_LV7008961088
/projects/caeg/data/production/LV30/0534/LV3005348831/20240311_AH3C2VDSX7_LV7008961035, LV3005348831_LV7008961035
/projects/caeg/data/production/LV30/0534/LV3005349341/20240318_AH3CMHDSX7_LV7008961021, LV3005349341_LV7008961021
/projects/caeg/data/production/LV30/0534/LV3005349029/20240311_AH3C2VDSX7_LV7008961040, LV3005349029_LV7008961040
/projects/caeg/data/production/LV30/0534/LV3005348874/20240318_AH3CMHDSX7_LV7008960996, LV3005348874_LV7008960996
/projects/caeg/data/production/LV30/0534/LV3005348867/20240318_AH3CMHDSX7_LV7008961057, LV3005348867_LV7008961057
/projects/caeg/data/production/LV30/0534/LV3005349076/20240318_BH3C37DSX7_LV7008960527, LV3005349076_LV7008960527
/projects/caeg/data/production/LV30/0534/LV3005349084/20240318_BH3C37DSX7_LV7008960492, LV3005349084_LV7008960492
/projects/caeg/data/production/LV30/0534/LV3005349051/20240318_BH3C37DSX7_LV7008960453, LV3005349051_LV7008960453
/projects/caeg/data/production/LV30/0534/LV3005348863/20240318_AH3CMHDSX7_LV7008961045, LV3005348863_LV7008961045
/projects/caeg/data/production/LV30/0534/LV3005348837/20240311_AH3C2VDSX7_LV7008961089, LV3005348837_LV7008961089
/projects/caeg/data/production/LV30/0534/LV3005349082/20240318_BH3C37DSX7_LV7008960479, LV3005349082_LV7008960479
/projects/caeg/data/production/LV30/0534/LV3005349028/20240311_AH3C2VDSX7_LV7008961016, LV3005349028_LV7008961016
/projects/caeg/data/production/LV30/0534/LV3005348796/20240318_AH3CMHDSX7_LV7008961082, LV3005348796_LV7008961082
/projects/caeg/data/production/LV30/0534/LV3005349276/20240311_AH3C2VDSX7_LV7008961085, LV3005349276_LV7008961085
/projects/caeg/data/production/LV30/0534/LV3005349287/20240311_AH3C2VDSX7_LV7008961037, LV3005349287_LV7008961037
/projects/caeg/data/production/LV30/0534/LV3005349282/20240311_AH3C2VDSX7_LV7008961073, LV3005349282_LV7008961073
/projects/caeg/data/production/LV30/0534/LV3005348873/20240318_AH3CMHDSX7_LV7008961044, LV3005348873_LV7008961044
/projects/caeg/data/production/LV30/0534/LV3005349083/20240318_BH3C37DSX7_LV7008960515, LV3005349083_LV7008960515
/projects/caeg/data/production/LV30/0534/LV3005348813/20240318_AH3CMHDSX7_LV7008960998, LV3005348813_LV7008960998
/projects/caeg/data/production/LV30/0534/LV3005349020/20240311_AH3C2VDSX7_LV7008961076, LV3005349020_LV7008961076
/projects/caeg/data/production/LV30/0534/LV3005348790/20240311_AH3C2VDSX7_LV7008961059, LV3005348790_LV7008961059
/projects/caeg/data/production/LV30/0534/LV3005348834/20240311_AH3C2VDSX7_LV7008961048, LV3005348834_LV7008961048
/projects/caeg/data/production/LV30/0534/LV3005349016/20240318_BH3C37DSX7_LV7008960489, LV3005349016_LV7008960489
/projects/caeg/data/production/LV30/0534/LV3005349240/20231208_AHTT52DSX5_LV7008955278, LV3005349240_LV7008955278
/projects/caeg/data/production/LV30/0534/LV3005348895/20240318_AH3CMHDSX7_LV7008961069, LV3005348895_LV7008961069
/projects/caeg/data/production/LV30/0534/LV3005348792/20240318_AH3CMHDSX7_LV7008961010, LV3005348792_LV7008961010
/projects/caeg/data/production/LV30/0534/LV3005348825/20240318_AH3CMHDSX7_LV7008960901, LV3005348825_LV7008960901
/projects/caeg/data/production/LV30/0534/LV3005349077/20240318_BH3C37DSX7_LV7008960491, LV3005349077_LV7008960491
/projects/caeg/data/production/LV30/0534/LV3005348827/20240311_AH3C2VDSX7_LV7008961036, LV3005348827_LV7008961036
/projects/caeg/data/production/LV30/0534/LV3005348840/20240311_AH3C2VDSX7_LV7008961024, LV3005348840_LV7008961024
/projects/caeg/data/production/LV30/0534/LV3005349035/20240311_AH3C2VDSX7_LV7008961052, LV3005349035_LV7008961052
/projects/caeg/data/production/LV30/0534/LV3005348812/20240311_AH3C2VDSX7_LV7008961047, LV3005348812_LV7008961047
/projects/caeg/data/production/LV30/0534/LV3005349088/20240318_BH3C37DSX7_LV7008960503, LV3005349088_LV7008960503
/projects/caeg/data/production/LV30/0534/LV3005348484/20231208_AHTT52DSX5_LV7008955321, LV3005348484_LV7008955321
/projects/caeg/data/production/LV30/0534/LV3005348846/20240311_AH3C2VDSX7_LV7008961012, LV3005348846_LV7008961012
/projects/caeg/data/production/LV30/0534/LV3005349324/20240318_AH3CMHDSX7_LV7008961033, LV3005349324_LV7008961033
/projects/caeg/data/production/LV30/0534/LV3005349075/20240318_BH3C37DSX7_LV7008957416, LV3005349075_LV7008957416
/projects/caeg/data/production/LV30/0534/LV3005349021/20240318_BH3C37DSX7_LV7008960501, LV3005349021_LV7008960501
/projects/caeg/data/production/LV30/0534/LV3005349053/20240318_BH3C37DSX7_LV7008960490, LV3005349053_LV7008960490
/projects/caeg/data/production/LV30/0534/LV3005349293/20240311_AH3C2VDSX7_LV7008961025, LV3005349293_LV7008961025
/projects/caeg/data/production/LV30/0534/LV3005348890/20240318_AH3CMHDSX7_LV7008961020, LV3005348890_LV7008961020
/projects/caeg/data/production/LV30/0534/LV3005348794/20240318_AH3CMHDSX7_LV7008961034, LV3005348794_LV7008961034
/projects/caeg/data/production/LV30/0534/LV3005348835/20240311_AH3C2VDSX7_LV7008959574, LV3005348835_LV7008959574
/projects/caeg/data/production/LV30/0534/LV3005348864/20240318_AH3CMHDSX7_LV7008961081, LV3005348864_LV7008961081
/projects/caeg/data/production/LV30/0534/LV3005349369/20231208_AHTT52DSX5_LV7008955319, LV3005349369_LV7008955319
/projects/caeg/data/production/LV30/0527/LV3005275485/20240223_AH3CFNDSX7_LV7008956394, LV3005275485_LV7008956394
/projects/caeg/data/production/LV30/0527/LV3005274765/20240229_BH32VNDSX7_LV7008960459, LV3005274765_LV7008960459
/projects/caeg/data/production/LV30/0527/LV3005275466/20240223_AH3CFNDSX7_LV7008956407, LV3005275466_LV7008956407
/projects/caeg/data/production/LV30/0527/LV3005274023/20240311_AH3C2VDSX7_LV7008961086, LV3005274023_LV7008961086
/projects/caeg/data/production/LV30/0527/LV3005273002/20240311_AH3C2VDSX7_LV7008961014, LV3005273002_LV7008961014
/projects/caeg/data/production/LV30/0527/LV3005274875/20240318_BH3C37DSX7_LV7008960505, LV3005274875_LV7008960505
/projects/caeg/data/production/LV30/0527/LV3005273019/20240311_AH3C2VDSX7_LV7008961002, LV3005273019_LV7008961002
/projects/caeg/data/production/LV30/0527/LV3005274858/20240318_BH3C37DSX7_LV7008960468, LV3005274858_LV7008960468
/projects/caeg/data/production/LV30/0527/LV3005275497/20240223_AH3CFNDSX7_LV7008956324, LV3005275497_LV7008956324
/projects/caeg/data/production/LV30/0527/LV3005275498/20240223_AH3CFNDSX7_LV7008956323, LV3005275498_LV7008956323
/projects/caeg/data/production/LV30/0527/LV3005273032/20240311_AH3C2VDSX7_LV7008961051, LV3005273032_LV7008961051
/projects/caeg/data/production/LV30/0527/LV3005274873/20240318_BH3C37DSX7_LV7008960529, LV3005274873_LV7008960529
/projects/caeg/data/production/LV30/0527/LV3005275474/20240223_AH3CFNDSX7_LV7008956431, LV3005275474_LV7008956431
/projects/caeg/data/production/LV30/0527/LV3005275479/20240223_AH3CFNDSX7_LV7008956382, LV3005275479_LV7008956382
/projects/caeg/data/production/LV30/0527/LV3005275480/20240223_AH3CFNDSX7_LV7008956322, LV3005275480_LV7008956322
/projects/caeg/data/production/LV30/0527/LV3005274859/20240318_BH3C37DSX7_LV7008960517, LV3005274859_LV7008960517
/projects/caeg/data/production/LV30/0527/LV3005273889/20231208_AHTT52DSX5_LV7008955370, LV3005273889_LV7008955370
/projects/caeg/data/production/LV30/0527/LV3005274144/20231208_AHTT52DSX5_LV7008955352, LV3005274144_LV7008955352
/projects/caeg/data/production/LV30/0527/LV3005274892/20240318_BH3C37DSX7_LV7008960446, LV3005274892_LV7008960446
/projects/caeg/data/production/LV30/0527/LV3005275425/20240223_AH3CFNDSX7_LV7008956380, LV3005275425_LV7008956380
/projects/caeg/data/production/LV30/0527/LV3005275450/20240223_AH3CFNDSX7_LV7008956320, LV3005275450_LV7008956320
/projects/caeg/data/production/LV30/0527/LV3005274896/20240318_BH3C37DSX7_LV7008960518, LV3005274896_LV7008960518
/projects/caeg/data/production/LV30/0527/LV3005274862/20240318_BH3C37DSX7_LV7008960445, LV3005274862_LV7008960445
/projects/caeg/data/production/LV30/0527/LV3005275456/20240223_AH3CFNDSX7_LV7008956429, LV3005275456_LV7008956429
/projects/caeg/data/production/LV30/0527/LV3005275437/20240223_AH3CFNDSX7_LV7008956356, LV3005275437_LV7008956356
/projects/caeg/data/production/LV30/0527/LV3005275506/20240223_AH3CFNDSX7_LV7008956360, LV3005275506_LV7008956360
/projects/caeg/data/production/LV30/0527/LV3005275462/20240223_AH3CFNDSX7_LV7008956430, LV3005275462_LV7008956430
/projects/caeg/data/production/LV30/0527/LV3005275490/20240223_AH3CFNDSX7_LV7008956334, LV3005275490_LV7008956334
/projects/caeg/data/production/LV30/0527/LV3005273014/20240311_AH3C2VDSX7_LV7008961087, LV3005273014_LV7008961087
/projects/caeg/data/production/LV30/0527/LV3005276309/20240318_AH3CMHDSX7_LV7008961068, LV3005276309_LV7008961068
/projects/caeg/data/production/LV30/0527/LV3005273006/20240311_AH3C2VDSX7_LV7008961027, LV3005273006_LV7008961027
/projects/caeg/data/production/LV30/0527/LV3005275516/20240223_AH3CFNDSX7_LV7008956335, LV3005275516_LV7008956335
/projects/caeg/data/production/LV30/0527/LV3005274022/20240311_AH3C2VDSX7_LV7008961074, LV3005274022_LV7008961074
/projects/caeg/data/production/LV30/0527/LV3005273029/20240311_AH3C2VDSX7_LV7008961026, LV3005273029_LV7008961026
/projects/caeg/data/production/LV30/0527/LV3005275107/20231208_AHTT52DSX5_LV7008955335, LV3005275107_LV7008955335
/projects/caeg/data/production/LV30/0527/LV3005272947/20231208_AHTT52DSX5_LV7008955280, LV3005272947_LV7008955280
/projects/caeg/data/production/LV30/0527/LV3005275483/20240223_AH3CFNDSX7_LV7008953924, LV3005275483_LV7008953924
/projects/caeg/data/production/LV30/0527/LV3005274006/20240311_AH3C2VDSX7_LV7008961050, LV3005274006_LV7008961050
/projects/caeg/data/production/LV30/0527/LV3005275511/20240223_AH3CFNDSX7_LV7008956408, LV3005275511_LV7008956408
/projects/caeg/data/production/LV30/0527/LV3005275504/20240223_AH3CFNDSX7_LV7008956384, LV3005275504_LV7008956384
/projects/caeg/data/production/LV30/0527/LV3005273012/20240311_AH3C2VDSX7_LV7008961038, LV3005273012_LV7008961038
/projects/caeg/data/production/LV30/0527/LV3005275419/20240223_AH3CFNDSX7_LV7008956368, LV3005275419_LV7008956368
/projects/caeg/data/production/LV30/0527/LV3005275477/20240223_AH3CFNDSX7_LV7008956383, LV3005275477_LV7008956383
/projects/caeg/data/production/LV30/0527/LV3005274179/20231208_AHTT52DSX5_LV7008955299, LV3005274179_LV7008955299
/projects/caeg/data/production/LV30/0527/LV3005275441/20240223_AH3CFNDSX7_LV7008956381, LV3005275441_LV7008956381
/projects/caeg/data/production/LV30/0527/LV3005274889/20240318_BH3C37DSX7_LV7008960530, LV3005274889_LV7008960530
/projects/caeg/data/production/LV30/0527/LV3005275470/20240223_AH3CFNDSX7_LV7008956359, LV3005275470_LV7008956359
/projects/caeg/data/production/LV30/0527/LV3005274922/20231208_AHTT52DSX5_LV7008955334, LV3005274922_LV7008955334
/projects/caeg/data/production/LV30/0527/LV3005276357/20231208_AHTT52DSX5_LV7008955273, LV3005276357_LV7008955273
/projects/caeg/data/production/LV30/0527/LV3005275449/20240223_AH3CFNDSX7_LV7008956405, LV3005275449_LV7008956405
/projects/caeg/data/production/LV30/0527/LV3005275446/20240223_AH3CFNDSX7_LV7008956369, LV3005275446_LV7008956369
/projects/caeg/data/production/LV30/0527/LV3005272654/20231208_AHTT52DSX5_LV7008955302, LV3005272654_LV7008955302
/projects/caeg/data/production/LV30/0527/LV3005275519/20240223_AH3CFNDSX7_LV7008956336, LV3005275519_LV7008956336
/projects/caeg/data/production/LV30/0527/LV3005274906/20240318_BH3C37DSX7_LV7008960482, LV3005274906_LV7008960482
/projects/caeg/data/production/LV30/0527/LV3005273248/20230414_BHMGMJDSX5_LV7001903371, LV3005273248_LV7001903371
/projects/caeg/data/production/LV30/0527/LV3005274908/20240229_BH32VNDSX7_LV7008960507, LV3005274908_LV7008960507
/projects/caeg/data/production/LV30/0527/LV3005275478/20240223_AH3CFNDSX7_LV7008956371, LV3005275478_LV7008956371
/projects/caeg/data/production/LV30/0527/LV3005273031/20240311_AH3C2VDSX7_LV7008961075, LV3005273031_LV7008961075
/projects/caeg/data/production/LV30/0527/LV3005274025/20240311_AH3C2VDSX7_LV7008961013, LV3005274025_LV7008961013
/projects/caeg/data/production/LV30/0527/LV3005276355/20231208_AHTT52DSX5_LV7008955285, LV3005276355_LV7008955285
/projects/caeg/data/production/LV30/0527/LV3005274125/20231208_AHTT52DSX5_LV7008955376, LV3005274125_LV7008955376
/projects/caeg/data/production/LV30/0527/LV3005275447/20240223_AH3CFNDSX7_LV7008956357, LV3005275447_LV7008956357
/projects/caeg/data/production/LV30/0527/LV3005273615/20231208_AHTT52DSX5_LV7008955322, LV3005273615_LV7008955322
/projects/caeg/data/production/LV30/0527/LV3005273834/20231208_AHTT52DSX5_LV7008955298, LV3005273834_LV7008955298
/projects/caeg/data/production/LV30/0527/LV3005274249/20231208_AHTT52DSX5_LV7008955289, LV3005274249_LV7008955289
/projects/caeg/data/production/LV30/0527/LV3005274007/20240311_AH3C2VDSX7_LV7008961062, LV3005274007_LV7008961062
/projects/caeg/data/production/LV30/0527/LV3005274481/20231208_AHTT52DSX5_LV7008955277, LV3005274481_LV7008955277
/projects/caeg/data/production/LV30/0527/LV3005275481/20240223_AH3CFNDSX7_LV7008956370, LV3005275481_LV7008956370
/projects/caeg/data/production/LV30/0527/LV3005275486/20240223_AH3CFNDSX7_LV7008956358, LV3005275486_LV7008956358
/projects/caeg/data/production/LV30/0527/LV3005274011/20240311_AH3C2VDSX7_LV7008961001, LV3005274011_LV7008961001
/projects/caeg/data/production/LV30/0527/LV3005275458/20240223_AH3CFNDSX7_LV7008956406, LV3005275458_LV7008956406
/projects/caeg/data/production/LV30/0527/LV3005275461/20240223_AH3CFNDSX7_LV7008956321, LV3005275461_LV7008956321
/projects/caeg/data/production/LV30/0527/LV3005273246/20230414_BHMGMJDSX5_LV7001887833, LV3005273246_LV7001887833
/projects/caeg/data/production/LV30/0527/LV3005274861/20240318_BH3C37DSX7_LV7008960469, LV3005274861_LV7008960469
/projects/caeg/data/production/LV30/0527/LV3005274894/20240229_BH32VNDSX7_LV7008960471, LV3005274894_LV7008960471
/projects/caeg/data/production/LV30/0527/LV3005275503/20240223_AH3CFNDSX7_LV7008956432, LV3005275503_LV7008956432
/projects/caeg/data/production/LV30/0527/LV3005272941/20231208_AHTT52DSX5_LV7008955268, LV3005272941_LV7008955268
/projects/caeg/data/production/LV30/0527/LV3005274877/20240318_BH3C37DSX7_LV7008960457, LV3005274877_LV7008960457
/projects/caeg/data/production/LV30/0527/LV3005274872/20240318_BH3C37DSX7_LV7008960456, LV3005274872_LV7008960456
/projects/caeg/data/production/LV30/0527/LV3005272613/20231208_AHTT52DSX5_LV7008955290, LV3005272613_LV7008955290
/projects/caeg/data/production/LV30/0527/LV3005275452/20240223_AH3CFNDSX7_LV7008956333, LV3005275452_LV7008956333
/projects/caeg/data/production/LV30/0527/LV3005275505/20240223_AH3CFNDSX7_LV7008956372, LV3005275505_LV7008956372
/projects/caeg/data/production/LV30/0527/LV3005274857/20240318_BH3C37DSX7_LV7008960444, LV3005274857_LV7008960444
/projects/caeg/data/production/LV30/0527/LV3005274912/20240318_BH3C37DSX7_LV7008960494, LV3005274912_LV7008960494
/projects/caeg/data/production/LV30/0527/LV3005275442/20240223_AH3CFNDSX7_LV7008956393, LV3005275442_LV7008956393
/projects/caeg/data/production/LV30/0527/LV3005273849/20240318_AH3CMHDSX7_LV7008961056, LV3005273849_LV7008961056
/projects/caeg/data/production/LV30/0527/LV3005272365/20231208_AHTT52DSX5_LV7008955262, LV3005272365_LV7008955262
/projects/caeg/data/production/LV30/0527/LV3005273250/20230414_BHMGMJDSX5_LV7001884436, LV3005273250_LV7001884436
/projects/caeg/data/production/LV30/0527/LV3005272800/20240223_BH35TKDSX7_LV7008956330, LV3005272800_LV7008956330
/projects/caeg/data/production/LV30/0527/LV3005274860/20240318_BH3C37DSX7_LV7008960493, LV3005274860_LV7008960493
/projects/caeg/data/production/LV30/0527/LV3005274911/20240318_BH3C37DSX7_LV7008960506, LV3005274911_LV7008960506
/projects/caeg/data/production/LV30/0527/LV3005275445/20240223_AH3CFNDSX7_LV7008956332, LV3005275445_LV7008956332
/projects/caeg/data/production/LV30/0527/LV3005274890/20240318_BH3C37DSX7_LV7008960470, LV3005274890_LV7008960470
/projects/caeg/data/production/LV30/0527/LV3005274893/20240229_BH32VNDSX7_LV7008960495, LV3005274893_LV7008960495
/projects/caeg/data/production/LV30/0527/LV3005274193/20231208_AHTT52DSX5_LV7008955323, LV3005274193_LV7008955323
/projects/caeg/data/production/LV30/0527/LV3005274910/20240229_BH32VNDSX7_LV7008960483, LV3005274910_LV7008960483
/projects/caeg/data/production/LV30/0527/LV3005275510/20240223_AH3CFNDSX7_LV7008956396, LV3005275510_LV7008956396
/projects/caeg/data/production/LV30/0527/LV3005274907/20240318_BH3C37DSX7_LV7008960458, LV3005274907_LV7008960458
/projects/caeg/data/production/LV30/0527/LV3005273024/20240311_AH3C2VDSX7_LV7008961039, LV3005273024_LV7008961039
/projects/caeg/data/production/LV30/0527/LV3005273005/20240311_AH3C2VDSX7_LV7008961063, LV3005273005_LV7008961063
/projects/caeg/data/production/LV30/0527/LV3005274876/20240318_BH3C37DSX7_LV7008960481, LV3005274876_LV7008960481
/projects/caeg/data/production/LV30/0527/LV3005272493/20231208_AHTT52DSX5_LV7008955346, LV3005272493_LV7008955346
/projects/caeg/data/production/LV30/0527/LV3005273242/20230414_BHMGMJDSX5_LV7001884491, LV3005273242_LV7001884491
/projects/caeg/data/production/LV30/0527/LV3005273227/20230414_BHMGMJDSX5_LV7001902859, LV3005273227_LV7001902859
/projects/caeg/data/production/LV30/0527/LV3005274871/20240318_BH3C37DSX7_LV7008960480, LV3005274871_LV7008960480
/projects/caeg/data/production/LV30/0527/LV3005273235/20230414_BHMGMJDSX5_LV7001884448, LV3005273235_LV7001884448
/projects/caeg/data/production/LV30/0556/LV3005568598/20240223_BH35TKDSX7_LV7008956363, LV3005568598_LV7008956363
/projects/caeg/data/production/LV30/0556/LV3005568141/20240223_BH35TKDSX7_LV7008956361, LV3005568141_LV7008956361
/projects/caeg/data/production/LV30/0556/LV3005568574/20240223_BH35TKDSX7_LV7008956423, LV3005568574_LV7008956423
/projects/caeg/data/production/LV30/0556/LV3005568152/20240223_BH35TKDSX7_LV7008956422, LV3005568152_LV7008956422
/projects/caeg/data/production/LV30/0556/LV3005567340/20231208_AHTT52DSX5_LV7008955340, LV3005567340_LV7008955340
/projects/caeg/data/production/LV30/0556/LV3005568145/20240229_BH32VNDSX7_LV7008960464, LV3005568145_LV7008960464
/projects/caeg/data/production/LV30/0556/LV3005568601/20240223_BH35TKDSX7_LV7008956315, LV3005568601_LV7008956315
/projects/caeg/data/production/LV30/0556/LV3005568582/20240223_BH35TKDSX7_LV7008956314, LV3005568582_LV7008956314
/projects/caeg/data/production/LV30/0556/LV3005568138/20240229_BH32VNDSX7_LV7008960452, LV3005568138_LV7008960452
/projects/caeg/data/production/LV30/0556/LV3005568131/20240229_BH32VNDSX7_LV7008960488, LV3005568131_LV7008960488
/projects/caeg/data/production/LV30/0556/LV3005568156/20240223_BH35TKDSX7_LV7008956398, LV3005568156_LV7008956398
/projects/caeg/data/production/LV30/0556/LV3005568154/20240223_BH35TKDSX7_LV7008956313, LV3005568154_LV7008956313
/projects/caeg/data/production/LV30/0556/LV3005567521/20231208_AHTT52DSX5_LV7008955337, LV3005567521_LV7008955337
/projects/caeg/data/production/LV30/0556/LV3005568607/20240223_BH35TKDSX7_LV7008956424, LV3005568607_LV7008956424
/projects/caeg/data/production/LV30/0556/LV3005568580/20240223_BH35TKDSX7_LV7008956362, LV3005568580_LV7008956362
/projects/caeg/data/production/LV30/0556/LV3005568587/20240223_BH35TKDSX7_LV7008956350, LV3005568587_LV7008956350
/projects/caeg/data/production/LV30/0556/LV3005567832/20231208_AHTT52DSX5_LV7008955279, LV3005567832_LV7008955279
/projects/caeg/data/production/LV30/0556/LV3005568477/20231208_AHTT52DSX5_LV7008955304, LV3005568477_LV7008955304
/projects/caeg/data/production/LV30/0556/LV3005568135/20240223_BH35TKDSX7_LV7008956349, LV3005568135_LV7008956349
/projects/caeg/data/production/LV30/0556/LV3005568150/20240223_BH35TKDSX7_LV7008956325, LV3005568150_LV7008956325
/projects/caeg/data/production/LV30/0556/LV3005568597/20240223_BH35TKDSX7_LV7008956387, LV3005568597_LV7008956387
/projects/caeg/data/production/LV30/0556/LV3005568134/20240223_BH35TKDSX7_LV7008956385, LV3005568134_LV7008956385
/projects/caeg/data/production/LV30/0556/LV3005568579/20240223_BH35TKDSX7_LV7008956327, LV3005568579_LV7008956327
/projects/caeg/data/production/LV30/0556/LV3005568594/20240223_BH35TKDSX7_LV7008956386, LV3005568594_LV7008956386
/projects/caeg/data/production/LV30/0556/LV3005568593/20240223_BH35TKDSX7_LV7008956374, LV3005568593_LV7008956374
/projects/caeg/data/production/LV30/0556/LV3005567833/20231208_AHTT52DSX5_LV7008955267, LV3005567833_LV7008955267
/projects/caeg/data/production/LV30/0556/LV3005568147/20240223_BH35TKDSX7_LV7008956373, LV3005568147_LV7008956373
/projects/caeg/data/production/LV30/0556/LV3005568470/20231208_AHTT52DSX5_LV7008955292, LV3005568470_LV7008955292
/projects/caeg/data/production/LV30/0556/LV3005568584/20240223_BH35TKDSX7_LV7008956375, LV3005568584_LV7008956375
/projects/caeg/data/production/LV30/0556/LV3005568137/20240229_BH32VNDSX7_LV7008960476, LV3005568137_LV7008960476
/projects/caeg/data/production/LV30/0556/LV3005567545/20231208_AHTT52DSX5_LV7008955325, LV3005567545_LV7008955325
/projects/caeg/data/production/LV30/0556/LV3005568583/20240223_BH35TKDSX7_LV7008956399, LV3005568583_LV7008956399
/projects/caeg/data/production/LV30/0556/LV3005567342/20231208_AHTT52DSX5_LV7008955328, LV3005567342_LV7008955328
/projects/caeg/data/production/LV30/0557/LV3005570359/20240308_AH35NHDSX7_LV7009024458, LV3005570359_LV7009024458
/projects/caeg/data/production/LV30/0557/LV3005570508/20240318_AH3CMHDSX7_LV7008961066, LV3005570508_LV7008961066
/projects/caeg/data/production/LV30/0557/LV3005570348/20240308_AH35NHDSX7_LV7008955391, LV3005570348_LV7008955391
/projects/caeg/data/production/LV30/0557/LV3005570174/20240318_AH3CMHDSX7_LV7008961043, LV3005570174_LV7008961043
/projects/caeg/data/production/LV30/0557/LV3005570510/20240318_AH3CMHDSX7_LV7008961078, LV3005570510_LV7008961078
/projects/caeg/data/production/LV30/0557/LV3005570346/20240308_AH35NHDSX7_LV7009027354, LV3005570346_LV7009027354
/projects/caeg/data/production/LV30/0557/LV3005570482/20240308_AH35NHDSX7_LV7009027857, LV3005570482_LV7009027857
/projects/caeg/data/production/LV30/0557/LV3005570463/20240308_AH35NHDSX7_LV7009027859, LV3005570463_LV7009027859
/projects/caeg/data/production/LV30/0557/LV3005570461/20240308_AH35NHDSX7_LV7009024538, LV3005570461_LV7009024538
/projects/caeg/data/production/LV30/0557/LV3005570351/20240308_AH35NHDSX7_LV7009024309, LV3005570351_LV7009024309
/projects/caeg/data/production/LV30/0557/LV3005570479/20240308_AH35NHDSX7_LV7009024557, LV3005570479_LV7009024557
/projects/caeg/data/production/LV30/0557/LV3005570459/20240308_AH35NHDSX7_LV7008955413, LV3005570459_LV7008955413
/projects/caeg/data/production/LV30/0557/LV3005570316/20240308_AH35NHDSX7_LV7009022726, LV3005570316_LV7009022726
/projects/caeg/data/production/LV30/0557/LV3005570467/20240308_AH35NHDSX7_LV7009024918, LV3005570467_LV7009024918
/projects/caeg/data/production/LV30/0557/LV3005573417/20231208_AHTT52DSX5_LV7008955348, LV3005573417_LV7008955348
/projects/caeg/data/production/LV30/0557/LV3005570840/20231208_AHTT52DSX5_LV7008955327, LV3005570840_LV7008955327
/projects/caeg/data/production/LV30/0557/LV3005570457/20240308_AH35NHDSX7_LV7008957625, LV3005570457_LV7008957625
/projects/caeg/data/production/LV30/0557/LV3005571461/20231208_AHTT52DSX5_LV7008956459, LV3005571461_LV7008956459
/projects/caeg/data/production/LV30/0557/LV3005573333/20231208_AHTT52DSX5_LV7008955283, LV3005573333_LV7008955283
/projects/caeg/data/production/LV30/0557/LV3005570168/20240318_AH3CMHDSX7_LV7008961079, LV3005570168_LV7008961079
/projects/caeg/data/production/LV30/0557/LV3005570502/20240318_AH3CMHDSX7_LV7008961005, LV3005570502_LV7008961005
/projects/caeg/data/production/LV30/0557/LV3005573189/20231208_AHTT52DSX5_LV7008955332, LV3005573189_LV7008955332
/projects/caeg/data/production/LV30/0557/LV3005570164/20240318_AH3CMHDSX7_LV7008961067, LV3005570164_LV7008961067
/projects/caeg/data/production/LV30/0557/LV3005570379/20231208_AHTT52DSX5_LV7008955275, LV3005570379_LV7008955275
/projects/caeg/data/production/LV30/0557/LV3005571015/20231208_AHTT52DSX5_LV7008955375, LV3005571015_LV7008955375
/projects/caeg/data/production/LV30/0557/LV3005570294/20240308_AH35NHDSX7_LV7009027897, LV3005570294_LV7009027897
/projects/caeg/data/production/LV30/0557/LV3005570491/20240308_AH35NHDSX7_LV7009022716, LV3005570491_LV7009022716
/projects/caeg/data/production/LV30/0557/LV3005570487/20240308_AH35NHDSX7_LV7008957286, LV3005570487_LV7008957286
/projects/caeg/data/production/LV30/0557/LV3005570465/20240308_AH35NHDSX7_LV7008957225, LV3005570465_LV7008957225
/projects/caeg/data/production/LV30/0557/LV3005570312/20240308_AH35NHDSX7_LV7009027905, LV3005570312_LV7009027905
/projects/caeg/data/production/LV30/0557/LV3005570305/20240308_AH35NHDSX7_LV7008957314, LV3005570305_LV7008957314
/projects/caeg/data/production/LV30/0557/LV3005573876/20230414_BHMGMJDSX5_LV7001903292, LV3005573876_LV7001903292
/projects/caeg/data/production/LV30/0557/LV3005572975/20231208_AHTT52DSX5_LV7008955372, LV3005572975_LV7008955372
/projects/caeg/data/production/LV30/0557/LV3005570497/20240318_AH3CMHDSX7_LV7008961053, LV3005570497_LV7008961053
/projects/caeg/data/production/LV30/0557/LV3005570179/20240318_AH3CMHDSX7_LV7008959486, LV3005570179_LV7008959486
/projects/caeg/data/production/LV30/0557/LV3005570451/20240308_AH35NHDSX7_LV7008957588, LV3005570451_LV7008957588
/projects/caeg/data/production/LV30/0557/LV3005570723/20231208_AHTT52DSX5_LV7008955303, LV3005570723_LV7008955303
/projects/caeg/data/production/LV30/0557/LV3005573877/20230414_BHMGMJDSX5_LV7001902952, LV3005573877_LV7001902952
/projects/caeg/data/production/LV30/0557/LV3005573482/20231208_AHTT52DSX5_LV7008955338, LV3005573482_LV7008955338
/projects/caeg/data/production/LV30/0557/LV3005570158/20240318_AH3CMHDSX7_LV7008961006, LV3005570158_LV7008961006
/projects/caeg/data/production/LV30/0557/LV3005570339/20240308_AH35NHDSX7_LV7008957551, LV3005570339_LV7008957551
/projects/caeg/data/production/LV30/0557/LV3005571014/20231208_AHTT52DSX5_LV7008955351, LV3005571014_LV7008955351
/projects/caeg/data/production/LV30/0557/LV3005570473/20240308_AH35NHDSX7_LV7009027335, LV3005570473_LV7009027335
/projects/caeg/data/production/LV30/0557/LV3005570315/20240308_AH35NHDSX7_LV7009024860, LV3005570315_LV7009024860
/projects/caeg/data/production/LV30/0557/LV3005570177/20240318_AH3CMHDSX7_LV7008961080, LV3005570177_LV7008961080
/projects/caeg/data/production/LV30/0557/LV3005570170/20240318_AH3CMHDSX7_LV7008960994, LV3005570170_LV7008960994
/projects/caeg/data/production/LV30/0557/LV3005573870/20230414_BHMGMJDSX5_LV7001903276, LV3005573870_LV7001903276
/projects/caeg/data/production/LV30/0557/LV3005570516/20240318_AH3CMHDSX7_LV7008961042, LV3005570516_LV7008961042
/projects/caeg/data/production/LV30/0557/LV3005573985/20231208_AHTT52DSX5_LV7008955374, LV3005573985_LV7008955374
/projects/caeg/data/production/LV30/0557/LV3005574147/20231208_AHTT52DSX5_LV7008955288, LV3005574147_LV7008955288
/projects/caeg/data/production/LV30/0557/LV3005570344/20231208_AHTT52DSX5_LV7008955336, LV3005570344_LV7008955336
/projects/caeg/data/production/LV30/0557/LV3005570455/20240308_AH35NHDSX7_LV7008955427, LV3005570455_LV7008955427
/projects/caeg/data/production/LV30/0557/LV3005570500/20240318_AH3CMHDSX7_LV7008960900, LV3005570500_LV7008960900
/projects/caeg/data/production/LV30/0557/LV3005573882/20230414_BHMGMJDSX5_LV7001897155, LV3005573882_LV7001897155
/projects/caeg/data/production/LV30/0557/LV3005570171/20240318_AH3CMHDSX7_LV7008961019, LV3005570171_LV7008961019
/projects/caeg/data/production/LV30/0557/LV3005570481/20240308_AH35NHDSX7_LV7008957298, LV3005570481_LV7008957298
/projects/caeg/data/production/LV30/0557/LV3005573989/20231208_AHTT52DSX5_LV7008955350, LV3005573989_LV7008955350
/projects/caeg/data/production/LV30/0557/LV3005573057/20231208_AHTT52DSX5_LV7008955349, LV3005573057_LV7008955349
/projects/caeg/data/production/LV30/0557/LV3005570162/20240318_AH3CMHDSX7_LV7008961030, LV3005570162_LV7008961030
/projects/caeg/data/production/LV30/0557/LV3005570358/20240308_AH35NHDSX7_LV7008955329, LV3005570358_LV7008955329
/projects/caeg/data/production/LV30/0557/LV3005574125/20231208_AHTT52DSX5_LV7008955300, LV3005574125_LV7008955300
/projects/caeg/data/production/LV30/0557/LV3005570852/20231208_AHTT52DSX5_LV7008955339, LV3005570852_LV7008955339
/projects/caeg/data/production/LV30/0557/LV3005570476/20240308_AH35NHDSX7_LV7008955367, LV3005570476_LV7008955367
/projects/caeg/data/production/LV30/0557/LV3005570295/20240308_AH35NHDSX7_LV7009022398, LV3005570295_LV7009022398
/projects/caeg/data/production/LV30/0557/LV3005570504/20240318_AH3CMHDSX7_LV7008961017, LV3005570504_LV7008961017
/projects/caeg/data/production/LV30/0557/LV3005570375/20231208_AHTT52DSX5_LV7008955287, LV3005570375_LV7008955287
/projects/caeg/data/production/LV30/0557/LV3005570176/20240318_AH3CMHDSX7_LV7008961055, LV3005570176_LV7008961055
/projects/caeg/data/production/LV30/0557/LV3005570160/20240318_AH3CMHDSX7_LV7008961018, LV3005570160_LV7008961018
/projects/caeg/data/production/LV30/0557/LV3005571226/20231208_AHTT52DSX5_LV7008955295, LV3005571226_LV7008955295
/projects/caeg/data/production/LV30/0557/LV3005570493/20240318_AH3CMHDSX7_LV7008961029, LV3005570493_LV7008961029
/projects/caeg/data/production/LV30/0557/LV3005570471/20240308_AH35NHDSX7_LV7009024546, LV3005570471_LV7009024546
/projects/caeg/data/production/LV30/0557/LV3005573495/20231208_AHTT52DSX5_LV7008955326, LV3005573495_LV7008955326
/projects/caeg/data/production/LV30/0557/LV3005573872/20230414_BHMGMJDSX5_LV7001897394, LV3005573872_LV7001897394
/projects/caeg/data/production/LV30/0557/LV3005571466/20231208_AHTT52DSX5_LV7008955271, LV3005571466_LV7008955271
/projects/caeg/data/production/LV30/0557/LV3005570286/20240308_AH35NHDSX7_LV7008957648, LV3005570286_LV7008957648
/projects/caeg/data/production/LV30/0557/LV3005570506/20240318_AH3CMHDSX7_LV7008961054, LV3005570506_LV7008961054
/projects/caeg/data/production/LV30/0557/LV3005573185/20231208_AHTT52DSX5_LV7008955344, LV3005573185_LV7008955344
/projects/caeg/data/production/LV30/0557/LV3005573865/20230414_BHMGMJDSX5_LV7001891118, LV3005573865_LV7001891118
/projects/caeg/data/production/LV30/0557/LV3005570495/20240318_AH3CMHDSX7_LV7008961041, LV3005570495_LV7008961041
/projects/caeg/data/production/LV30/0557/LV3005570489/20240308_AH35NHDSX7_LV7009024524, LV3005570489_LV7009024524
/projects/caeg/data/production/LV30/0557/LV3005573878/20230414_BHMGMJDSX5_LV7001884449, LV3005573878_LV7001884449
/projects/caeg/data/production/LV30/0557/LV3005570449/20240308_AH35NHDSX7_LV7009027858, LV3005570449_LV7009027858
/projects/caeg/data/production/LV30/0557/LV3005570362/20240308_AH35NHDSX7_LV7009026144, LV3005570362_LV7009026144
/projects/caeg/data/production/LV30/0557/LV3005570721/20231208_AHTT52DSX5_LV7008955291, LV3005570721_LV7008955291
/projects/caeg/data/production/LV30/0557/LV3005570173/20240318_AH3CMHDSX7_LV7008961031, LV3005570173_LV7008961031
/projects/caeg/data/production/LV30/0588/LV3005889622/20240308_BH37YLDSX7_LV7008955477, LV3005889622_LV7008955477
/projects/caeg/data/production/LV30/0588/LV3005888844/20240308_AH35NHDSX7_LV7009024560, LV3005888844_LV7009024560
/projects/caeg/data/production/LV30/0588/LV3005888820/20240308_AH35NHDSX7_LV7009022748, LV3005888820_LV7009022748
/projects/caeg/data/production/LV30/0588/LV3005889690/20240308_BH37YLDSX7_LV7009023472, LV3005889690_LV7009023472
/projects/caeg/data/production/LV30/0588/LV3005889608/20240308_BH37YLDSX7_LV7009024582, LV3005889608_LV7009024582
/projects/caeg/data/production/LV30/0588/LV3005889634/20240308_BH37YLDSX7_LV7008955404, LV3005889634_LV7008955404
/projects/caeg/data/production/LV30/0588/LV3005888812/20240308_AH35NHDSX7_LV7008957290, LV3005888812_LV7008957290
/projects/caeg/data/production/LV30/0588/LV3005888826/20240308_AH35NHDSX7_LV7009022681, LV3005888826_LV7009022681
/projects/caeg/data/production/LV30/0588/LV3005889603/20240227_AH35MFDSX7_LV7008953921, LV3005889603_LV7008953921
/projects/caeg/data/production/LV30/0588/LV3005889637/20240308_BH37YLDSX7_LV7008957264, LV3005889637_LV7008957264
/projects/caeg/data/production/LV30/0588/LV3005889619/20240308_BH37YLDSX7_LV7008957214, LV3005889619_LV7008957214
/projects/caeg/data/production/LV30/0588/LV3005889600/20240227_AH35MFDSX7_LV7008956584, LV3005889600_LV7008956584
/projects/caeg/data/production/LV30/0588/LV3005889594/20240227_AH35MFDSX7_LV7008956524, LV3005889594_LV7008956524
/projects/caeg/data/production/LV30/0588/LV3005889692/20240308_BH37YLDSX7_LV7009023742, LV3005889692_LV7009023742
/projects/caeg/data/production/LV30/0588/LV3005889661/20240308_BH37YLDSX7_LV7009024101, LV3005889661_LV7009024101
/projects/caeg/data/production/LV30/0588/LV3005889617/20240308_BH37YLDSX7_LV7008955342, LV3005889617_LV7008955342
/projects/caeg/data/production/LV30/0588/LV3005888819/20240308_AH35NHDSX7_LV7008957218, LV3005888819_LV7008957218
/projects/caeg/data/production/LV30/0588/LV3005889653/20240308_BH37YLDSX7_LV7009027378, LV3005889653_LV7009027378
/projects/caeg/data/production/LV30/0588/LV3005889704/20240308_BH37YLDSX7_LV7009023741, LV3005889704_LV7009023741
/projects/caeg/data/production/LV30/0588/LV3005888808/20240308_AH35NHDSX7_LV7009021900, LV3005888808_LV7009021900
/projects/caeg/data/production/LV30/0588/LV3005889587/20240227_AH35MFDSX7_LV7008956548, LV3005889587_LV7008956548
/projects/caeg/data/production/LV30/0588/LV3005889581/20240227_AH35MFDSX7_LV7008953920, LV3005889581_LV7008953920
/projects/caeg/data/production/LV30/0588/LV3005889679/20240308_BH37YLDSX7_LV7009027557, LV3005889679_LV7009027557
/projects/caeg/data/production/LV30/0588/LV3005889693/20240308_BH37YLDSX7_LV7008957250, LV3005889693_LV7008957250
/projects/caeg/data/production/LV30/0588/LV3005888823/20240308_AH35NHDSX7_LV7009024081, LV3005888823_LV7009024081
/projects/caeg/data/production/LV30/0588/LV3005889601/20240308_BH37YLDSX7_LV7009021867, LV3005889601_LV7009021867
/projects/caeg/data/production/LV30/0588/LV3005889615/20240308_BH37YLDSX7_LV7009022697, LV3005889615_LV7009022697
/projects/caeg/data/production/LV30/0588/LV3005889598/20240227_AH35MFDSX7_LV7008956560, LV3005889598_LV7008956560
/projects/caeg/data/production/LV30/0588/LV3005889636/20240308_BH37YLDSX7_LV7008957682, LV3005889636_LV7008957682
/projects/caeg/data/production/LV30/0588/LV3005889666/20240308_BH37YLDSX7_LV7008955341, LV3005889666_LV7008955341
/projects/caeg/data/production/LV30/0588/LV3005889694/20240308_BH37YLDSX7_LV7009024078, LV3005889694_LV7009024078
/projects/caeg/data/production/LV30/0588/LV3005889583/20240227_AH35MFDSX7_LV7008956511, LV3005889583_LV7008956511
/projects/caeg/data/production/LV30/0588/LV3005889654/20240308_BH37YLDSX7_LV7008955401, LV3005889654_LV7008955401
/projects/caeg/data/production/LV30/0588/LV3005889706/20240308_BH37YLDSX7_LV7009024905, LV3005889706_LV7009024905
/projects/caeg/data/production/LV30/0588/LV3005889318/20231208_AHTT52DSX5_LV7008955276, LV3005889318_LV7008955276
/projects/caeg/data/production/LV30/0588/LV3005888828/20240308_AH35NHDSX7_LV7008957312, LV3005888828_LV7008957312
/projects/caeg/data/production/LV30/0588/LV3005889669/20240308_BH37YLDSX7_LV7008957578, LV3005889669_LV7008957578
/projects/caeg/data/production/LV30/0588/LV3005889589/20240227_AH35MFDSX7_LV7008956596, LV3005889589_LV7008956596
/projects/caeg/data/production/LV30/0588/LV3005889623/20240308_BH37YLDSX7_LV7008957237, LV3005889623_LV7008957237
/projects/caeg/data/production/LV30/0588/LV3005889648/20240308_BH37YLDSX7_LV7009022747, LV3005889648_LV7009022747
/projects/caeg/data/production/LV30/0588/LV3005889691/20240308_BH37YLDSX7_LV7009027308, LV3005889691_LV7009027308
/projects/caeg/data/production/LV30/0588/LV3005889665/20240308_BH37YLDSX7_LV7009024548, LV3005889665_LV7009024548
/projects/caeg/data/production/LV30/0588/LV3005889625/20240308_BH37YLDSX7_LV7008957577, LV3005889625_LV7008957577
/projects/caeg/data/production/LV30/0588/LV3005889695/20240308_BH37YLDSX7_LV7008955405, LV3005889695_LV7008955405
/projects/caeg/data/production/LV30/0588/LV3005889682/20240308_BH37YLDSX7_LV7008957263, LV3005889682_LV7008957263
/projects/caeg/data/production/LV30/0588/LV3005889649/20240308_BH37YLDSX7_LV7009022434, LV3005889649_LV7009022434
/projects/caeg/data/production/LV30/0588/LV3005888832/20240308_AH35NHDSX7_LV7009027343, LV3005888832_LV7009027343
/projects/caeg/data/production/LV30/0588/LV3005889312/20231208_AHTT52DSX5_LV7008955264, LV3005889312_LV7008955264
/projects/caeg/data/production/LV30/0588/LV3005889677/20240308_BH37YLDSX7_LV7009024858, LV3005889677_LV7009024858
/projects/caeg/data/production/LV30/0588/LV3005889651/20240308_BH37YLDSX7_LV7009024140, LV3005889651_LV7009024140
/projects/caeg/data/production/LV30/0588/LV3005889638/20240308_BH37YLDSX7_LV7008957230, LV3005889638_LV7008957230
/projects/caeg/data/production/LV30/0588/LV3005889611/20240308_BH37YLDSX7_LV7008957313, LV3005889611_LV7008957313
/projects/caeg/data/production/LV30/0588/LV3005888831/20240308_AH35NHDSX7_LV7009024269, LV3005888831_LV7009024269
/projects/caeg/data/production/LV30/0588/LV3005888818/20240308_AH35NHDSX7_LV7008957585, LV3005888818_LV7008957585
/projects/caeg/data/production/LV30/0588/LV3005889575/20240227_AH35MFDSX7_LV7008956547, LV3005889575_LV7008956547
/projects/caeg/data/production/LV30/0588/LV3005889680/20240308_BH37YLDSX7_LV7009022396, LV3005889680_LV7009022396
/projects/caeg/data/production/LV30/0588/LV3005889678/20240308_BH37YLDSX7_LV7008955464, LV3005889678_LV7008955464
/projects/caeg/data/production/LV30/0588/LV3005889675/20240308_BH37YLDSX7_LV7009024177, LV3005889675_LV7009024177
/projects/caeg/data/production/LV30/0588/LV3005889656/20240308_BH37YLDSX7_LV7009024233, LV3005889656_LV7009024233
/projects/caeg/data/production/LV30/0588/LV3005889613/20240308_BH37YLDSX7_LV7008957000, LV3005889613_LV7008957000
/projects/caeg/data/production/LV30/0588/LV3005889663/20240308_BH37YLDSX7_LV7009022400, LV3005889663_LV7009022400
/projects/caeg/data/production/LV30/0588/LV3005889667/20240308_BH37YLDSX7_LV7008957242, LV3005889667_LV7008957242
/projects/caeg/data/production/LV30/0588/LV3005889705/20240308_BH37YLDSX7_LV7009026147, LV3005889705_LV7009026147
/projects/caeg/data/production/LV30/0588/LV3005888822/20240308_AH35NHDSX7_LV7009024518, LV3005888822_LV7009024518
/projects/caeg/data/production/LV30/0588/LV3005889640/20240308_BH37YLDSX7_LV7009024874, LV3005889640_LV7009024874
/projects/caeg/data/production/LV30/0588/LV3005888814/20240308_AH35NHDSX7_LV7008955439, LV3005888814_LV7008955439
/projects/caeg/data/production/LV30/0588/LV3005889707/20240308_BH37YLDSX7_LV7009027847, LV3005889707_LV7009027847
/projects/caeg/data/production/LV30/0588/LV3005889703/20240308_BH37YLDSX7_LV7008957309, LV3005889703_LV7008957309
/projects/caeg/data/production/LV30/0588/LV3005888817/20240308_AH35NHDSX7_LV3003056319, LV3005888817_LV3003056319
/projects/caeg/data/production/LV30/0588/LV3005889606/20240227_AH35MFDSX7_LV7008956512, LV3005889606_LV7008956512
/projects/caeg/data/production/LV30/0588/LV3005889639/20240308_BH37YLDSX7_LV7009027894, LV3005889639_LV7009027894
/projects/caeg/data/production/LV30/0588/LV3005889708/20240308_BH37YLDSX7_LV7008957626, LV3005889708_LV7008957626
/projects/caeg/data/production/LV30/0588/LV3005889585/20240227_AH35MFDSX7_LV7008956523, LV3005889585_LV7008956523
/projects/caeg/data/production/LV30/0535/LV3005350880/20240229_BH32VNDSX7_LV7008960509, LV3005350880_LV7008960509
/projects/caeg/data/production/LV30/0535/LV3005351469/20240223_BH35TKDSX7_LV7008956317, LV3005351469_LV7008956317
/projects/caeg/data/production/LV30/0535/LV3005351448/20240223_AH3CFNDSX7_LV7008956391, LV3005351448_LV7008956391
/projects/caeg/data/production/LV30/0535/LV3005350867/20240229_BH32VNDSX7_LV7008960521, LV3005350867_LV7008960521
/projects/caeg/data/production/LV30/0535/LV3005350824/20240229_BH32VNDSX7_LV7008960510, LV3005350824_LV7008960510
/projects/caeg/data/production/LV30/0535/LV3005350882/20240229_BH32VNDSX7_LV7008960461, LV3005350882_LV7008960461
/projects/caeg/data/production/LV30/0535/LV3005351494/20240223_BH35TKDSX7_LV7008956364, LV3005351494_LV7008956364
/projects/caeg/data/production/LV30/0535/LV3005350862/20240229_BH32VNDSX7_LV7008960497, LV3005350862_LV7008960497
/projects/caeg/data/production/LV30/0535/LV3005351501/20240223_BH35TKDSX7_LV7008956400, LV3005351501_LV7008956400
/projects/caeg/data/production/LV30/0535/LV3005350869/20240229_BH32VNDSX7_LV7008960473, LV3005350869_LV7008960473
/projects/caeg/data/production/LV30/0535/LV3005351509/20240223_BH35TKDSX7_LV7008956316, LV3005351509_LV7008956316
/projects/caeg/data/production/LV30/0535/LV3005351485/20240223_BH35TKDSX7_LV7008956378, LV3005351485_LV7008956378
/projects/caeg/data/production/LV30/0535/LV3005350781/20240229_BH32VNDSX7_LV7008960487, LV3005350781_LV7008960487
/projects/caeg/data/production/LV30/0535/LV3005351152/20240229_BH32VNDSX7_LV7008960496, LV3005351152_LV7008960496
/projects/caeg/data/production/LV30/0535/LV3005350877/20240229_BH32VNDSX7_LV7008960484, LV3005350877_LV7008960484
/projects/caeg/data/production/LV30/0535/LV3005350784/20240229_BH32VNDSX7_LV7008960512, LV3005350784_LV7008960512
/projects/caeg/data/production/LV30/0535/LV3005350808/20240229_BH32VNDSX7_LV7008957410, LV3005350808_LV7008957410
/projects/caeg/data/production/LV30/0535/LV3005351434/20240223_AH3CFNDSX7_LV7008956404, LV3005351434_LV7008956404
/projects/caeg/data/production/LV30/0535/LV3005351142/20240229_BH32VNDSX7_LV7008960520, LV3005351142_LV7008960520
/projects/caeg/data/production/LV30/0535/LV3005350773/20240229_BH32VNDSX7_LV7008960475, LV3005350773_LV7008960475
/projects/caeg/data/production/LV30/0535/LV3005350800/20240229_BH32VNDSX7_LV7008960511, LV3005350800_LV7008960511
/projects/caeg/data/production/LV30/0535/LV3005351436/20240223_AH3CFNDSX7_LV7008956428, LV3005351436_LV7008956428
/projects/caeg/data/production/LV30/0535/LV3005351486/20240223_BH35TKDSX7_LV7008956402, LV3005351486_LV7008956402
/projects/caeg/data/production/LV30/0535/LV3005350866/20240229_BH32VNDSX7_LV7008960448, LV3005350866_LV7008960448
/projects/caeg/data/production/LV30/0535/LV3005350770/20240229_BH32VNDSX7_LV7008960500, LV3005350770_LV7008960500
/projects/caeg/data/production/LV30/0535/LV3005350788/20240229_BH32VNDSX7_LV7008960463, LV3005350788_LV7008960463
/projects/caeg/data/production/LV30/0535/LV3005351508/20240223_BH35TKDSX7_LV7008956388, LV3005351508_LV7008956388
/projects/caeg/data/production/LV30/0535/LV3005351459/20240223_BH35TKDSX7_LV7008956366, LV3005351459_LV7008956366
/projects/caeg/data/production/LV30/0535/LV3005351039/20231208_AHTT52DSX5_LV7008955333, LV3005351039_LV7008955333
/projects/caeg/data/production/LV30/0535/LV3005351495/20240223_BH35TKDSX7_LV7008956376, LV3005351495_LV7008956376
/projects/caeg/data/production/LV30/0535/LV3005351385/20231208_AHTT52DSX5_LV7008955272, LV3005351385_LV7008955272
/projects/caeg/data/production/LV30/0535/LV3005351154/20240229_BH32VNDSX7_LV7008960447, LV3005351154_LV7008960447
/projects/caeg/data/production/LV30/0535/LV3005351493/20240223_BH35TKDSX7_LV7008956328, LV3005351493_LV7008956328
/projects/caeg/data/production/LV30/0535/LV3005351460/20240223_BH35TKDSX7_LV7008956354, LV3005351460_LV7008956354
/projects/caeg/data/production/LV30/0535/LV3005350804/20240229_BH32VNDSX7_LV7008960474, LV3005350804_LV7008960474
/projects/caeg/data/production/LV30/0535/LV3005351159/20240229_BH32VNDSX7_LV7008960508, LV3005351159_LV7008960508
/projects/caeg/data/production/LV30/0535/LV3005351479/20240223_BH35TKDSX7_LV7008956377, LV3005351479_LV7008956377
/projects/caeg/data/production/LV30/0535/LV3005351496/20240223_BH35TKDSX7_LV7008956352, LV3005351496_LV7008956352
/projects/caeg/data/production/LV30/0535/LV3005351440/20240223_AH3CFNDSX7_LV7008956331, LV3005351440_LV7008956331
/projects/caeg/data/production/LV30/0535/LV3005350267/20231208_AHTT52DSX5_LV7008955260, LV3005350267_LV7008955260
/projects/caeg/data/production/LV30/0535/LV3005351432/20240223_AH3CFNDSX7_LV7008956392, LV3005351432_LV7008956392
/projects/caeg/data/production/LV30/0535/LV3005350796/20240229_BH32VNDSX7_LV7008960535, LV3005350796_LV7008960535
/projects/caeg/data/production/LV30/0535/LV3005350879/20240229_BH32VNDSX7_LV7008960533, LV3005350879_LV7008960533
/projects/caeg/data/production/LV30/0535/LV3005351439/20240223_AH3CFNDSX7_LV7008956355, LV3005351439_LV7008956355
/projects/caeg/data/production/LV30/0535/LV3005351490/20240223_BH35TKDSX7_LV7008956365, LV3005351490_LV7008956365
/projects/caeg/data/production/LV30/0535/LV3005351456/20240223_BH35TKDSX7_LV7008956390, LV3005351456_LV7008956390
/projects/caeg/data/production/LV30/0535/LV3005350797/20240229_BH32VNDSX7_LV7008960462, LV3005350797_LV7008960462
/projects/caeg/data/production/LV30/0535/LV3005351491/20240223_BH35TKDSX7_LV7008956401, LV3005351491_LV7008956401
/projects/caeg/data/production/LV30/0535/LV3005351478/20240223_BH35TKDSX7_LV7008956389, LV3005351478_LV7008956389
/projects/caeg/data/production/LV30/0535/LV3005351457/20240223_BH35TKDSX7_LV7008956426, LV3005351457_LV7008956426
/projects/caeg/data/production/LV30/0535/LV3005350771/20240229_BH32VNDSX7_LV7008960451, LV3005350771_LV7008960451
/projects/caeg/data/production/LV30/0535/LV3005351447/20240223_AH3CFNDSX7_LV7008956367, LV3005351447_LV7008956367
/projects/caeg/data/production/LV30/0535/LV3005350799/20240229_BH32VNDSX7_LV7008960534, LV3005350799_LV7008960534
/projects/caeg/data/production/LV30/0535/LV3005351350/20231208_AHTT52DSX5_LV7008955274, LV3005351350_LV7008955274
/projects/caeg/data/production/LV30/0535/LV3005351454/20240223_AH3CFNDSX7_LV7008956379, LV3005351454_LV7008956379
/projects/caeg/data/production/LV30/0535/LV3005351497/20240223_BH35TKDSX7_LV7008956425, LV3005351497_LV7008956425
/projects/caeg/data/production/LV30/0535/LV3005350810/20240229_BH32VNDSX7_LV7008960486, LV3005350810_LV7008960486
/projects/caeg/data/production/LV30/0535/LV3005350868/20240229_BH32VNDSX7_LV7008960485, LV3005350868_LV7008960485
/projects/caeg/data/production/LV30/0535/LV3005350807/20240229_BH32VNDSX7_LV7008960499, LV3005350807_LV7008960499
/projects/caeg/data/production/LV30/0535/LV3005351488/20240223_BH35TKDSX7_LV7008956329, LV3005351488_LV7008956329
/projects/caeg/data/production/LV30/0535/LV3005350870/20240229_BH32VNDSX7_LV7008960449, LV3005350870_LV7008960449
/projects/caeg/data/production/LV30/0535/LV3005350676/20231208_AHTT52DSX5_LV7008955345, LV3005350676_LV7008955345
/projects/caeg/data/production/LV30/0535/LV3005350805/20240229_BH32VNDSX7_LV7008960498, LV3005350805_LV7008960498
/projects/caeg/data/production/LV30/0535/LV3005351451/20240223_BH35TKDSX7_LV7008953901, LV3005351451_LV7008953901
/projects/caeg/data/production/LV30/0535/LV3005350543/20231208_AHTT52DSX5_LV7008955369, LV3005350543_LV7008955369
/projects/caeg/data/production/LV30/0535/LV3005351138/20240229_BH32VNDSX7_LV7008957409, LV3005351138_LV7008957409
/projects/caeg/data/production/LV30/0535/LV3005350865/20240229_BH32VNDSX7_LV7008960472, LV3005350865_LV7008960472
/projects/caeg/data/production/LV30/0535/LV3005351443/20240223_AH3CFNDSX7_LV7008953902, LV3005351443_LV7008953902
/projects/caeg/data/production/LV30/0535/LV3005351461/20240223_BH35TKDSX7_LV7008956353, LV3005351461_LV7008956353
/projects/caeg/data/production/LV30/0535/LV3005350792/20240229_BH32VNDSX7_LV7008960524, LV3005350792_LV7008960524
/projects/caeg/data/production/LV30/0535/LV3005350878/20240229_BH32VNDSX7_LV7008960460, LV3005350878_LV7008960460
/projects/caeg/data/production/LV30/0535/LV3005350809/20240229_BH32VNDSX7_LV7008960450, LV3005350809_LV7008960450
/projects/caeg/data/production/LV30/0535/LV3005350786/20240229_BH32VNDSX7_LV7008960536, LV3005350786_LV7008960536
/projects/caeg/data/production/LV30/0535/LV3005350812/20240229_BH32VNDSX7_LV7008960522, LV3005350812_LV7008960522
/projects/caeg/data/production/LV30/0534/LV3005348804/20240318_AH3CMHDSX7_LV7008961022, LV3005348804_LV7008961022
/projects/caeg/data/production/LV30/0534/LV3005349033/20240311_AH3C2VDSX7_LV7008961004, LV3005349033_LV7008961004
/projects/caeg/data/production/LV30/0534/LV3005349031/20240311_AH3C2VDSX7_LV7008961003, LV3005349031_LV7008961003
/projects/caeg/data/production/LV30/0534/LV3005348857/20240318_AH3CMHDSX7_LV7008961032, LV3005348857_LV7008961032
/projects/caeg/data/production/LV30/0534/LV3005348849/20240311_AH3C2VDSX7_LV7008961060, LV3005348849_LV7008961060
/projects/caeg/data/production/LV30/0534/LV3005348832/20240311_AH3C2VDSX7_LV7008961000, LV3005348832_LV7008961000
/projects/caeg/data/production/LV30/0534/LV3005348816/20240318_AH3CMHDSX7_LV7008961070, LV3005348816_LV7008961070
/projects/caeg/data/production/LV30/0534/LV3005348817/20240318_AH3CMHDSX7_LV7008961009, LV3005348817_LV7008961009
/projects/caeg/data/production/LV30/0534/LV3005349063/20240318_BH3C37DSX7_LV7008960442, LV3005349063_LV7008960442
/projects/caeg/data/production/LV30/0534/LV3005349032/20240311_AH3C2VDSX7_LV7008959573, LV3005349032_LV7008959573
/projects/caeg/data/production/LV30/0534/LV3005349067/20240318_BH3C37DSX7_LV7008960516, LV3005349067_LV7008960516
/projects/caeg/data/production/LV30/0534/LV3005349017/20240311_AH3C2VDSX7_LV7008959575, LV3005349017_LV7008959575
/projects/caeg/data/production/LV30/0534/LV3005349019/20240311_AH3C2VDSX7_LV7008961064, LV3005349019_LV7008961064
/projects/caeg/data/production/LV30/0534/LV3005349060/20240318_BH3C37DSX7_LV7008960514, LV3005349060_LV7008960514
/projects/caeg/data/production/LV30/0534/LV3005349040/20240318_BH3C37DSX7_LV7008960466, LV3005349040_LV7008960466
/projects/caeg/data/production/LV30/0534/LV3005349050/20240318_BH3C37DSX7_LV7008960441, LV3005349050_LV7008960441
/projects/caeg/data/production/LV30/0534/LV3005349057/20240318_BH3C37DSX7_LV7008960477, LV3005349057_LV7008960477
/projects/caeg/data/production/LV30/0534/LV3005348868/20240318_AH3CMHDSX7_LV7008961008, LV3005348868_LV7008961008
/projects/caeg/data/production/LV30/0534/LV3005348829/20240311_AH3C2VDSX7_LV7008961072, LV3005348829_LV7008961072
/projects/caeg/data/production/LV30/0534/LV3005348851/20240311_AH3C2VDSX7_LV7008961011, LV3005348851_LV7008961011
/projects/caeg/data/production/LV30/0534/LV3005349281/20240311_AH3C2VDSX7_LV7008961061, LV3005349281_LV7008961061
/projects/caeg/data/production/LV30/0534/LV3005349290/20240311_AH3C2VDSX7_LV7008961049, LV3005349290_LV7008961049
/projects/caeg/data/production/LV30/0534/LV3005349056/20240318_BH3C37DSX7_LV7008960465, LV3005349056_LV7008960465
/projects/caeg/data/production/LV30/0534/LV3005349047/20240318_BH3C37DSX7_LV7008960478, LV3005349047_LV7008960478
/projects/caeg/data/production/LV30/0534/LV3005348795/20240318_AH3CMHDSX7_LV7008961058, LV3005348795_LV7008961058
/projects/caeg/data/production/LV30/0534/LV3005349043/20240318_BH3C37DSX7_LV7008960502, LV3005349043_LV7008960502
/projects/caeg/data/production/LV30/0534/LV3005348845/20240311_AH3C2VDSX7_LV7008961023, LV3005348845_LV7008961023
/projects/caeg/data/production/LV30/0534/LV3005349744/20231208_AHTT52DSX5_LV7008955296, LV3005349744_LV7008955296
/projects/caeg/data/production/LV30/0534/LV3005348815/20240318_AH3CMHDSX7_LV7008961046, LV3005348815_LV7008961046
/projects/caeg/data/production/LV30/0534/LV3005349065/20240318_BH3C37DSX7_LV7008960504, LV3005349065_LV7008960504
/projects/caeg/data/production/LV30/0534/LV3005349046/20240318_BH3C37DSX7_LV7008960454, LV3005349046_LV7008960454
/projects/caeg/data/production/LV30/0534/LV3005349026/20240311_AH3C2VDSX7_LV7008961088, LV3005349026_LV7008961088
/projects/caeg/data/production/LV30/0534/LV3005348831/20240311_AH3C2VDSX7_LV7008961035, LV3005348831_LV7008961035
/projects/caeg/data/production/LV30/0534/LV3005349341/20240318_AH3CMHDSX7_LV7008961021, LV3005349341_LV7008961021
/projects/caeg/data/production/LV30/0534/LV3005349029/20240311_AH3C2VDSX7_LV7008961040, LV3005349029_LV7008961040
/projects/caeg/data/production/LV30/0534/LV3005348874/20240318_AH3CMHDSX7_LV7008960996, LV3005348874_LV7008960996
/projects/caeg/data/production/LV30/0534/LV3005348867/20240318_AH3CMHDSX7_LV7008961057, LV3005348867_LV7008961057
/projects/caeg/data/production/LV30/0534/LV3005349076/20240318_BH3C37DSX7_LV7008960527, LV3005349076_LV7008960527
/projects/caeg/data/production/LV30/0534/LV3005349084/20240318_BH3C37DSX7_LV7008960492, LV3005349084_LV7008960492
/projects/caeg/data/production/LV30/0534/LV3005349051/20240318_BH3C37DSX7_LV7008960453, LV3005349051_LV7008960453
/projects/caeg/data/production/LV30/0534/LV3005348863/20240318_AH3CMHDSX7_LV7008961045, LV3005348863_LV7008961045
/projects/caeg/data/production/LV30/0534/LV3005348837/20240311_AH3C2VDSX7_LV7008961089, LV3005348837_LV7008961089
/projects/caeg/data/production/LV30/0534/LV3005349082/20240318_BH3C37DSX7_LV7008960479, LV3005349082_LV7008960479
/projects/caeg/data/production/LV30/0534/LV3005349028/20240311_AH3C2VDSX7_LV7008961016, LV3005349028_LV7008961016
/projects/caeg/data/production/LV30/0534/LV3005348796/20240318_AH3CMHDSX7_LV7008961082, LV3005348796_LV7008961082
/projects/caeg/data/production/LV30/0534/LV3005349276/20240311_AH3C2VDSX7_LV7008961085, LV3005349276_LV7008961085
/projects/caeg/data/production/LV30/0534/LV3005349287/20240311_AH3C2VDSX7_LV7008961037, LV3005349287_LV7008961037
/projects/caeg/data/production/LV30/0534/LV3005349282/20240311_AH3C2VDSX7_LV7008961073, LV3005349282_LV7008961073
/projects/caeg/data/production/LV30/0534/LV3005348873/20240318_AH3CMHDSX7_LV7008961044, LV3005348873_LV7008961044
/projects/caeg/data/production/LV30/0534/LV3005349083/20240318_BH3C37DSX7_LV7008960515, LV3005349083_LV7008960515
/projects/caeg/data/production/LV30/0534/LV3005348813/20240318_AH3CMHDSX7_LV7008960998, LV3005348813_LV7008960998
/projects/caeg/data/production/LV30/0534/LV3005349020/20240311_AH3C2VDSX7_LV7008961076, LV3005349020_LV7008961076
/projects/caeg/data/production/LV30/0534/LV3005348790/20240311_AH3C2VDSX7_LV7008961059, LV3005348790_LV7008961059
/projects/caeg/data/production/LV30/0534/LV3005348834/20240311_AH3C2VDSX7_LV7008961048, LV3005348834_LV7008961048
/projects/caeg/data/production/LV30/0534/LV3005349016/20240318_BH3C37DSX7_LV7008960489, LV3005349016_LV7008960489
/projects/caeg/data/production/LV30/0534/LV3005349240/20231208_AHTT52DSX5_LV7008955278, LV3005349240_LV7008955278
/projects/caeg/data/production/LV30/0534/LV3005348895/20240318_AH3CMHDSX7_LV7008961069, LV3005348895_LV7008961069
/projects/caeg/data/production/LV30/0534/LV3005348792/20240318_AH3CMHDSX7_LV7008961010, LV3005348792_LV7008961010
/projects/caeg/data/production/LV30/0534/LV3005348825/20240318_AH3CMHDSX7_LV7008960901, LV3005348825_LV7008960901
/projects/caeg/data/production/LV30/0534/LV3005349077/20240318_BH3C37DSX7_LV7008960491, LV3005349077_LV7008960491
/projects/caeg/data/production/LV30/0534/LV3005348827/20240311_AH3C2VDSX7_LV7008961036, LV3005348827_LV7008961036
/projects/caeg/data/production/LV30/0534/LV3005348840/20240311_AH3C2VDSX7_LV7008961024, LV3005348840_LV7008961024
/projects/caeg/data/production/LV30/0534/LV3005349035/20240311_AH3C2VDSX7_LV7008961052, LV3005349035_LV7008961052
/projects/caeg/data/production/LV30/0534/LV3005348812/20240311_AH3C2VDSX7_LV7008961047, LV3005348812_LV7008961047
/projects/caeg/data/production/LV30/0534/LV3005349088/20240318_BH3C37DSX7_LV7008960503, LV3005349088_LV7008960503
/projects/caeg/data/production/LV30/0534/LV3005348484/20231208_AHTT52DSX5_LV7008955321, LV3005348484_LV7008955321
/projects/caeg/data/production/LV30/0534/LV3005348846/20240311_AH3C2VDSX7_LV7008961012, LV3005348846_LV7008961012
/projects/caeg/data/production/LV30/0534/LV3005349324/20240318_AH3CMHDSX7_LV7008961033, LV3005349324_LV7008961033
/projects/caeg/data/production/LV30/0534/LV3005349075/20240318_BH3C37DSX7_LV7008957416, LV3005349075_LV7008957416
/projects/caeg/data/production/LV30/0534/LV3005349021/20240318_BH3C37DSX7_LV7008960501, LV3005349021_LV7008960501
/projects/caeg/data/production/LV30/0534/LV3005349053/20240318_BH3C37DSX7_LV7008960490, LV3005349053_LV7008960490
/projects/caeg/data/production/LV30/0534/LV3005349293/20240311_AH3C2VDSX7_LV7008961025, LV3005349293_LV7008961025
/projects/caeg/data/production/LV30/0534/LV3005348890/20240318_AH3CMHDSX7_LV7008961020, LV3005348890_LV7008961020
/projects/caeg/data/production/LV30/0534/LV3005348794/20240318_AH3CMHDSX7_LV7008961034, LV3005348794_LV7008961034
/projects/caeg/data/production/LV30/0534/LV3005348835/20240311_AH3C2VDSX7_LV7008959574, LV3005348835_LV7008959574
/projects/caeg/data/production/LV30/0534/LV3005348864/20240318_AH3CMHDSX7_LV7008961081, LV3005348864_LV7008961081
/projects/caeg/data/production/LV30/0534/LV3005349369/20231208_AHTT52DSX5_LV7008955319, LV3005349369_LV7008955319
/projects/caeg/data/production/LV30/0527/LV3005275485/20240223_AH3CFNDSX7_LV7008956394, LV3005275485_LV7008956394
/projects/caeg/data/production/LV30/0527/LV3005274765/20240229_BH32VNDSX7_LV7008960459, LV3005274765_LV7008960459
/projects/caeg/data/production/LV30/0527/LV3005275466/20240223_AH3CFNDSX7_LV7008956407, LV3005275466_LV7008956407
/projects/caeg/data/production/LV30/0527/LV3005274023/20240311_AH3C2VDSX7_LV7008961086, LV3005274023_LV7008961086
/projects/caeg/data/production/LV30/0527/LV3005273002/20240311_AH3C2VDSX7_LV7008961014, LV3005273002_LV7008961014
/projects/caeg/data/production/LV30/0527/LV3005274875/20240318_BH3C37DSX7_LV7008960505, LV3005274875_LV7008960505
/projects/caeg/data/production/LV30/0527/LV3005273019/20240311_AH3C2VDSX7_LV7008961002, LV3005273019_LV7008961002
/projects/caeg/data/production/LV30/0527/LV3005274858/20240318_BH3C37DSX7_LV7008960468, LV3005274858_LV7008960468
/projects/caeg/data/production/LV30/0527/LV3005275497/20240223_AH3CFNDSX7_LV7008956324, LV3005275497_LV7008956324
/projects/caeg/data/production/LV30/0527/LV3005275498/20240223_AH3CFNDSX7_LV7008956323, LV3005275498_LV7008956323
/projects/caeg/data/production/LV30/0527/LV3005273032/20240311_AH3C2VDSX7_LV7008961051, LV3005273032_LV7008961051
/projects/caeg/data/production/LV30/0527/LV3005274873/20240318_BH3C37DSX7_LV7008960529, LV3005274873_LV7008960529
/projects/caeg/data/production/LV30/0527/LV3005275474/20240223_AH3CFNDSX7_LV7008956431, LV3005275474_LV7008956431
/projects/caeg/data/production/LV30/0527/LV3005275479/20240223_AH3CFNDSX7_LV7008956382, LV3005275479_LV7008956382
/projects/caeg/data/production/LV30/0527/LV3005275480/20240223_AH3CFNDSX7_LV7008956322, LV3005275480_LV7008956322
/projects/caeg/data/production/LV30/0527/LV3005274859/20240318_BH3C37DSX7_LV7008960517, LV3005274859_LV7008960517
/projects/caeg/data/production/LV30/0527/LV3005273889/20231208_AHTT52DSX5_LV7008955370, LV3005273889_LV7008955370
/projects/caeg/data/production/LV30/0527/LV3005274144/20231208_AHTT52DSX5_LV7008955352, LV3005274144_LV7008955352
/projects/caeg/data/production/LV30/0527/LV3005274892/20240318_BH3C37DSX7_LV7008960446, LV3005274892_LV7008960446
/projects/caeg/data/production/LV30/0527/LV3005275425/20240223_AH3CFNDSX7_LV7008956380, LV3005275425_LV7008956380
/projects/caeg/data/production/LV30/0527/LV3005275450/20240223_AH3CFNDSX7_LV7008956320, LV3005275450_LV7008956320
/projects/caeg/data/production/LV30/0527/LV3005274896/20240318_BH3C37DSX7_LV7008960518, LV3005274896_LV7008960518
/projects/caeg/data/production/LV30/0527/LV3005274862/20240318_BH3C37DSX7_LV7008960445, LV3005274862_LV7008960445
/projects/caeg/data/production/LV30/0527/LV3005275456/20240223_AH3CFNDSX7_LV7008956429, LV3005275456_LV7008956429
/projects/caeg/data/production/LV30/0527/LV3005275437/20240223_AH3CFNDSX7_LV7008956356, LV3005275437_LV7008956356
/projects/caeg/data/production/LV30/0527/LV3005275506/20240223_AH3CFNDSX7_LV7008956360, LV3005275506_LV7008956360
/projects/caeg/data/production/LV30/0527/LV3005275462/20240223_AH3CFNDSX7_LV7008956430, LV3005275462_LV7008956430
/projects/caeg/data/production/LV30/0527/LV3005275490/20240223_AH3CFNDSX7_LV7008956334, LV3005275490_LV7008956334
/projects/caeg/data/production/LV30/0527/LV3005273014/20240311_AH3C2VDSX7_LV7008961087, LV3005273014_LV7008961087
/projects/caeg/data/production/LV30/0527/LV3005276309/20240318_AH3CMHDSX7_LV7008961068, LV3005276309_LV7008961068
/projects/caeg/data/production/LV30/0527/LV3005273006/20240311_AH3C2VDSX7_LV7008961027, LV3005273006_LV7008961027
/projects/caeg/data/production/LV30/0527/LV3005275516/20240223_AH3CFNDSX7_LV7008956335, LV3005275516_LV7008956335
/projects/caeg/data/production/LV30/0527/LV3005274022/20240311_AH3C2VDSX7_LV7008961074, LV3005274022_LV7008961074
/projects/caeg/data/production/LV30/0527/LV3005273029/20240311_AH3C2VDSX7_LV7008961026, LV3005273029_LV7008961026
/projects/caeg/data/production/LV30/0527/LV3005275107/20231208_AHTT52DSX5_LV7008955335, LV3005275107_LV7008955335
/projects/caeg/data/production/LV30/0527/LV3005272947/20231208_AHTT52DSX5_LV7008955280, LV3005272947_LV7008955280
/projects/caeg/data/production/LV30/0527/LV3005275483/20240223_AH3CFNDSX7_LV7008953924, LV3005275483_LV7008953924
/projects/caeg/data/production/LV30/0527/LV3005274006/20240311_AH3C2VDSX7_LV7008961050, LV3005274006_LV7008961050
/projects/caeg/data/production/LV30/0527/LV3005275511/20240223_AH3CFNDSX7_LV7008956408, LV3005275511_LV7008956408
/projects/caeg/data/production/LV30/0527/LV3005275504/20240223_AH3CFNDSX7_LV7008956384, LV3005275504_LV7008956384
/projects/caeg/data/production/LV30/0527/LV3005273012/20240311_AH3C2VDSX7_LV7008961038, LV3005273012_LV7008961038
/projects/caeg/data/production/LV30/0527/LV3005275419/20240223_AH3CFNDSX7_LV7008956368, LV3005275419_LV7008956368
/projects/caeg/data/production/LV30/0527/LV3005275477/20240223_AH3CFNDSX7_LV7008956383, LV3005275477_LV7008956383
/projects/caeg/data/production/LV30/0527/LV3005274179/20231208_AHTT52DSX5_LV7008955299, LV3005274179_LV7008955299
/projects/caeg/data/production/LV30/0527/LV3005275441/20240223_AH3CFNDSX7_LV7008956381, LV3005275441_LV7008956381
/projects/caeg/data/production/LV30/0527/LV3005274889/20240318_BH3C37DSX7_LV7008960530, LV3005274889_LV7008960530
/projects/caeg/data/production/LV30/0527/LV3005275470/20240223_AH3CFNDSX7_LV7008956359, LV3005275470_LV7008956359
/projects/caeg/data/production/LV30/0527/LV3005274922/20231208_AHTT52DSX5_LV7008955334, LV3005274922_LV7008955334
/projects/caeg/data/production/LV30/0527/LV3005276357/20231208_AHTT52DSX5_LV7008955273, LV3005276357_LV7008955273
/projects/caeg/data/production/LV30/0527/LV3005275449/20240223_AH3CFNDSX7_LV7008956405, LV3005275449_LV7008956405
/projects/caeg/data/production/LV30/0527/LV3005275446/20240223_AH3CFNDSX7_LV7008956369, LV3005275446_LV7008956369
/projects/caeg/data/production/LV30/0527/LV3005272654/20231208_AHTT52DSX5_LV7008955302, LV3005272654_LV7008955302
/projects/caeg/data/production/LV30/0527/LV3005275519/20240223_AH3CFNDSX7_LV7008956336, LV3005275519_LV7008956336
/projects/caeg/data/production/LV30/0527/LV3005274906/20240318_BH3C37DSX7_LV7008960482, LV3005274906_LV7008960482
/projects/caeg/data/production/LV30/0527/LV3005273248/20230414_BHMGMJDSX5_LV7001903371, LV3005273248_LV7001903371
/projects/caeg/data/production/LV30/0527/LV3005274908/20240229_BH32VNDSX7_LV7008960507, LV3005274908_LV7008960507
/projects/caeg/data/production/LV30/0527/LV3005275478/20240223_AH3CFNDSX7_LV7008956371, LV3005275478_LV7008956371
/projects/caeg/data/production/LV30/0527/LV3005273031/20240311_AH3C2VDSX7_LV7008961075, LV3005273031_LV7008961075
/projects/caeg/data/production/LV30/0527/LV3005274025/20240311_AH3C2VDSX7_LV7008961013, LV3005274025_LV7008961013
/projects/caeg/data/production/LV30/0527/LV3005276355/20231208_AHTT52DSX5_LV7008955285, LV3005276355_LV7008955285
/projects/caeg/data/production/LV30/0527/LV3005274125/20231208_AHTT52DSX5_LV7008955376, LV3005274125_LV7008955376
/projects/caeg/data/production/LV30/0527/LV3005275447/20240223_AH3CFNDSX7_LV7008956357, LV3005275447_LV7008956357
/projects/caeg/data/production/LV30/0527/LV3005273615/20231208_AHTT52DSX5_LV7008955322, LV3005273615_LV7008955322
/projects/caeg/data/production/LV30/0527/LV3005273834/20231208_AHTT52DSX5_LV7008955298, LV3005273834_LV7008955298
/projects/caeg/data/production/LV30/0527/LV3005274249/20231208_AHTT52DSX5_LV7008955289, LV3005274249_LV7008955289
/projects/caeg/data/production/LV30/0527/LV3005274007/20240311_AH3C2VDSX7_LV7008961062, LV3005274007_LV7008961062
/projects/caeg/data/production/LV30/0527/LV3005274481/20231208_AHTT52DSX5_LV7008955277, LV3005274481_LV7008955277
/projects/caeg/data/production/LV30/0527/LV3005275481/20240223_AH3CFNDSX7_LV7008956370, LV3005275481_LV7008956370
/projects/caeg/data/production/LV30/0527/LV3005275486/20240223_AH3CFNDSX7_LV7008956358, LV3005275486_LV7008956358
/projects/caeg/data/production/LV30/0527/LV3005274011/20240311_AH3C2VDSX7_LV7008961001, LV3005274011_LV7008961001
/projects/caeg/data/production/LV30/0527/LV3005275458/20240223_AH3CFNDSX7_LV7008956406, LV3005275458_LV7008956406
/projects/caeg/data/production/LV30/0527/LV3005275461/20240223_AH3CFNDSX7_LV7008956321, LV3005275461_LV7008956321
/projects/caeg/data/production/LV30/0527/LV3005273246/20230414_BHMGMJDSX5_LV7001887833, LV3005273246_LV7001887833
/projects/caeg/data/production/LV30/0527/LV3005274861/20240318_BH3C37DSX7_LV7008960469, LV3005274861_LV7008960469
/projects/caeg/data/production/LV30/0527/LV3005274894/20240229_BH32VNDSX7_LV7008960471, LV3005274894_LV7008960471
/projects/caeg/data/production/LV30/0527/LV3005275503/20240223_AH3CFNDSX7_LV7008956432, LV3005275503_LV7008956432
/projects/caeg/data/production/LV30/0527/LV3005272941/20231208_AHTT52DSX5_LV7008955268, LV3005272941_LV7008955268
/projects/caeg/data/production/LV30/0527/LV3005274877/20240318_BH3C37DSX7_LV7008960457, LV3005274877_LV7008960457
/projects/caeg/data/production/LV30/0527/LV3005274872/20240318_BH3C37DSX7_LV7008960456, LV3005274872_LV7008960456
/projects/caeg/data/production/LV30/0527/LV3005272613/20231208_AHTT52DSX5_LV7008955290, LV3005272613_LV7008955290
/projects/caeg/data/production/LV30/0527/LV3005275452/20240223_AH3CFNDSX7_LV7008956333, LV3005275452_LV7008956333
/projects/caeg/data/production/LV30/0527/LV3005275505/20240223_AH3CFNDSX7_LV7008956372, LV3005275505_LV7008956372
/projects/caeg/data/production/LV30/0527/LV3005274857/20240318_BH3C37DSX7_LV7008960444, LV3005274857_LV7008960444
/projects/caeg/data/production/LV30/0527/LV3005274912/20240318_BH3C37DSX7_LV7008960494, LV3005274912_LV7008960494
/projects/caeg/data/production/LV30/0527/LV3005275442/20240223_AH3CFNDSX7_LV7008956393, LV3005275442_LV7008956393
/projects/caeg/data/production/LV30/0527/LV3005273849/20240318_AH3CMHDSX7_LV7008961056, LV3005273849_LV7008961056
/projects/caeg/data/production/LV30/0527/LV3005272365/20231208_AHTT52DSX5_LV7008955262, LV3005272365_LV7008955262
/projects/caeg/data/production/LV30/0527/LV3005273250/20230414_BHMGMJDSX5_LV7001884436, LV3005273250_LV7001884436
/projects/caeg/data/production/LV30/0527/LV3005272800/20240223_BH35TKDSX7_LV7008956330, LV3005272800_LV7008956330
/projects/caeg/data/production/LV30/0527/LV3005274860/20240318_BH3C37DSX7_LV7008960493, LV3005274860_LV7008960493
/projects/caeg/data/production/LV30/0527/LV3005274911/20240318_BH3C37DSX7_LV7008960506, LV3005274911_LV7008960506
/projects/caeg/data/production/LV30/0527/LV3005275445/20240223_AH3CFNDSX7_LV7008956332, LV3005275445_LV7008956332
/projects/caeg/data/production/LV30/0527/LV3005274890/20240318_BH3C37DSX7_LV7008960470, LV3005274890_LV7008960470
/projects/caeg/data/production/LV30/0527/LV3005274893/20240229_BH32VNDSX7_LV7008960495, LV3005274893_LV7008960495
/projects/caeg/data/production/LV30/0527/LV3005274193/20231208_AHTT52DSX5_LV7008955323, LV3005274193_LV7008955323
/projects/caeg/data/production/LV30/0527/LV3005274910/20240229_BH32VNDSX7_LV7008960483, LV3005274910_LV7008960483
/projects/caeg/data/production/LV30/0527/LV3005275510/20240223_AH3CFNDSX7_LV7008956396, LV3005275510_LV7008956396
/projects/caeg/data/production/LV30/0527/LV3005274907/20240318_BH3C37DSX7_LV7008960458, LV3005274907_LV7008960458
/projects/caeg/data/production/LV30/0527/LV3005273024/20240311_AH3C2VDSX7_LV7008961039, LV3005273024_LV7008961039
/projects/caeg/data/production/LV30/0527/LV3005273005/20240311_AH3C2VDSX7_LV7008961063, LV3005273005_LV7008961063
/projects/caeg/data/production/LV30/0527/LV3005274876/20240318_BH3C37DSX7_LV7008960481, LV3005274876_LV7008960481
/projects/caeg/data/production/LV30/0527/LV3005272493/20231208_AHTT52DSX5_LV7008955346, LV3005272493_LV7008955346
/projects/caeg/data/production/LV30/0527/LV3005273242/20230414_BHMGMJDSX5_LV7001884491, LV3005273242_LV7001884491
/projects/caeg/data/production/LV30/0527/LV3005273227/20230414_BHMGMJDSX5_LV7001902859, LV3005273227_LV7001902859
/projects/caeg/data/production/LV30/0527/LV3005274871/20240318_BH3C37DSX7_LV7008960480, LV3005274871_LV7008960480
/projects/caeg/data/production/LV30/0527/LV3005273235/20230414_BHMGMJDSX5_LV7001884448, LV3005273235_LV7001884448
