	Lane	Count	Sequence	Flowcell ID	database_insert_by	from_spreadsheet	database_insert_datetime_utc	uid	upload_uuid
0	1	3296500	NNNNNNNN+NNNNNNNN	H5FH3DSX7	upload_user	AHP56_laneBarcode.html	2024-04-29 06:45:32.637998+00:00	edfa84a9-7e0d-4ecc-a453-d54da5811af9	db5c55f3-0a75-4a9d-9998-df92fead6b1a
1	1	594280	GGGGGGGG+CTTATTGG	H5FH3DSX7	upload_user	AHP56_laneBarcode.html	2024-04-29 06:45:32.637998+00:00	0798486a-9fa5-4651-a3cb-900cb9764cc1	db5c55f3-0a75-4a9d-9998-df92fead6b1a
2	1	587580	CCTCCGGT+GGGGGTTA	H5FH3DSX7	upload_user	AHP56_laneBarcode.html	2024-04-29 06:45:32.637998+00:00	ec3f2100-d859-4105-b882-caa8caf69680	db5c55f3-0a75-4a9d-9998-df92fead6b1a
3	1	505000	CCTCCGGT+GGGGGGGG	H5FH3DSX7	upload_user	AHP56_laneBarcode.html	2024-04-29 06:45:32.637998+00:00	0fd3d35e-7860-4835-86d3-c98155c9bf87	db5c55f3-0a75-4a9d-9998-df92fead6b1a
4	1	502680	GGGGGGGG+GGTGAGTA	H5FH3DSX7	upload_user	AHP56_laneBarcode.html	2024-04-29 06:45:32.637998+00:00	cbeab8dc-53e3-4b32-a727-2924978bf779	db5c55f3-0a75-4a9d-9998-df92fead6b1a
5	1	475580	TATCCGAG+GGGGGGGG	H5FH3DSX7	upload_user	AHP56_laneBarcode.html	2024-04-29 06:45:32.637998+00:00	103bf921-1b47-4857-9542-3f5bf864a69c	db5c55f3-0a75-4a9d-9998-df92fead6b1a
6	1	429080	GGGGGGGG+TGGCCTCT	H5FH3DSX7	upload_user	AHP56_laneBarcode.html	2024-04-29 06:45:32.637998+00:00	b6523e51-17c8-4d38-a3be-9151e79af132	db5c55f3-0a75-4a9d-9998-df92fead6b1a
7	1	421160	GGGGGGGG+TCAGAAGG	H5FH3DSX7	upload_user	AHP56_laneBarcode.html	2024-04-29 06:45:32.637998+00:00	a831bc3c-b519-4891-aae7-6bc421f312a0	db5c55f3-0a75-4a9d-9998-df92fead6b1a
8	1	414080	TATCCGAG+GGTATTGG	H5FH3DSX7	upload_user	AHP56_laneBarcode.html	2024-04-29 06:45:32.637998+00:00	cdaa09aa-c85d-4e86-aa19-6adb13fb2712	db5c55f3-0a75-4a9d-9998-df92fead6b1a
9	1	372760	GGGGGGGG+CACAGCGG	H5FH3DSX7	upload_user	AHP56_laneBarcode.html	2024-04-29 06:45:32.637998+00:00	7225554c-64c5-475f-a882-1b5c7df6d0b2	db5c55f3-0a75-4a9d-9998-df92fead6b1a
10	2	3423060	NNNNNNNN+NNNNNNNN	H5FH3DSX7	upload_user	AHP56_laneBarcode.html	2024-04-29 06:45:32.637998+00:00	8b447ce3-b80d-4580-ade4-68449d663c67	db5c55f3-0a75-4a9d-9998-df92fead6b1a
11	2	601060	GGGGGGGG+CTTATTGG	H5FH3DSX7	upload_user	AHP56_laneBarcode.html	2024-04-29 06:45:32.637998+00:00	6eff310e-8d20-41b9-b642-0dd54bcb298a	db5c55f3-0a75-4a9d-9998-df92fead6b1a
12	2	591680	CCTCCGGT+GGGGGTTA	H5FH3DSX7	upload_user	AHP56_laneBarcode.html	2024-04-29 06:45:32.637998+00:00	966c5de4-c454-443a-9481-11459c2bc1aa	db5c55f3-0a75-4a9d-9998-df92fead6b1a
13	2	516260	GGGGGGGG+GGTGAGTA	H5FH3DSX7	upload_user	AHP56_laneBarcode.html	2024-04-29 06:45:32.637998+00:00	ab1aad23-ff40-4de3-818e-2141aadffae8	db5c55f3-0a75-4a9d-9998-df92fead6b1a
14	2	504100	CCTCCGGT+GGGGGGGG	H5FH3DSX7	upload_user	AHP56_laneBarcode.html	2024-04-29 06:45:32.637998+00:00	be499313-4d4d-4e72-90e7-33164ab2c71e	db5c55f3-0a75-4a9d-9998-df92fead6b1a
15	2	478640	TATCCGAG+GGGGGGGG	H5FH3DSX7	upload_user	AHP56_laneBarcode.html	2024-04-29 06:45:32.637998+00:00	026dad67-481a-421e-9627-7430dc1125b2	db5c55f3-0a75-4a9d-9998-df92fead6b1a
16	2	439240	TATCCGAG+GGTATTGG	H5FH3DSX7	upload_user	AHP56_laneBarcode.html	2024-04-29 06:45:32.637998+00:00	72e8896d-11cf-4b0d-9b62-535993774efb	db5c55f3-0a75-4a9d-9998-df92fead6b1a
17	2	429900	GGGGGGGG+TGGCCTCT	H5FH3DSX7	upload_user	AHP56_laneBarcode.html	2024-04-29 06:45:32.637998+00:00	a18eca9c-db4c-4f65-9d2d-7db50f7443b3	db5c55f3-0a75-4a9d-9998-df92fead6b1a
18	2	429840	GGGGGGGG+TCAGAAGG	H5FH3DSX7	upload_user	AHP56_laneBarcode.html	2024-04-29 06:45:32.637998+00:00	812b561c-a265-4d9e-b342-40df58009df2	db5c55f3-0a75-4a9d-9998-df92fead6b1a
19	2	377240	GGGGGGGG+TGTCTGGC	H5FH3DSX7	upload_user	AHP56_laneBarcode.html	2024-04-29 06:45:32.637998+00:00	d0aa771a-9f37-4411-9b5f-8b1bfe25197c	db5c55f3-0a75-4a9d-9998-df92fead6b1a
20	3	3332380	NNNNNNNN+NNNNNNNN	H5FH3DSX7	upload_user	AHP56_laneBarcode.html	2024-04-29 06:45:32.637998+00:00	9b763f63-c90d-4cd1-a59e-1c7cb1d29b0a	db5c55f3-0a75-4a9d-9998-df92fead6b1a
21	3	610120	GGGGGGGG+CTTATTGG	H5FH3DSX7	upload_user	AHP56_laneBarcode.html	2024-04-29 06:45:32.637998+00:00	4b897981-c5e5-44e2-8daa-fe59b88029d9	db5c55f3-0a75-4a9d-9998-df92fead6b1a
22	3	526360	GGGGGGGG+GGTGAGTA	H5FH3DSX7	upload_user	AHP56_laneBarcode.html	2024-04-29 06:45:32.637998+00:00	10e53cbc-9cca-4200-a649-f0c33201092a	db5c55f3-0a75-4a9d-9998-df92fead6b1a
23	3	496660	CCTCCGGT+GGGGGGGG	H5FH3DSX7	upload_user	AHP56_laneBarcode.html	2024-04-29 06:45:32.637998+00:00	4cfe9bfd-95cc-4439-8628-16983210eb8e	db5c55f3-0a75-4a9d-9998-df92fead6b1a
24	3	450980	CCTCCGGT+GGGGGTTA	H5FH3DSX7	upload_user	AHP56_laneBarcode.html	2024-04-29 06:45:32.637998+00:00	b8035b6f-e93a-465f-b120-4961a419fed2	db5c55f3-0a75-4a9d-9998-df92fead6b1a
25	3	448480	TATCCGAG+GGGGGGGG	H5FH3DSX7	upload_user	AHP56_laneBarcode.html	2024-04-29 06:45:32.637998+00:00	ba520753-0c06-4160-9944-a7313df62a37	db5c55f3-0a75-4a9d-9998-df92fead6b1a
26	3	431320	GGGGGGGG+TGGCCTCT	H5FH3DSX7	upload_user	AHP56_laneBarcode.html	2024-04-29 06:45:32.637998+00:00	73bafee0-8c37-4e82-8300-5cdf0a887585	db5c55f3-0a75-4a9d-9998-df92fead6b1a
27	3	422260	GGGGGGGG+TCAGAAGG	H5FH3DSX7	upload_user	AHP56_laneBarcode.html	2024-04-29 06:45:32.637998+00:00	6d1380bf-0a88-411d-8006-e5ae210a1d05	db5c55f3-0a75-4a9d-9998-df92fead6b1a
28	3	377920	GGGGGGGG+CACAGCGG	H5FH3DSX7	upload_user	AHP56_laneBarcode.html	2024-04-29 06:45:32.637998+00:00	356f70cc-b453-40a2-97c0-a82225463ca6	db5c55f3-0a75-4a9d-9998-df92fead6b1a
29	3	376580	GGGGGGGG+TGTCTGGC	H5FH3DSX7	upload_user	AHP56_laneBarcode.html	2024-04-29 06:45:32.637998+00:00	f3ed345c-dc29-4889-a8cb-160478926235	db5c55f3-0a75-4a9d-9998-df92fead6b1a
30	4	3380580	NNNNNNNN+NNNNNNNN	H5FH3DSX7	upload_user	AHP56_laneBarcode.html	2024-04-29 06:45:32.637998+00:00	48ab73b6-186e-455b-9726-c43e794a2dc0	db5c55f3-0a75-4a9d-9998-df92fead6b1a
31	4	618300	GGGGGGGG+CTTATTGG	H5FH3DSX7	upload_user	AHP56_laneBarcode.html	2024-04-29 06:45:32.637998+00:00	5c92f924-550a-465c-9b76-0521d623f969	db5c55f3-0a75-4a9d-9998-df92fead6b1a
32	4	527180	GGGGGGGG+GGTGAGTA	H5FH3DSX7	upload_user	AHP56_laneBarcode.html	2024-04-29 06:45:32.637998+00:00	f9b51304-90f6-422e-b464-a507e0ff5bd3	db5c55f3-0a75-4a9d-9998-df92fead6b1a
33	4	502420	CCTCCGGT+GGGGGGGG	H5FH3DSX7	upload_user	AHP56_laneBarcode.html	2024-04-29 06:45:32.637998+00:00	c5cac0ef-73b3-4c04-8557-63f47de4dcb5	db5c55f3-0a75-4a9d-9998-df92fead6b1a
34	4	447220	TATCCGAG+GGGGGGGG	H5FH3DSX7	upload_user	AHP56_laneBarcode.html	2024-04-29 06:45:32.637998+00:00	03bfb905-0ed7-4d4e-80a5-050c8ab2f156	db5c55f3-0a75-4a9d-9998-df92fead6b1a
35	4	435940	GGGGGGGG+TGGCCTCT	H5FH3DSX7	upload_user	AHP56_laneBarcode.html	2024-04-29 06:45:32.637998+00:00	499f629b-dba9-4dc6-93a1-ccfdfbe204cc	db5c55f3-0a75-4a9d-9998-df92fead6b1a
36	4	427680	GGGGGGGG+TCAGAAGG	H5FH3DSX7	upload_user	AHP56_laneBarcode.html	2024-04-29 06:45:32.637998+00:00	1c200afc-6f41-472d-aa29-7aa74f2819d7	db5c55f3-0a75-4a9d-9998-df92fead6b1a
37	4	382460	GGGGGGGG+TGTCTGGC	H5FH3DSX7	upload_user	AHP56_laneBarcode.html	2024-04-29 06:45:32.637998+00:00	907452cd-4ff0-4878-a805-82ef34d63cdd	db5c55f3-0a75-4a9d-9998-df92fead6b1a
38	4	381480	GGGGGGGG+CACAGCGG	H5FH3DSX7	upload_user	AHP56_laneBarcode.html	2024-04-29 06:45:32.637998+00:00	376fa7bb-2986-4330-80ed-c1d3f0fa98b7	db5c55f3-0a75-4a9d-9998-df92fead6b1a
39	4	343280	GGGGGGGG+CGCCATAT	H5FH3DSX7	upload_user	AHP56_laneBarcode.html	2024-04-29 06:45:32.637998+00:00	5f49ab73-7503-410d-bc03-5313d0b4f7e4	db5c55f3-0a75-4a9d-9998-df92fead6b1a
40	1	2194540	GCAATATTCA+CCTTGGCGCC	H3C37DSX7	upload_user	laneBarcode_X4BL7.html	2024-04-29 06:46:27.237556+00:00	7f0d9934-f12a-437d-94f4-d27718d364a8	a3df60df-a9e0-4e62-947f-90f24b2b0c43
41	1	1608800	ATTGTTCGTC+CCTCTAGAGA	H3C37DSX7	upload_user	laneBarcode_X4BL7.html	2024-04-29 06:46:27.237556+00:00	222d9d24-2cae-4af1-939f-4bca7bc2f624	a3df60df-a9e0-4e62-947f-90f24b2b0c43
42	1	1216240	AGCGCCACAC+CCGACATTAG	H3C37DSX7	upload_user	laneBarcode_X4BL7.html	2024-04-29 06:46:27.237556+00:00	5218372a-234b-49c8-8987-d69ee3154936	a3df60df-a9e0-4e62-947f-90f24b2b0c43
43	1	1033120	CGTGTACCAG+CCCTTATCCT	H3C37DSX7	upload_user	laneBarcode_X4BL7.html	2024-04-29 06:46:27.237556+00:00	d22fb134-c1d4-438d-b3c7-48f5ab84a559	a3df60df-a9e0-4e62-947f-90f24b2b0c43
44	1	914280	AATTCTTGGA+CCGTTGACAA	H3C37DSX7	upload_user	laneBarcode_X4BL7.html	2024-04-29 06:46:27.237556+00:00	3ba71bb5-4111-49c8-a6f7-0063c6a96344	a3df60df-a9e0-4e62-947f-90f24b2b0c43
45	1	691720	GTAACTTGGT+CGGTCTGGCG	H3C37DSX7	upload_user	laneBarcode_X4BL7.html	2024-04-29 06:46:27.237556+00:00	4c31c350-007e-4582-aeca-077b5e0f9410	a3df60df-a9e0-4e62-947f-90f24b2b0c43
46	1	522340	ATAGCGGAAT+GGGGGGGGGG	H3C37DSX7	upload_user	laneBarcode_X4BL7.html	2024-04-29 06:46:27.237556+00:00	a293a489-1197-4fe8-bcaf-5231deb63f9a	a3df60df-a9e0-4e62-947f-90f24b2b0c43
47	1	506260	CGCAGCAATT+CTCGCGGAAT	H3C37DSX7	upload_user	laneBarcode_X4BL7.html	2024-04-29 06:46:27.237556+00:00	bcc99912-413c-484e-af0b-e5262c6a6b3f	a3df60df-a9e0-4e62-947f-90f24b2b0c43
48	1	485100	ACTTGTTATC+GGGGGGGGGG	H3C37DSX7	upload_user	laneBarcode_X4BL7.html	2024-04-29 06:46:27.237556+00:00	7a99283f-8ceb-4c63-887a-c21bd3bbaa13	a3df60df-a9e0-4e62-947f-90f24b2b0c43
49	1	435800	TTGTATCAGG+GGGGGGGGGG	H3C37DSX7	upload_user	laneBarcode_X4BL7.html	2024-04-29 06:46:27.237556+00:00	f6ec06e6-2a24-461a-b917-4ee19f606047	a3df60df-a9e0-4e62-947f-90f24b2b0c43
50	2	1157180	GCAATATTCA+CCTTGGCGCC	H3C37DSX7	upload_user	laneBarcode_X4BL7.html	2024-04-29 06:46:27.237556+00:00	5331eaec-88a8-4caa-a1b9-bd6d49c900ef	a3df60df-a9e0-4e62-947f-90f24b2b0c43
51	2	741280	ATTGTTCGTC+CCTCTAGAGA	H3C37DSX7	upload_user	laneBarcode_X4BL7.html	2024-04-29 06:46:27.237556+00:00	9182fd35-abdc-4b74-9083-d5a393097140	a3df60df-a9e0-4e62-947f-90f24b2b0c43
52	2	673040	AGCGCCACAC+CCGACATTAG	H3C37DSX7	upload_user	laneBarcode_X4BL7.html	2024-04-29 06:46:27.237556+00:00	3c0bcdbd-3897-427d-854d-a456cdfa98dc	a3df60df-a9e0-4e62-947f-90f24b2b0c43
53	2	513480	ATAGCGGAAT+GGGGGGGGGG	H3C37DSX7	upload_user	laneBarcode_X4BL7.html	2024-04-29 06:46:27.237556+00:00	3da1aef1-6468-46f7-9dec-6e475b81a46b	a3df60df-a9e0-4e62-947f-90f24b2b0c43
54	2	477840	CGTGTACCAG+CCCTTATCCT	H3C37DSX7	upload_user	laneBarcode_X4BL7.html	2024-04-29 06:46:27.237556+00:00	49c178b3-e4be-411f-ba33-dfa35864d96e	a3df60df-a9e0-4e62-947f-90f24b2b0c43
55	2	474060	AATTCTTGGA+CCGTTGACAA	H3C37DSX7	upload_user	laneBarcode_X4BL7.html	2024-04-29 06:46:27.237556+00:00	5a5b4a58-063f-4edb-8e5b-27f19addf0e4	a3df60df-a9e0-4e62-947f-90f24b2b0c43
56	2	469740	ACTTGTTATC+GGGGGGGGGG	H3C37DSX7	upload_user	laneBarcode_X4BL7.html	2024-04-29 06:46:27.237556+00:00	0575d7de-c22c-4a95-8848-67928744f56a	a3df60df-a9e0-4e62-947f-90f24b2b0c43
57	2	422320	TTGTATCAGG+GGGGGGGGGG	H3C37DSX7	upload_user	laneBarcode_X4BL7.html	2024-04-29 06:46:27.237556+00:00	73d3fc89-08ca-4e61-9bd2-2b3faff33204	a3df60df-a9e0-4e62-947f-90f24b2b0c43
58	2	417940	GGACCAGTGG+GGGGGGGGGG	H3C37DSX7	upload_user	laneBarcode_X4BL7.html	2024-04-29 06:46:27.237556+00:00	b19e18b0-afb2-46dc-bd4d-a20c0bfc7edf	a3df60df-a9e0-4e62-947f-90f24b2b0c43
59	2	414440	CAACACCGCA+GGGGGGGGGG	H3C37DSX7	upload_user	laneBarcode_X4BL7.html	2024-04-29 06:46:27.237556+00:00	2de2da2e-8dea-4acd-b9fc-f72feeb01778	a3df60df-a9e0-4e62-947f-90f24b2b0c43
60	3	1955700	GCAATATTCA+CCTTGGCGCC	H3C37DSX7	upload_user	laneBarcode_X4BL7.html	2024-04-29 06:46:27.237556+00:00	ce121790-7628-455e-9501-2271e048b578	a3df60df-a9e0-4e62-947f-90f24b2b0c43
61	3	1318040	ATTGTTCGTC+CCTCTAGAGA	H3C37DSX7	upload_user	laneBarcode_X4BL7.html	2024-04-29 06:46:27.237556+00:00	3798b6a6-ffd4-4feb-8a5a-d415de3dfc65	a3df60df-a9e0-4e62-947f-90f24b2b0c43
62	3	1095000	AGCGCCACAC+CCGACATTAG	H3C37DSX7	upload_user	laneBarcode_X4BL7.html	2024-04-29 06:46:27.237556+00:00	2f13255a-9221-4bd0-94c4-a35d7410d69a	a3df60df-a9e0-4e62-947f-90f24b2b0c43
63	3	848440	CGTGTACCAG+CCCTTATCCT	H3C37DSX7	upload_user	laneBarcode_X4BL7.html	2024-04-29 06:46:27.237556+00:00	987b12c4-0e9a-4900-a072-16866557185f	a3df60df-a9e0-4e62-947f-90f24b2b0c43
64	3	802860	AATTCTTGGA+CCGTTGACAA	H3C37DSX7	upload_user	laneBarcode_X4BL7.html	2024-04-29 06:46:27.237556+00:00	6223524a-8a5d-424c-a219-cc568386a8c9	a3df60df-a9e0-4e62-947f-90f24b2b0c43
65	3	587260	GTAACTTGGT+CGGTCTGGCG	H3C37DSX7	upload_user	laneBarcode_X4BL7.html	2024-04-29 06:46:27.237556+00:00	c241b112-c962-4585-bc67-767fba200402	a3df60df-a9e0-4e62-947f-90f24b2b0c43
66	3	542140	CGCAGCAATT+CTCGCGGAAT	H3C37DSX7	upload_user	laneBarcode_X4BL7.html	2024-04-29 06:46:27.237556+00:00	eb98f7e1-dc77-421a-b1e1-c62af06a9f0e	a3df60df-a9e0-4e62-947f-90f24b2b0c43
67	3	528800	ATAGCGGAAT+GGGGGGGGGG	H3C37DSX7	upload_user	laneBarcode_X4BL7.html	2024-04-29 06:46:27.237556+00:00	6c557014-8be6-4213-8d7f-493dde529929	a3df60df-a9e0-4e62-947f-90f24b2b0c43
68	3	490140	ACTTGTTATC+GGGGGGGGGG	H3C37DSX7	upload_user	laneBarcode_X4BL7.html	2024-04-29 06:46:27.237556+00:00	ab891ea2-2939-4336-8b32-088b5bfd4cd3	a3df60df-a9e0-4e62-947f-90f24b2b0c43
69	3	452820	AGCGCCACAC+CAGACCTTAG	H3C37DSX7	upload_user	laneBarcode_X4BL7.html	2024-04-29 06:46:27.237556+00:00	33777b21-e634-4675-a286-d8b4d5e55dc3	a3df60df-a9e0-4e62-947f-90f24b2b0c43
70	4	888020	GCAATATTCA+CCTTGGCGCC	H3C37DSX7	upload_user	laneBarcode_X4BL7.html	2024-04-29 06:46:27.237556+00:00	b334b97b-d2bd-462b-bec4-cdbb90860c22	a3df60df-a9e0-4e62-947f-90f24b2b0c43
71	4	566920	ATTGTTCGTC+CCTCTAGAGA	H3C37DSX7	upload_user	laneBarcode_X4BL7.html	2024-04-29 06:46:27.237556+00:00	d63322fa-b685-4a46-9cbb-d9bc484e6594	a3df60df-a9e0-4e62-947f-90f24b2b0c43
72	4	514980	ATAGCGGAAT+GGGGGGGGGG	H3C37DSX7	upload_user	laneBarcode_X4BL7.html	2024-04-29 06:46:27.237556+00:00	31363d13-89d6-46dc-b808-31d037ac3ab3	a3df60df-a9e0-4e62-947f-90f24b2b0c43
73	4	494840	AGCGCCACAC+CCGACATTAG	H3C37DSX7	upload_user	laneBarcode_X4BL7.html	2024-04-29 06:46:27.237556+00:00	2c4dd921-875b-45b2-a5d5-083788312a30	a3df60df-a9e0-4e62-947f-90f24b2b0c43
74	4	480080	ACTTGTTATC+GGGGGGGGGG	H3C37DSX7	upload_user	laneBarcode_X4BL7.html	2024-04-29 06:46:27.237556+00:00	5850abcc-73f3-46fc-9e8f-f392b64e2132	a3df60df-a9e0-4e62-947f-90f24b2b0c43
75	4	419620	TTGTATCAGG+GGGGGGGGGG	H3C37DSX7	upload_user	laneBarcode_X4BL7.html	2024-04-29 06:46:27.237556+00:00	d2c11783-d1fd-4b17-94ce-48e113627804	a3df60df-a9e0-4e62-947f-90f24b2b0c43
76	4	414420	GGACCAGTGG+GGGGGGGGGG	H3C37DSX7	upload_user	laneBarcode_X4BL7.html	2024-04-29 06:46:27.237556+00:00	2b2add68-ccca-4fbc-ad9f-d1be22ceb75a	a3df60df-a9e0-4e62-947f-90f24b2b0c43
77	4	411980	CAACACCGCA+GGGGGGGGGG	H3C37DSX7	upload_user	laneBarcode_X4BL7.html	2024-04-29 06:46:27.237556+00:00	44971338-019f-41b8-b6d2-7939d067b35c	a3df60df-a9e0-4e62-947f-90f24b2b0c43
78	4	404820	ACGTTCCTTA+GGGGGGGGGG	H3C37DSX7	upload_user	laneBarcode_X4BL7.html	2024-04-29 06:46:27.237556+00:00	bded343d-6a55-4768-8f92-feccf595d970	a3df60df-a9e0-4e62-947f-90f24b2b0c43
79	4	398100	AATTCTTGGA+CCGTTGACAA	H3C37DSX7	upload_user	laneBarcode_X4BL7.html	2024-04-29 06:46:27.237556+00:00	fc044438-afb7-47e4-b37f-d0985bb9a264	a3df60df-a9e0-4e62-947f-90f24b2b0c43
80	1	1274500	AAAACCGAAC+CAATAGGAAT	H3CMHDSX7	upload_user	laneBarcode_YWZC4.html	2024-04-29 06:49:05.082399+00:00	aa822761-6a0c-48e5-b806-59467123923f	b0411c43-e862-4375-b31a-dc82bc9feb49
81	1	1173140	ATAGCCAAGA+TTAACCTTCG	H3CMHDSX7	upload_user	laneBarcode_YWZC4.html	2024-04-29 06:49:05.082399+00:00	16e51a9b-847b-47c2-abdd-bfcde7ada237	b0411c43-e862-4375-b31a-dc82bc9feb49
82	1	1099720	ATAACGGAAC+TGGACCGCCA	H3CMHDSX7	upload_user	laneBarcode_YWZC4.html	2024-04-29 06:49:05.082399+00:00	d6dd811e-cac4-467e-ba37-01f909e31319	b0411c43-e862-4375-b31a-dc82bc9feb49
83	1	1070640	ACATACGAAG+AATGCGAACA	H3CMHDSX7	upload_user	laneBarcode_YWZC4.html	2024-04-29 06:49:05.082399+00:00	2cea0bbe-3f13-48ca-b70a-a6ee803d0340	b0411c43-e862-4375-b31a-dc82bc9feb49
84	1	1062420	AAAAAGCAAT+CCGTTCAAGG	H3CMHDSX7	upload_user	laneBarcode_YWZC4.html	2024-04-29 06:49:05.082399+00:00	52e44f62-f5f7-4a12-835e-4d07515ef2c0	b0411c43-e862-4375-b31a-dc82bc9feb49
85	1	1019020	TTCGGTGTGA+CAGTGGCACT	H3CMHDSX7	upload_user	laneBarcode_YWZC4.html	2024-04-29 06:49:05.082399+00:00	88cba4bb-4425-4f10-a459-24df5720ddec	b0411c43-e862-4375-b31a-dc82bc9feb49
86	1	1004080	GGGGGGGGGG+TGGACCGCCA	H3CMHDSX7	upload_user	laneBarcode_YWZC4.html	2024-04-29 06:49:05.082399+00:00	00250b64-a943-4ef4-be8b-65fc29fbc5bc	b0411c43-e862-4375-b31a-dc82bc9feb49
87	1	1001920	ATAGCCAAGA+ATACTTGTTC	H3CMHDSX7	upload_user	laneBarcode_YWZC4.html	2024-04-29 06:49:05.082399+00:00	ff8266b6-de13-4587-a76c-5ed2704c0bc6	b0411c43-e862-4375-b31a-dc82bc9feb49
88	1	954760	ATAAACAAAG+ACGAACAACA	H3CMHDSX7	upload_user	laneBarcode_YWZC4.html	2024-04-29 06:49:05.082399+00:00	235dc796-3e86-40a2-bee5-eb9dc86a5b0c	b0411c43-e862-4375-b31a-dc82bc9feb49
89	1	940380	GGGGGGGGGG+TGTCTGGCCT	H3CMHDSX7	upload_user	laneBarcode_YWZC4.html	2024-04-29 06:49:05.082399+00:00	1cd9d268-37b2-4ffd-9b92-cf6bbccf2001	b0411c43-e862-4375-b31a-dc82bc9feb49
90	2	1203280	AAAACCGAAC+CAATAGGAAT	H3CMHDSX7	upload_user	laneBarcode_YWZC4.html	2024-04-29 06:49:05.082399+00:00	7245ba75-da09-4539-be34-faf0cd276e28	b0411c43-e862-4375-b31a-dc82bc9feb49
91	2	1122520	ATAGCCAAGA+TTAACCTTCG	H3CMHDSX7	upload_user	laneBarcode_YWZC4.html	2024-04-29 06:49:05.082399+00:00	11c13f32-fbd5-495c-b213-88b837569404	b0411c43-e862-4375-b31a-dc82bc9feb49
92	2	1078880	GGGGGGGGGG+TGGACCGCCA	H3CMHDSX7	upload_user	laneBarcode_YWZC4.html	2024-04-29 06:49:05.082399+00:00	bd4d1b69-af12-4782-af75-416a82686c8d	b0411c43-e862-4375-b31a-dc82bc9feb49
93	2	1034840	ATAACGGAAC+TGGACCGCCA	H3CMHDSX7	upload_user	laneBarcode_YWZC4.html	2024-04-29 06:49:05.082399+00:00	c6d02961-5eaa-4fd8-9288-5ed875853592	b0411c43-e862-4375-b31a-dc82bc9feb49
94	2	1031420	GATCGTCGCG+ACAGATGCAG	H3CMHDSX7	upload_user	laneBarcode_YWZC4.html	2024-04-29 06:49:05.082399+00:00	e673e480-3905-4e2e-96c4-91caf9e10f64	b0411c43-e862-4375-b31a-dc82bc9feb49
95	2	1030000	ACATACGAAG+AATGCGAACA	H3CMHDSX7	upload_user	laneBarcode_YWZC4.html	2024-04-29 06:49:05.082399+00:00	1ee34bea-072d-44d1-8a3d-d54193a7fa4a	b0411c43-e862-4375-b31a-dc82bc9feb49
96	2	1013980	AAAAAGCAAT+CCGTTCAAGG	H3CMHDSX7	upload_user	laneBarcode_YWZC4.html	2024-04-29 06:49:05.082399+00:00	64528fa5-47dd-4d15-bfb6-a7e3db0c7257	b0411c43-e862-4375-b31a-dc82bc9feb49
97	2	1003820	GGGGGGGGGG+TGTCTGGCCT	H3CMHDSX7	upload_user	laneBarcode_YWZC4.html	2024-04-29 06:49:05.082399+00:00	fb69108c-1070-4ba4-9712-d88830ed6f29	b0411c43-e862-4375-b31a-dc82bc9feb49
98	2	982880	TTCGGTGTGA+CAGTGGCACT	H3CMHDSX7	upload_user	laneBarcode_YWZC4.html	2024-04-29 06:49:05.082399+00:00	580e6e61-35ce-4a05-a205-069b2adf2505	b0411c43-e862-4375-b31a-dc82bc9feb49
99	2	966040	CATATGCGAT+CCGGTCGAGG	H3CMHDSX7	upload_user	laneBarcode_YWZC4.html	2024-04-29 06:49:05.082399+00:00	f2aacd44-5e31-4500-9891-0cb1cf5f0112	b0411c43-e862-4375-b31a-dc82bc9feb49
100	3	1266040	AAAACCGAAC+CAATAGGAAT	H3CMHDSX7	upload_user	laneBarcode_YWZC4.html	2024-04-29 06:49:05.082399+00:00	9ea07e0b-9761-4a92-8cfa-0ede167bad37	b0411c43-e862-4375-b31a-dc82bc9feb49
101	3	1263200	GGGGGGGGGG+TGGACCGCCA	H3CMHDSX7	upload_user	laneBarcode_YWZC4.html	2024-04-29 06:49:05.082399+00:00	54a90efb-2f4e-40e0-93d0-5d90823811b2	b0411c43-e862-4375-b31a-dc82bc9feb49
102	3	1169860	ATAGCCAAGA+TTAACCTTCG	H3CMHDSX7	upload_user	laneBarcode_YWZC4.html	2024-04-29 06:49:05.082399+00:00	eb2b704f-7894-4a6c-9f50-dbccfe4f50f3	b0411c43-e862-4375-b31a-dc82bc9feb49
103	3	1158700	GGGGGGGGGG+TGTCTGGCCT	H3CMHDSX7	upload_user	laneBarcode_YWZC4.html	2024-04-29 06:49:05.082399+00:00	ce2e7799-f417-46e3-b39c-97894ec5255a	b0411c43-e862-4375-b31a-dc82bc9feb49
104	3	1102060	GGGGGGGGGG+ACGGTCAGGA	H3CMHDSX7	upload_user	laneBarcode_YWZC4.html	2024-04-29 06:49:05.082399+00:00	189240c8-f3df-472a-8b72-7de908e7067b	b0411c43-e862-4375-b31a-dc82bc9feb49
105	3	1086680	GGGGGGGGGG+ACATATCCAG	H3CMHDSX7	upload_user	laneBarcode_YWZC4.html	2024-04-29 06:49:05.082399+00:00	31956354-30b8-4c40-af9e-df5a24d030c6	b0411c43-e862-4375-b31a-dc82bc9feb49
106	3	1078640	ATAACGGAAC+TGGACCGCCA	H3CMHDSX7	upload_user	laneBarcode_YWZC4.html	2024-04-29 06:49:05.082399+00:00	2426a185-3046-495b-aa0c-a2bcfb551524	b0411c43-e862-4375-b31a-dc82bc9feb49
107	3	1071180	GGGGGGGGGG+CAATAGGAAT	H3CMHDSX7	upload_user	laneBarcode_YWZC4.html	2024-04-29 06:49:05.082399+00:00	bce44a1e-c3bb-4005-8ea3-03fb5e5d5cc0	b0411c43-e862-4375-b31a-dc82bc9feb49
108	3	1070480	ACATACGAAG+AATGCGAACA	H3CMHDSX7	upload_user	laneBarcode_YWZC4.html	2024-04-29 06:49:05.082399+00:00	f9663b82-537c-4d52-8a23-7827ef3f4b36	b0411c43-e862-4375-b31a-dc82bc9feb49
109	3	1047140	AAAAAGCAAT+CCGTTCAAGG	H3CMHDSX7	upload_user	laneBarcode_YWZC4.html	2024-04-29 06:49:05.082399+00:00	ffdeafd1-2fe1-44f2-9194-fcd80f496e92	b0411c43-e862-4375-b31a-dc82bc9feb49
110	4	1132440	AAAACCGAAC+CAATAGGAAT	H3CMHDSX7	upload_user	laneBarcode_YWZC4.html	2024-04-29 06:49:05.082399+00:00	6b186cd5-8fe8-4238-a41f-5a1ddf217df5	b0411c43-e862-4375-b31a-dc82bc9feb49
111	4	1059120	ATAGCCAAGA+TTAACCTTCG	H3CMHDSX7	upload_user	laneBarcode_YWZC4.html	2024-04-29 06:49:05.082399+00:00	a4ddc097-1c55-4edc-919c-f4b7dd34a40e	b0411c43-e862-4375-b31a-dc82bc9feb49
112	4	1039520	GGGGGGGGGG+TGGACCGCCA	H3CMHDSX7	upload_user	laneBarcode_YWZC4.html	2024-04-29 06:49:05.082399+00:00	87ddd639-5f55-4ac0-b24a-b9def09b2769	b0411c43-e862-4375-b31a-dc82bc9feb49
113	4	971400	GGGGGGGGGG+TGTCTGGCCT	H3CMHDSX7	upload_user	laneBarcode_YWZC4.html	2024-04-29 06:49:05.082399+00:00	8b36d95e-77aa-4f5d-a472-f8e8a2c7f2b9	b0411c43-e862-4375-b31a-dc82bc9feb49
114	4	967600	ACATACGAAG+AATGCGAACA	H3CMHDSX7	upload_user	laneBarcode_YWZC4.html	2024-04-29 06:49:05.082399+00:00	46055f03-d989-4a06-8677-92afb5a655d8	b0411c43-e862-4375-b31a-dc82bc9feb49
115	4	966620	ATAACGGAAC+TGGACCGCCA	H3CMHDSX7	upload_user	laneBarcode_YWZC4.html	2024-04-29 06:49:05.082399+00:00	bc6398ba-9ea9-4814-9728-cbd81029ed88	b0411c43-e862-4375-b31a-dc82bc9feb49
116	4	940440	AAAAAGCAAT+CCGTTCAAGG	H3CMHDSX7	upload_user	laneBarcode_YWZC4.html	2024-04-29 06:49:05.082399+00:00	aabfd637-01d9-40ae-8eb3-ee0b227dda35	b0411c43-e862-4375-b31a-dc82bc9feb49
117	4	928700	GGGGGGGGGG+ACGGTCAGGA	H3CMHDSX7	upload_user	laneBarcode_YWZC4.html	2024-04-29 06:49:05.082399+00:00	1cc11fe4-6017-4043-90f2-3caf9f56ee40	b0411c43-e862-4375-b31a-dc82bc9feb49
118	4	918080	TTCGGTGTGA+CAGTGGCACT	H3CMHDSX7	upload_user	laneBarcode_YWZC4.html	2024-04-29 06:49:05.082399+00:00	9777397b-a5b4-485f-b382-7ca5332725a3	b0411c43-e862-4375-b31a-dc82bc9feb49
119	4	901200	ATAGCCAAGA+ATACTTGTTC	H3CMHDSX7	upload_user	laneBarcode_YWZC4.html	2024-04-29 06:49:05.082399+00:00	59305d78-6f6f-4018-a401-ff35e37e961f	b0411c43-e862-4375-b31a-dc82bc9feb49
120	1	827440	GAATACCTAT+GGGGGGGGGG	H5FGWDSX7	upload_user	laneBarcode.html	2024-04-29 07:05:04.458735+00:00	d8782c6b-5751-4972-b2c1-8a190eee22e2	5360a598-4324-4281-a4b2-cd0f066754e6
121	1	541320	TGATGGCTAC+CGGTTGTTGG	H5FGWDSX7	upload_user	laneBarcode.html	2024-04-29 07:05:04.458735+00:00	1d1f082f-0368-47c4-a581-7898efd46e46	5360a598-4324-4281-a4b2-cd0f066754e6
122	1	459900	GGGGGGGGGG+CGCTGTCTCA	H5FGWDSX7	upload_user	laneBarcode.html	2024-04-29 07:05:04.458735+00:00	b9c67ec0-1299-4929-85e3-a5479b039887	5360a598-4324-4281-a4b2-cd0f066754e6
123	1	431980	TACGTGAAGG+GGGGGGGGGG	H5FGWDSX7	upload_user	laneBarcode.html	2024-04-29 07:05:04.458735+00:00	6b2f1b50-61d5-4e63-8f4b-b47801ff28bc	5360a598-4324-4281-a4b2-cd0f066754e6
124	1	415900	AACGAGGCCG+GGGGGGGGGG	H5FGWDSX7	upload_user	laneBarcode.html	2024-04-29 07:05:04.458735+00:00	3b461b67-7f24-47a6-a222-15785ce86369	5360a598-4324-4281-a4b2-cd0f066754e6
125	1	400960	TCAATGGAGA+GGGGTAGTGC	H5FGWDSX7	upload_user	laneBarcode.html	2024-04-29 07:05:04.458735+00:00	217c297c-d853-46db-82a6-579a9be38827	5360a598-4324-4281-a4b2-cd0f066754e6
126	1	363320	CTTATTGGCC+GGGGGGGGGG	H5FGWDSX7	upload_user	laneBarcode.html	2024-04-29 07:05:04.458735+00:00	b02e4e48-72af-4ed3-8c0b-219393af9ffb	5360a598-4324-4281-a4b2-cd0f066754e6
127	1	338520	TGGTGTTATG+GGGGGGGGGG	H5FGWDSX7	upload_user	laneBarcode.html	2024-04-29 07:05:04.458735+00:00	bbfc6649-f4de-4ac6-854b-0a4494d3dcd7	5360a598-4324-4281-a4b2-cd0f066754e6
128	1	331640	GGGGGGGGGG+ATACTTGTTC	H5FGWDSX7	upload_user	laneBarcode.html	2024-04-29 07:05:04.458735+00:00	87d4c3d6-73e5-4f35-8ee5-42322455fbf4	5360a598-4324-4281-a4b2-cd0f066754e6
129	1	331380	GGGGGGGGGG+ATACATCACA	H5FGWDSX7	upload_user	laneBarcode.html	2024-04-29 07:05:04.458735+00:00	9523ea10-d553-483d-9a5f-ab55c7edcde0	5360a598-4324-4281-a4b2-cd0f066754e6
130	2	842960	GAATACCTAT+GGGGGGGGGG	H5FGWDSX7	upload_user	laneBarcode.html	2024-04-29 07:05:04.458735+00:00	983f3c20-d22f-4483-93c7-fccdba145f55	5360a598-4324-4281-a4b2-cd0f066754e6
131	2	509960	TGATGGCTAC+CGGTTGTTGG	H5FGWDSX7	upload_user	laneBarcode.html	2024-04-29 07:05:04.458735+00:00	a66cb773-d38f-4abb-ae41-4def89f73b93	5360a598-4324-4281-a4b2-cd0f066754e6
132	2	469040	GGGGGGGGGG+CGCTGTCTCA	H5FGWDSX7	upload_user	laneBarcode.html	2024-04-29 07:05:04.458735+00:00	cbc2d188-948c-42e7-bfab-b4880516fa10	5360a598-4324-4281-a4b2-cd0f066754e6
133	2	445680	TACGTGAAGG+GGGGGGGGGG	H5FGWDSX7	upload_user	laneBarcode.html	2024-04-29 07:05:04.458735+00:00	4d7236cb-3584-47f5-b977-86864b8b75ed	5360a598-4324-4281-a4b2-cd0f066754e6
134	2	442060	TCAATGGAGA+GGGGTAGTGC	H5FGWDSX7	upload_user	laneBarcode.html	2024-04-29 07:05:04.458735+00:00	37375ece-153b-4a90-a290-bc1554853ea4	5360a598-4324-4281-a4b2-cd0f066754e6
135	2	433160	AACGAGGCCG+GGGGGGGGGG	H5FGWDSX7	upload_user	laneBarcode.html	2024-04-29 07:05:04.458735+00:00	e8ce4bc0-41d4-45e1-966b-4d8ac38e67c0	5360a598-4324-4281-a4b2-cd0f066754e6
136	2	391240	GGGGGGGGGG+ATACATCACA	H5FGWDSX7	upload_user	laneBarcode.html	2024-04-29 07:05:04.458735+00:00	ac47a8fa-5e1f-4dff-ab4c-271787d065f1	5360a598-4324-4281-a4b2-cd0f066754e6
137	2	371640	CTTATTGGCC+GGGGGGGGGG	H5FGWDSX7	upload_user	laneBarcode.html	2024-04-29 07:05:04.458735+00:00	5e67c031-68d3-42a2-9bc8-da7164adc8db	5360a598-4324-4281-a4b2-cd0f066754e6
138	2	342780	TGGTGTTATG+GGGGGGGGGG	H5FGWDSX7	upload_user	laneBarcode.html	2024-04-29 07:05:04.458735+00:00	b9890807-6834-4a08-a621-dcb482196697	5360a598-4324-4281-a4b2-cd0f066754e6
139	2	340660	GGGGGGGGGG+ATACTTGTTC	H5FGWDSX7	upload_user	laneBarcode.html	2024-04-29 07:05:04.458735+00:00	09d7a640-3098-4eb2-8dc4-5bb35e80ae2c	5360a598-4324-4281-a4b2-cd0f066754e6
140	3	823260	GAATACCTAT+GGGGGGGGGG	H5FGWDSX7	upload_user	laneBarcode.html	2024-04-29 07:05:04.458735+00:00	e95286c0-b9a9-4557-8a02-6d3f4b41872d	5360a598-4324-4281-a4b2-cd0f066754e6
141	3	467640	TGATGGCTAC+CGGTTGTTGG	H5FGWDSX7	upload_user	laneBarcode.html	2024-04-29 07:05:04.458735+00:00	3172bf38-00bd-42b3-ba23-e5556f016bf3	5360a598-4324-4281-a4b2-cd0f066754e6
142	3	459680	GGGGGGGGGG+CGCTGTCTCA	H5FGWDSX7	upload_user	laneBarcode.html	2024-04-29 07:05:04.458735+00:00	37b17e9c-c394-4f03-bbe5-9e257e7923bf	5360a598-4324-4281-a4b2-cd0f066754e6
143	3	452680	TCAATGGAGA+GGGGTAGTGC	H5FGWDSX7	upload_user	laneBarcode.html	2024-04-29 07:05:04.458735+00:00	1e3aeaa5-fc16-49be-ac29-c996c97ab8f0	5360a598-4324-4281-a4b2-cd0f066754e6
144	3	429300	TACGTGAAGG+GGGGGGGGGG	H5FGWDSX7	upload_user	laneBarcode.html	2024-04-29 07:05:04.458735+00:00	0fba5067-8048-4e29-818d-b5bcee3ece43	5360a598-4324-4281-a4b2-cd0f066754e6
145	3	418720	AACGAGGCCG+GGGGGGGGGG	H5FGWDSX7	upload_user	laneBarcode.html	2024-04-29 07:05:04.458735+00:00	0fc255e7-4001-4d3f-891e-b5374fc3f08e	5360a598-4324-4281-a4b2-cd0f066754e6
146	3	371640	GGGGGGGGGG+ATACATCACA	H5FGWDSX7	upload_user	laneBarcode.html	2024-04-29 07:05:04.458735+00:00	31b14ca8-7468-43a0-8c4c-33a305e2b57b	5360a598-4324-4281-a4b2-cd0f066754e6
147	3	364120	CTTATTGGCC+GGGGGGGGGG	H5FGWDSX7	upload_user	laneBarcode.html	2024-04-29 07:05:04.458735+00:00	2a156b39-39f2-42cd-bccf-3771d1aa3ee4	5360a598-4324-4281-a4b2-cd0f066754e6
148	3	331940	GGGGGGGGGG+ATACTTGTTC	H5FGWDSX7	upload_user	laneBarcode.html	2024-04-29 07:05:04.458735+00:00	e496d440-6846-4556-9e12-82c94acee39e	5360a598-4324-4281-a4b2-cd0f066754e6
149	3	328140	TGGTGTTATG+GGGGGGGGGG	H5FGWDSX7	upload_user	laneBarcode.html	2024-04-29 07:05:04.458735+00:00	b0dc4b51-9e73-4158-bf6e-d9c24036d3e8	5360a598-4324-4281-a4b2-cd0f066754e6
150	4	817980	GAATACCTAT+GGGGGGGGGG	H5FGWDSX7	upload_user	laneBarcode.html	2024-04-29 07:05:04.458735+00:00	164ab737-d2ec-466a-8ef5-6679eb0c0533	5360a598-4324-4281-a4b2-cd0f066754e6
151	4	498620	TGATGGCTAC+CGGTTGTTGG	H5FGWDSX7	upload_user	laneBarcode.html	2024-04-29 07:05:04.458735+00:00	c35b6703-b618-4b72-af2e-48c6d1d8dd1b	5360a598-4324-4281-a4b2-cd0f066754e6
152	4	496940	TCAATGGAGA+GGGGTAGTGC	H5FGWDSX7	upload_user	laneBarcode.html	2024-04-29 07:05:04.458735+00:00	06bbbed3-58d1-4b85-896d-9cbb228c03bb	5360a598-4324-4281-a4b2-cd0f066754e6
153	4	450160	GGGGGGGGGG+CGCTGTCTCA	H5FGWDSX7	upload_user	laneBarcode.html	2024-04-29 07:05:04.458735+00:00	c840c9c1-bd11-4d50-a2bd-051318deb19d	5360a598-4324-4281-a4b2-cd0f066754e6
154	4	433880	TACGTGAAGG+GGGGGGGGGG	H5FGWDSX7	upload_user	laneBarcode.html	2024-04-29 07:05:04.458735+00:00	f72e9dba-4ef0-4dc7-948c-cc2c603b2f9a	5360a598-4324-4281-a4b2-cd0f066754e6
155	4	425420	AACGAGGCCG+GGGGGGGGGG	H5FGWDSX7	upload_user	laneBarcode.html	2024-04-29 07:05:04.458735+00:00	8fe79315-0201-48d9-ba55-e2b73fe49d0c	5360a598-4324-4281-a4b2-cd0f066754e6
156	4	363940	CTTATTGGCC+GGGGGGGGGG	H5FGWDSX7	upload_user	laneBarcode.html	2024-04-29 07:05:04.458735+00:00	476307a3-500e-4ab6-aa7f-f409edefa4d2	5360a598-4324-4281-a4b2-cd0f066754e6
157	4	332040	GGGGGGGGGG+ATACATCACA	H5FGWDSX7	upload_user	laneBarcode.html	2024-04-29 07:05:04.458735+00:00	1b963763-8c95-4a88-b433-4cbeaa7efc04	5360a598-4324-4281-a4b2-cd0f066754e6
158	4	328560	TGGTGTTATG+GGGGGGGGGG	H5FGWDSX7	upload_user	laneBarcode.html	2024-04-29 07:05:04.458735+00:00	6980d182-63b7-4033-ae66-0efd1b3f9c9d	5360a598-4324-4281-a4b2-cd0f066754e6
159	4	325240	GGGGGGGGGG+ATACTTGTTC	H5FGWDSX7	upload_user	laneBarcode.html	2024-04-29 07:05:04.458735+00:00	8f10f3a4-90b5-4ddb-9739-2e37e400e817	5360a598-4324-4281-a4b2-cd0f066754e6
160	1	392980	GGGGGGGG+GCGCTCTA	H5F3YDSX7	upload_user	FHXEF_laneBarcode.html	2024-05-06 09:58:30.192547+00:00	f61f76e6-e0cc-4211-a126-86c306a4ca48	12008d12-5bd3-4338-a2d2-f647146905a8
161	1	354740	GGGGGGGG+CTACGACA	H5F3YDSX7	upload_user	FHXEF_laneBarcode.html	2024-05-06 09:58:30.192547+00:00	fd907e7c-ad6f-47f9-aadb-309eb61087c7	12008d12-5bd3-4338-a2d2-f647146905a8
162	1	325560	GGGGGGGG+GGTGAACC	H5F3YDSX7	upload_user	FHXEF_laneBarcode.html	2024-05-06 09:58:30.192547+00:00	c915d1fc-2bde-45cb-8fd3-95f12384da34	12008d12-5bd3-4338-a2d2-f647146905a8
163	1	319500	GGGGGGGG+ACCTTGGC	H5F3YDSX7	upload_user	FHXEF_laneBarcode.html	2024-05-06 09:58:30.192547+00:00	93a5e400-d833-450e-9707-0f1e6ec93a43	12008d12-5bd3-4338-a2d2-f647146905a8
164	1	311620	GACGTCTT+GGGGGGGG	H5F3YDSX7	upload_user	FHXEF_laneBarcode.html	2024-05-06 09:58:30.192547+00:00	5cc46ad0-9947-426d-a2dc-d21c1f2dee29	12008d12-5bd3-4338-a2d2-f647146905a8
165	1	286200	GGGGGGGG+CTTGGTAT	H5F3YDSX7	upload_user	FHXEF_laneBarcode.html	2024-05-06 09:58:30.192547+00:00	c8ee271e-4033-42e1-b333-ed144ad59ee0	12008d12-5bd3-4338-a2d2-f647146905a8
166	1	283660	GCCGGCGG+GGGGCCCC	H5F3YDSX7	upload_user	FHXEF_laneBarcode.html	2024-05-06 09:58:30.192547+00:00	f721729b-9eec-4059-a262-d676d9770906	12008d12-5bd3-4338-a2d2-f647146905a8
167	1	283540	GGGGGGGG+TAAGTGGT	H5F3YDSX7	upload_user	FHXEF_laneBarcode.html	2024-05-06 09:58:30.192547+00:00	20a98e69-a736-4f5a-b275-d40538f7bf8f	12008d12-5bd3-4338-a2d2-f647146905a8
168	1	267940	GCCGGGCC+CGCCGCCC	H5F3YDSX7	upload_user	FHXEF_laneBarcode.html	2024-05-06 09:58:30.192547+00:00	cef4c1e5-59a9-4055-b130-4a3640558597	12008d12-5bd3-4338-a2d2-f647146905a8
169	1	256600	CCGCCGCC+CGGGCGCC	H5F3YDSX7	upload_user	FHXEF_laneBarcode.html	2024-05-06 09:58:30.192547+00:00	e4c639b8-8709-4dc2-8122-75adee967d7c	12008d12-5bd3-4338-a2d2-f647146905a8
170	2	395660	GGGGGGGG+GCGCTCTA	H5F3YDSX7	upload_user	FHXEF_laneBarcode.html	2024-05-06 09:58:30.192547+00:00	dcf0f278-1ab2-450d-9a49-b8344a260256	12008d12-5bd3-4338-a2d2-f647146905a8
171	2	362680	GGGGGGGG+CTACGACA	H5F3YDSX7	upload_user	FHXEF_laneBarcode.html	2024-05-06 09:58:30.192547+00:00	1570b62d-d823-46bf-94c6-0d10f1fa280d	12008d12-5bd3-4338-a2d2-f647146905a8
172	2	333360	GGGGGGGG+ACCTTGGC	H5F3YDSX7	upload_user	FHXEF_laneBarcode.html	2024-05-06 09:58:30.192547+00:00	3003abfb-03e8-471d-97c5-e0c6b7aba792	12008d12-5bd3-4338-a2d2-f647146905a8
173	2	330740	GGGGGGGG+GGTGAACC	H5F3YDSX7	upload_user	FHXEF_laneBarcode.html	2024-05-06 09:58:30.192547+00:00	5e0def51-544c-49ec-bf09-9b083ec9385a	12008d12-5bd3-4338-a2d2-f647146905a8
174	2	318840	GACGTCTT+GGGGGGGG	H5F3YDSX7	upload_user	FHXEF_laneBarcode.html	2024-05-06 09:58:30.192547+00:00	f4cfa36c-a6ce-426f-b879-60009c3c9c3b	12008d12-5bd3-4338-a2d2-f647146905a8
175	2	299880	GGGGGGGG+CTTGGTAT	H5F3YDSX7	upload_user	FHXEF_laneBarcode.html	2024-05-06 09:58:30.192547+00:00	60d830b5-5157-485d-b39d-ff768e933d6d	12008d12-5bd3-4338-a2d2-f647146905a8
176	2	288020	GGGGGGGG+TAAGTGGT	H5F3YDSX7	upload_user	FHXEF_laneBarcode.html	2024-05-06 09:58:30.192547+00:00	b323021f-29ee-488d-a6ff-9fd206c3f46b	12008d12-5bd3-4338-a2d2-f647146905a8
177	2	286120	GCCGGCGG+GGGGCCCC	H5F3YDSX7	upload_user	FHXEF_laneBarcode.html	2024-05-06 09:58:30.192547+00:00	67f84bab-4740-47fd-b583-074bce174fff	12008d12-5bd3-4338-a2d2-f647146905a8
178	2	271440	GCCGGGCC+CGCCGCCC	H5F3YDSX7	upload_user	FHXEF_laneBarcode.html	2024-05-06 09:58:30.192547+00:00	a02fd709-668f-448b-8885-9304060b3375	12008d12-5bd3-4338-a2d2-f647146905a8
179	2	260720	CCGCCGCC+CGGGCGCC	H5F3YDSX7	upload_user	FHXEF_laneBarcode.html	2024-05-06 09:58:30.192547+00:00	daae1a34-70ee-4232-bd72-31826132d15c	12008d12-5bd3-4338-a2d2-f647146905a8
180	3	395260	GGGGGGGG+GCGCTCTA	H5F3YDSX7	upload_user	FHXEF_laneBarcode.html	2024-05-06 09:58:30.192547+00:00	866317b9-83e2-464b-b04d-ca5e20690b84	12008d12-5bd3-4338-a2d2-f647146905a8
181	3	360900	GGGGGGGG+CTACGACA	H5F3YDSX7	upload_user	FHXEF_laneBarcode.html	2024-05-06 09:58:30.192547+00:00	7d58ba05-ef25-40d7-afe2-970b6c46ec4c	12008d12-5bd3-4338-a2d2-f647146905a8
182	3	328820	GGGGGGGG+GGTGAACC	H5F3YDSX7	upload_user	FHXEF_laneBarcode.html	2024-05-06 09:58:30.192547+00:00	1ccba044-3b6c-4b50-89b5-7adfe9834200	12008d12-5bd3-4338-a2d2-f647146905a8
183	3	321040	GGGGGGGG+ACCTTGGC	H5F3YDSX7	upload_user	FHXEF_laneBarcode.html	2024-05-06 09:58:30.192547+00:00	9c9b06fe-b289-4457-b758-c9d211091f67	12008d12-5bd3-4338-a2d2-f647146905a8
184	3	311120	GACGTCTT+GGGGGGGG	H5F3YDSX7	upload_user	FHXEF_laneBarcode.html	2024-05-06 09:58:30.192547+00:00	a7a27a08-e152-438a-a693-92f17a1dc8ec	12008d12-5bd3-4338-a2d2-f647146905a8
185	3	304300	GCCGGCGG+GGGGCCCC	H5F3YDSX7	upload_user	FHXEF_laneBarcode.html	2024-05-06 09:58:30.192547+00:00	6f6459b7-2afc-4e7e-b0ea-ad966ca4fbe8	12008d12-5bd3-4338-a2d2-f647146905a8
186	3	291940	GGGGGGGG+CTTGGTAT	H5F3YDSX7	upload_user	FHXEF_laneBarcode.html	2024-05-06 09:58:30.192547+00:00	5bc80dbb-f733-46dd-985b-c4a99fc6135b	12008d12-5bd3-4338-a2d2-f647146905a8
187	3	285840	GGGGGGGG+TAAGTGGT	H5F3YDSX7	upload_user	FHXEF_laneBarcode.html	2024-05-06 09:58:30.192547+00:00	b1c3bdfa-de8c-45fe-92bb-e4c3908f74f0	12008d12-5bd3-4338-a2d2-f647146905a8
188	3	279020	GCCGGGCC+CGCCGCCC	H5F3YDSX7	upload_user	FHXEF_laneBarcode.html	2024-05-06 09:58:30.192547+00:00	75b2dbeb-7c52-4b0e-a98c-ec51603aba11	12008d12-5bd3-4338-a2d2-f647146905a8
189	3	274160	CCCCGGGG+CGGGGGCG	H5F3YDSX7	upload_user	FHXEF_laneBarcode.html	2024-05-06 09:58:30.192547+00:00	887f84b6-aff7-4a91-897c-f468f01a7508	12008d12-5bd3-4338-a2d2-f647146905a8
190	4	397560	GGGGGGGG+GCGCTCTA	H5F3YDSX7	upload_user	FHXEF_laneBarcode.html	2024-05-06 09:58:30.192547+00:00	c9187e2b-cb0d-4ef9-a3bc-725ee340fb12	12008d12-5bd3-4338-a2d2-f647146905a8
191	4	357680	GGGGGGGG+CTACGACA	H5F3YDSX7	upload_user	FHXEF_laneBarcode.html	2024-05-06 09:58:30.192547+00:00	89d263ae-e6f5-4ec1-9b09-2d559bc3db3d	12008d12-5bd3-4338-a2d2-f647146905a8
192	4	326940	GGGGGGGG+ACCTTGGC	H5F3YDSX7	upload_user	FHXEF_laneBarcode.html	2024-05-06 09:58:30.192547+00:00	6bc03890-c9fc-48de-9753-78e42311a31e	12008d12-5bd3-4338-a2d2-f647146905a8
193	4	325880	GGGGGGGG+GGTGAACC	H5F3YDSX7	upload_user	FHXEF_laneBarcode.html	2024-05-06 09:58:30.192547+00:00	15536ca0-c6ac-44dc-8b54-3554e652d58e	12008d12-5bd3-4338-a2d2-f647146905a8
194	4	319980	GACGTCTT+GGGGGGGG	H5F3YDSX7	upload_user	FHXEF_laneBarcode.html	2024-05-06 09:58:30.192547+00:00	652fbf1d-307e-4533-8379-bde36e9860d4	12008d12-5bd3-4338-a2d2-f647146905a8
195	4	306520	GCCGGCGG+GGGGCCCC	H5F3YDSX7	upload_user	FHXEF_laneBarcode.html	2024-05-06 09:58:30.192547+00:00	6fb2a613-b8a4-43db-b93a-481d5c83fa29	12008d12-5bd3-4338-a2d2-f647146905a8
196	4	291460	GGGGGGGG+TAAGTGGT	H5F3YDSX7	upload_user	FHXEF_laneBarcode.html	2024-05-06 09:58:30.192547+00:00	1c1f47dd-34b2-4a7a-88e6-9279af28a3d9	12008d12-5bd3-4338-a2d2-f647146905a8
197	4	290340	GGGGGGGG+CTTGGTAT	H5F3YDSX7	upload_user	FHXEF_laneBarcode.html	2024-05-06 09:58:30.192547+00:00	d8345c80-491b-4162-88bc-80e6d0b460cd	12008d12-5bd3-4338-a2d2-f647146905a8
198	4	286940	GCCGGGCC+CGCCGCCC	H5F3YDSX7	upload_user	FHXEF_laneBarcode.html	2024-05-06 09:58:30.192547+00:00	09ea8cef-0c22-4747-9fca-3e34caf75883	12008d12-5bd3-4338-a2d2-f647146905a8
199	4	280560	CCCCGGGG+CGGGGGCG	H5F3YDSX7	upload_user	FHXEF_laneBarcode.html	2024-05-06 09:58:30.192547+00:00	a52a2984-3c54-4faa-845d-51cfec2ec062	12008d12-5bd3-4338-a2d2-f647146905a8
200	1	1223360	TGATGGCT+CGGTTGTT	HNLYFDSX5	upload_user	342IX_laneBarcode.html	2024-05-06 11:22:27.866939+00:00	f45d410a-ab4c-41b5-83b7-b8a243bcc160	65412c06-7fbc-4658-9596-27086a86641a
201	1	764800	AGGCCGTG+CCCGCACG	HNLYFDSX5	upload_user	342IX_laneBarcode.html	2024-05-06 11:22:27.866939+00:00	eedd176f-d38c-4431-9a5e-463d6ff3c14b	65412c06-7fbc-4658-9596-27086a86641a
202	1	705300	ATCGGCGA+CCTTCTTG	HNLYFDSX5	upload_user	342IX_laneBarcode.html	2024-05-06 11:22:27.866939+00:00	9bc7d685-0d00-4b36-b403-4ba9e3e634a1	65412c06-7fbc-4658-9596-27086a86641a
203	1	557140	GGGGGGGG+ATACATCA	HNLYFDSX5	upload_user	342IX_laneBarcode.html	2024-05-06 11:22:27.866939+00:00	785f61ad-c655-4fdc-96ee-2989e8810916	65412c06-7fbc-4658-9596-27086a86641a
204	1	543580	GGGGGGGG+TTCTTAAC	HNLYFDSX5	upload_user	342IX_laneBarcode.html	2024-05-06 11:22:27.866939+00:00	9fb5a685-ba45-4af7-bb1e-aa9b5f6e5780	65412c06-7fbc-4658-9596-27086a86641a
205	1	528800	GCAATATT+CCTTGGCG	HNLYFDSX5	upload_user	342IX_laneBarcode.html	2024-05-06 11:22:27.866939+00:00	4e8aac5a-4c42-4619-a2a6-b505b3f13dca	65412c06-7fbc-4658-9596-27086a86641a
206	1	513660	TGATGGCT+CGGGTGTT	HNLYFDSX5	upload_user	342IX_laneBarcode.html	2024-05-06 11:22:27.866939+00:00	8fd087c3-218b-4de2-a5b0-cd47e12ad390	65412c06-7fbc-4658-9596-27086a86641a
207	1	488400	GGGGGGGG+ATGTTGTT	HNLYFDSX5	upload_user	342IX_laneBarcode.html	2024-05-06 11:22:27.866939+00:00	a6fdb70b-7c93-48a8-b872-80e5453891a8	65412c06-7fbc-4658-9596-27086a86641a
208	1	460860	GAACGCAA+CCCGTAAG	HNLYFDSX5	upload_user	342IX_laneBarcode.html	2024-05-06 11:22:27.866939+00:00	0f4c1646-4005-4a1a-a3ea-6f36d460cf0c	65412c06-7fbc-4658-9596-27086a86641a
209	1	446220	GGGGGGGG+CTGAGCCG	HNLYFDSX5	upload_user	342IX_laneBarcode.html	2024-05-06 11:22:27.866939+00:00	212d3f11-9d50-4941-8e01-3404b72ec609	65412c06-7fbc-4658-9596-27086a86641a
210	2	15363820	TCCAACGC+CCGTCCAA	HNLYFDSX5	upload_user	342IX_laneBarcode.html	2024-05-06 11:22:27.866939+00:00	d08db2a5-86a8-4dd4-80a3-81ea2492c722	65412c06-7fbc-4658-9596-27086a86641a
211	2	2873320	AAGATACT+CGGTAAGT	HNLYFDSX5	upload_user	342IX_laneBarcode.html	2024-05-06 11:22:27.866939+00:00	10ade2da-a1d7-4fb9-94a3-6221706d975d	65412c06-7fbc-4658-9596-27086a86641a
212	2	2374360	TACCGAGG+CGGTCAGG	HNLYFDSX5	upload_user	342IX_laneBarcode.html	2024-05-06 11:22:27.866939+00:00	73edd475-af83-4f43-b1f8-777d5a56085c	65412c06-7fbc-4658-9596-27086a86641a
213	2	2008660	GGGGGGGG+TCCAACGC	HNLYFDSX5	upload_user	342IX_laneBarcode.html	2024-05-06 11:22:27.866939+00:00	0b9f8e19-eb55-4436-b310-88fe0d2ae83b	65412c06-7fbc-4658-9596-27086a86641a
214	2	1319720	ACCTTGGC+CTGCGGCC	HNLYFDSX5	upload_user	342IX_laneBarcode.html	2024-05-06 11:22:27.866939+00:00	2f940e54-17b7-4bad-bed4-b4c36f44f5fa	65412c06-7fbc-4658-9596-27086a86641a
215	2	1092540	AAGATACT+CTGGAAGT	HNLYFDSX5	upload_user	342IX_laneBarcode.html	2024-05-06 11:22:27.866939+00:00	5c587306-41cc-4b06-8edd-e326aa7fd902	65412c06-7fbc-4658-9596-27086a86641a
216	2	1076420	GGTGAACC+GCCCACGC	HNLYFDSX5	upload_user	342IX_laneBarcode.html	2024-05-06 11:22:27.866939+00:00	a2cedb9a-e4dc-4d80-b4fb-20e0821fdc7f	65412c06-7fbc-4658-9596-27086a86641a
217	2	1063040	TACCGAGG+CGTTCCGG	HNLYFDSX5	upload_user	342IX_laneBarcode.html	2024-05-06 11:22:27.866939+00:00	3f0e0249-0c23-4b65-886a-eb3ca99dc707	65412c06-7fbc-4658-9596-27086a86641a
218	2	1053340	ACCTTGGC+CGGAGGCC	HNLYFDSX5	upload_user	342IX_laneBarcode.html	2024-05-06 11:22:27.866939+00:00	dadc3c98-f5f4-4ff5-b7e4-136cbbfa888d	65412c06-7fbc-4658-9596-27086a86641a
219	2	805840	GTTCCAAT+GCCGACTT	HNLYFDSX5	upload_user	342IX_laneBarcode.html	2024-05-06 11:22:27.866939+00:00	e8d023d3-ed79-4027-9c55-d448df889cc2	65412c06-7fbc-4658-9596-27086a86641a
220	3	14824260	TCCAACGC+CCGTCCAA	HNLYFDSX5	upload_user	342IX_laneBarcode.html	2024-05-06 11:22:27.866939+00:00	b0e4b089-38f3-4bbe-8b50-1b860e7d2cfe	65412c06-7fbc-4658-9596-27086a86641a
221	3	2974900	AAGATACT+CGGTAAGT	HNLYFDSX5	upload_user	342IX_laneBarcode.html	2024-05-06 11:22:27.866939+00:00	c29c962d-794e-4a46-9767-619652e6d9c3	65412c06-7fbc-4658-9596-27086a86641a
222	3	2391000	TACCGAGG+CGGTCAGG	HNLYFDSX5	upload_user	342IX_laneBarcode.html	2024-05-06 11:22:27.866939+00:00	2c6bd5aa-56a5-40df-b478-9894eb1ffa9b	65412c06-7fbc-4658-9596-27086a86641a
223	3	1957420	GGGGGGGG+TCCAACGC	HNLYFDSX5	upload_user	342IX_laneBarcode.html	2024-05-06 11:22:27.866939+00:00	7b4b2b85-4148-4936-99bd-37ac0db941c9	65412c06-7fbc-4658-9596-27086a86641a
224	3	1550500	ACCTTGGC+CTGCGGCC	HNLYFDSX5	upload_user	342IX_laneBarcode.html	2024-05-06 11:22:27.866939+00:00	870f8077-933b-42aa-a26b-51cf8f360134	65412c06-7fbc-4658-9596-27086a86641a
225	3	1521240	GGTGAACC+GCCCACGC	HNLYFDSX5	upload_user	342IX_laneBarcode.html	2024-05-06 11:22:27.866939+00:00	655a2a64-3d27-4d66-afbb-a181bf87642b	65412c06-7fbc-4658-9596-27086a86641a
226	3	1352900	AAGATACT+CTGGAAGT	HNLYFDSX5	upload_user	342IX_laneBarcode.html	2024-05-06 11:22:27.866939+00:00	2d416de8-21bc-44b0-8825-63d5d658c396	65412c06-7fbc-4658-9596-27086a86641a
227	3	1099640	ACCTTGGC+CGGAGGCC	HNLYFDSX5	upload_user	342IX_laneBarcode.html	2024-05-06 11:22:27.866939+00:00	a72502ce-c8ca-4fd2-80af-81465259e1a8	65412c06-7fbc-4658-9596-27086a86641a
228	3	1016500	TACCGAGG+CGTTCCGG	HNLYFDSX5	upload_user	342IX_laneBarcode.html	2024-05-06 11:22:27.866939+00:00	8461ce50-60ae-4e55-9f65-991f741736f9	65412c06-7fbc-4658-9596-27086a86641a
229	3	960320	GTTCCAAT+GCCGACTT	HNLYFDSX5	upload_user	342IX_laneBarcode.html	2024-05-06 11:22:27.866939+00:00	41063899-0d9e-440f-b02b-75466481956f	65412c06-7fbc-4658-9596-27086a86641a
230	4	14298260	TCCAACGC+CCGTCCAA	HNLYFDSX5	upload_user	342IX_laneBarcode.html	2024-05-06 11:22:27.866939+00:00	8395ccba-5e6e-4c56-8533-9ca4377d4a6b	65412c06-7fbc-4658-9596-27086a86641a
231	4	2719940	AAGATACT+CGGTAAGT	HNLYFDSX5	upload_user	342IX_laneBarcode.html	2024-05-06 11:22:27.866939+00:00	4caae581-b317-4939-ba41-8d2d96d4f88d	65412c06-7fbc-4658-9596-27086a86641a
232	4	1976700	TACCGAGG+CGGTCAGG	HNLYFDSX5	upload_user	342IX_laneBarcode.html	2024-05-06 11:22:27.866939+00:00	58662844-ab5c-4f24-817b-c92422a3b044	65412c06-7fbc-4658-9596-27086a86641a
233	4	1823800	GGGGGGGG+TCCAACGC	HNLYFDSX5	upload_user	342IX_laneBarcode.html	2024-05-06 11:22:27.866939+00:00	c9e633bc-0a1f-4b63-94b6-32c3df9897c8	65412c06-7fbc-4658-9596-27086a86641a
234	4	1564400	GGTGAACC+GCCCACGC	HNLYFDSX5	upload_user	342IX_laneBarcode.html	2024-05-06 11:22:27.866939+00:00	cc0d36f6-52f4-4a7a-aa96-da06605f4a7a	65412c06-7fbc-4658-9596-27086a86641a
235	4	1464460	ACCTTGGC+CTGCGGCC	HNLYFDSX5	upload_user	342IX_laneBarcode.html	2024-05-06 11:22:27.866939+00:00	eb46a0f8-a592-43e6-923d-7e569e3ffd95	65412c06-7fbc-4658-9596-27086a86641a
236	4	1321400	GTTCCAAT+GCCGACTT	HNLYFDSX5	upload_user	342IX_laneBarcode.html	2024-05-06 11:22:27.866939+00:00	f3fe6a63-ce67-45fe-990e-06c301f14052	65412c06-7fbc-4658-9596-27086a86641a
237	4	1094480	AAGATACT+CTGGAAGT	HNLYFDSX5	upload_user	342IX_laneBarcode.html	2024-05-06 11:22:27.866939+00:00	a9039f80-f338-4597-9f56-bd5d1cd41a92	65412c06-7fbc-4658-9596-27086a86641a
238	4	1086060	ACCTTGGC+CGGAGGCC	HNLYFDSX5	upload_user	342IX_laneBarcode.html	2024-05-06 11:22:27.866939+00:00	b09bd044-f51f-4713-8f17-2ea5f0093c4d	65412c06-7fbc-4658-9596-27086a86641a
239	4	963000	TTACAGGA+GGGTGTCA	HNLYFDSX5	upload_user	342IX_laneBarcode.html	2024-05-06 11:22:27.866939+00:00	dd529607-8e23-4f8e-93b8-f59ccec5678b	65412c06-7fbc-4658-9596-27086a86641a
240	1	422720	AGGCCGTGGA+CCCGCACGAG	HVG35DRX3	upload_user	BHEP6_laneBarcode.html	2024-05-06 11:27:27.076542+00:00	d7750d3c-cb12-4e81-8c55-e0c587f4101b	505cdd3f-5b85-4906-8219-8acf0d31637f
241	1	363660	NNNNNNNNNN+NNNNNNNNNN	HVG35DRX3	upload_user	BHEP6_laneBarcode.html	2024-05-06 11:27:27.076542+00:00	b11c8067-b87e-4152-ad8e-4a08980995d6	505cdd3f-5b85-4906-8219-8acf0d31637f
242	1	357960	GGGGGGGGGG+CAGCACGGAG	HVG35DRX3	upload_user	BHEP6_laneBarcode.html	2024-05-06 11:27:27.076542+00:00	d297aeff-f9b2-4573-aa2e-37558ecb9d00	505cdd3f-5b85-4906-8219-8acf0d31637f
243	1	292360	AGGCCGTGGA+GGCGCACGAG	HVG35DRX3	upload_user	BHEP6_laneBarcode.html	2024-05-06 11:27:27.076542+00:00	ed664dde-5eec-478a-a8ac-f4e54eabc6ab	505cdd3f-5b85-4906-8219-8acf0d31637f
244	1	288020	AGAGAACCTA+GGGCATAACC	HVG35DRX3	upload_user	BHEP6_laneBarcode.html	2024-05-06 11:27:27.076542+00:00	20ca9c93-0131-4f3c-821f-ce2299f50f50	505cdd3f-5b85-4906-8219-8acf0d31637f
245	1	282520	GATATTGTGT+GGCGTGTGGT	HVG35DRX3	upload_user	BHEP6_laneBarcode.html	2024-05-06 11:27:27.076542+00:00	7bc07e16-dae4-46f4-bfbb-c5361ed623ba	505cdd3f-5b85-4906-8219-8acf0d31637f
246	1	280500	ATACTTGTTC+GGGGCGGTTA	HVG35DRX3	upload_user	BHEP6_laneBarcode.html	2024-05-06 11:27:27.076542+00:00	755b98f7-dd83-4465-b568-4330aa5dfc60	505cdd3f-5b85-4906-8219-8acf0d31637f
247	1	278240	TCCGCCAATT+GGGCACGGAG	HVG35DRX3	upload_user	BHEP6_laneBarcode.html	2024-05-06 11:27:27.076542+00:00	626c1c76-95a6-4d1c-b708-3df888ea146b	505cdd3f-5b85-4906-8219-8acf0d31637f
248	1	261600	TCCGCCAATT+GGGGGGGGGG	HVG35DRX3	upload_user	BHEP6_laneBarcode.html	2024-05-06 11:27:27.076542+00:00	1558a0e3-e8c3-4ad4-adb2-486cb31386e3	505cdd3f-5b85-4906-8219-8acf0d31637f
249	1	245180	AGGACAGGCC+CGCGGGAATG	HVG35DRX3	upload_user	BHEP6_laneBarcode.html	2024-05-06 11:27:27.076542+00:00	d2fd6e37-53a5-44eb-bdf6-7802a8998240	505cdd3f-5b85-4906-8219-8acf0d31637f
250	2	405260	NNNNNNNNNN+NNNNNNNNNN	HVG35DRX3	upload_user	BHEP6_laneBarcode.html	2024-05-06 11:27:27.076542+00:00	6c23fe3f-5b38-41ea-b9d9-555354492018	505cdd3f-5b85-4906-8219-8acf0d31637f
251	2	355320	GGGGGGGGGG+CAGCACGGAG	HVG35DRX3	upload_user	BHEP6_laneBarcode.html	2024-05-06 11:27:27.076542+00:00	d5e529b5-278b-46a5-ac07-119e82cb9cce	505cdd3f-5b85-4906-8219-8acf0d31637f
252	2	343840	AGGCCGTGGA+CCCGCACGAG	HVG35DRX3	upload_user	BHEP6_laneBarcode.html	2024-05-06 11:27:27.076542+00:00	6160eac3-6f77-4421-9ab2-d70c0c44ef62	505cdd3f-5b85-4906-8219-8acf0d31637f
253	2	241620	TCCGCCAATT+GGGGGGGGGG	HVG35DRX3	upload_user	BHEP6_laneBarcode.html	2024-05-06 11:27:27.076542+00:00	e7f2f8e7-2c0d-426b-b685-003b5f444371	505cdd3f-5b85-4906-8219-8acf0d31637f
254	2	213660	AGGACAGGCC+CGCGGGAATG	HVG35DRX3	upload_user	BHEP6_laneBarcode.html	2024-05-06 11:27:27.076542+00:00	81725a51-921d-432f-a85a-f7c33138df11	505cdd3f-5b85-4906-8219-8acf0d31637f
255	2	206460	GGGGGGGGGG+TCGGCGGTTA	HVG35DRX3	upload_user	BHEP6_laneBarcode.html	2024-05-06 11:27:27.076542+00:00	71850f8b-709c-4949-80c7-aabe621529f8	505cdd3f-5b85-4906-8219-8acf0d31637f
256	2	200960	ATACTTGTTC+GGGGGGGGGG	HVG35DRX3	upload_user	BHEP6_laneBarcode.html	2024-05-06 11:27:27.076542+00:00	aed1100f-2b1b-47f1-b567-22b8043ec516	505cdd3f-5b85-4906-8219-8acf0d31637f
257	2	179960	GATATTGTGT+CCCGGGTGGT	HVG35DRX3	upload_user	BHEP6_laneBarcode.html	2024-05-06 11:27:27.076542+00:00	0b41b3e0-8236-4a51-8010-c8bc1dfec672	505cdd3f-5b85-4906-8219-8acf0d31637f
258	2	155600	CTGCGTTACC+GGGGGGGGGG	HVG35DRX3	upload_user	BHEP6_laneBarcode.html	2024-05-06 11:27:27.076542+00:00	eb90fe20-6897-480a-bc84-2f41d1f7ff9b	505cdd3f-5b85-4906-8219-8acf0d31637f
259	2	153600	TCTAGGCGCG+GGGGGGGGGG	HVG35DRX3	upload_user	BHEP6_laneBarcode.html	2024-05-06 11:27:27.076542+00:00	d08688fe-378a-4694-969a-2a037417365c	505cdd3f-5b85-4906-8219-8acf0d31637f
260	1	945680	GCAATATTCA+CCTTGGCGCC	HTMGNDSX5	upload_user	BNW8A_laneBarcode.html	2024-05-06 11:28:18.839121+00:00	cf8c6519-9e6f-469e-b165-378396981620	006ab4a5-2019-4479-a455-0e3f18c5bca6
261	1	941340	GGGGGGGGGG+TGCCAACTGG	HTMGNDSX5	upload_user	BNW8A_laneBarcode.html	2024-05-06 11:28:18.839121+00:00	22495ac0-d735-4160-a3a3-513fce736f5e	006ab4a5-2019-4479-a455-0e3f18c5bca6
262	1	851480	ATTGTTCGTC+CCTCTAGAGA	HTMGNDSX5	upload_user	BNW8A_laneBarcode.html	2024-05-06 11:28:18.839121+00:00	7df8c8ac-eddb-4b85-bb5a-8a7c0c9194ce	006ab4a5-2019-4479-a455-0e3f18c5bca6
263	1	774340	ATCGGCGAAG+CCTTCTTGGA	HTMGNDSX5	upload_user	BNW8A_laneBarcode.html	2024-05-06 11:28:18.839121+00:00	cc2c0e24-d1ea-450d-a99c-327b54fd6fba	006ab4a5-2019-4479-a455-0e3f18c5bca6
264	1	748140	TTCCTACAGC+CGACTTCGCC	HTMGNDSX5	upload_user	BNW8A_laneBarcode.html	2024-05-06 11:28:18.839121+00:00	83fcebd6-105d-429a-8149-5192a9baa8cb	006ab4a5-2019-4479-a455-0e3f18c5bca6
265	1	571100	GGGGGGGGGG+TAGGCTCGCG	HTMGNDSX5	upload_user	BNW8A_laneBarcode.html	2024-05-06 11:28:18.839121+00:00	c8ddf3ec-51c2-431f-af69-b710fcc0518f	006ab4a5-2019-4479-a455-0e3f18c5bca6
266	1	555180	AGGAGGTATC+GGGGGGGGGG	HTMGNDSX5	upload_user	BNW8A_laneBarcode.html	2024-05-06 11:28:18.839121+00:00	61aef454-777c-4a6c-a97c-a2f8a2a6b81b	006ab4a5-2019-4479-a455-0e3f18c5bca6
267	1	524000	GGACCAGTGG+GGGGGGGGGG	HTMGNDSX5	upload_user	BNW8A_laneBarcode.html	2024-05-06 11:28:18.839121+00:00	76f8874d-e62b-42cf-a939-710fb7fe3490	006ab4a5-2019-4479-a455-0e3f18c5bca6
268	1	424080	AGGCCGTGGA+CCCGCACGAG	HTMGNDSX5	upload_user	BNW8A_laneBarcode.html	2024-05-06 11:28:18.839121+00:00	b2bc5d49-6033-408d-8f38-328dfdcf8b8b	006ab4a5-2019-4479-a455-0e3f18c5bca6
269	1	382520	AATTCTTGGA+CCGTTGACAA	HTMGNDSX5	upload_user	BNW8A_laneBarcode.html	2024-05-06 11:28:18.839121+00:00	57617884-1e6a-40cc-830c-884174438efc	006ab4a5-2019-4479-a455-0e3f18c5bca6
270	2	988180	ATTGTTCGTC+CCTCTAGAGA	HTMGNDSX5	upload_user	BNW8A_laneBarcode.html	2024-05-06 11:28:18.839121+00:00	3bbff59c-b920-4304-b9c2-77267f67e1ab	006ab4a5-2019-4479-a455-0e3f18c5bca6
271	2	984700	GCAATATTCA+CCTTGGCGCC	HTMGNDSX5	upload_user	BNW8A_laneBarcode.html	2024-05-06 11:28:18.839121+00:00	46428c3d-7284-4b00-9794-ff854342ea7d	006ab4a5-2019-4479-a455-0e3f18c5bca6
272	2	969480	GGGGGGGGGG+TGCCAACTGG	HTMGNDSX5	upload_user	BNW8A_laneBarcode.html	2024-05-06 11:28:18.839121+00:00	196d6ead-4f43-468f-956b-f93f83433c03	006ab4a5-2019-4479-a455-0e3f18c5bca6
273	2	849420	ATCGGCGAAG+CCTTCTTGGA	HTMGNDSX5	upload_user	BNW8A_laneBarcode.html	2024-05-06 11:28:18.839121+00:00	2699e19d-ad1e-48c5-b3b8-a71646b95921	006ab4a5-2019-4479-a455-0e3f18c5bca6
274	2	790400	TTCCTACAGC+CGACTTCGCC	HTMGNDSX5	upload_user	BNW8A_laneBarcode.html	2024-05-06 11:28:18.839121+00:00	c3cb7dd8-b403-4542-89a3-2c5518ece479	006ab4a5-2019-4479-a455-0e3f18c5bca6
275	2	583740	GGGGGGGGGG+TAGGCTCGCG	HTMGNDSX5	upload_user	BNW8A_laneBarcode.html	2024-05-06 11:28:18.839121+00:00	87478712-25d5-4045-bb57-13d10480e08e	006ab4a5-2019-4479-a455-0e3f18c5bca6
276	2	550100	AGGAGGTATC+GGGGGGGGGG	HTMGNDSX5	upload_user	BNW8A_laneBarcode.html	2024-05-06 11:28:18.839121+00:00	3a673942-773c-4669-80e8-905e4ac9b92f	006ab4a5-2019-4479-a455-0e3f18c5bca6
277	2	518980	GGACCAGTGG+GGGGGGGGGG	HTMGNDSX5	upload_user	BNW8A_laneBarcode.html	2024-05-06 11:28:18.839121+00:00	1bf722c1-995c-4261-8116-0d7b2aeb2de8	006ab4a5-2019-4479-a455-0e3f18c5bca6
278	2	451080	AGGCCGTGGA+CCCGCACGAG	HTMGNDSX5	upload_user	BNW8A_laneBarcode.html	2024-05-06 11:28:18.839121+00:00	11be8b0a-2833-4322-93bb-164109d0c21e	006ab4a5-2019-4479-a455-0e3f18c5bca6
279	2	413760	AATTCTTGGA+CCGTTGACAA	HTMGNDSX5	upload_user	BNW8A_laneBarcode.html	2024-05-06 11:28:18.839121+00:00	1ec184d8-c875-4ff0-b3e2-48fa16ae9c5c	006ab4a5-2019-4479-a455-0e3f18c5bca6
280	3	983220	GGGGGGGGGG+TGCCAACTGG	HTMGNDSX5	upload_user	BNW8A_laneBarcode.html	2024-05-06 11:28:18.839121+00:00	b3343d01-be18-4bf9-af9d-2df20938d1aa	006ab4a5-2019-4479-a455-0e3f18c5bca6
281	3	591160	GGGGGGGGGG+TAGGCTCGCG	HTMGNDSX5	upload_user	BNW8A_laneBarcode.html	2024-05-06 11:28:18.839121+00:00	72d78517-8f85-46e8-b0c8-2c95886336cd	006ab4a5-2019-4479-a455-0e3f18c5bca6
282	3	532000	AGGAGGTATC+GGGGGGGGGG	HTMGNDSX5	upload_user	BNW8A_laneBarcode.html	2024-05-06 11:28:18.839121+00:00	affd2e57-1b45-4cca-ba06-e9fc6e84a47f	006ab4a5-2019-4479-a455-0e3f18c5bca6
283	3	502540	GGACCAGTGG+GGGGGGGGGG	HTMGNDSX5	upload_user	BNW8A_laneBarcode.html	2024-05-06 11:28:18.839121+00:00	c3f67b4e-ea1a-4eae-8202-a619f79179c9	006ab4a5-2019-4479-a455-0e3f18c5bca6
284	3	408540	TTCCTACAGC+CGACTTCGCC	HTMGNDSX5	upload_user	BNW8A_laneBarcode.html	2024-05-06 11:28:18.839121+00:00	464d5580-d32f-4191-9e9e-b5152f45e5ee	006ab4a5-2019-4479-a455-0e3f18c5bca6
285	3	350060	GGGGGGGGGG+CTTATTGGCC	HTMGNDSX5	upload_user	BNW8A_laneBarcode.html	2024-05-06 11:28:18.839121+00:00	ccd84fcf-dbcb-464d-9843-7e1369954231	006ab4a5-2019-4479-a455-0e3f18c5bca6
286	3	345120	GGGGGGGGGG+TGTCTGGCCT	HTMGNDSX5	upload_user	BNW8A_laneBarcode.html	2024-05-06 11:28:18.839121+00:00	3a5aa103-9071-4a44-b6c9-2521babf50c6	006ab4a5-2019-4479-a455-0e3f18c5bca6
287	3	329760	GAATACCTAT+GGGGGGGGGG	HTMGNDSX5	upload_user	BNW8A_laneBarcode.html	2024-05-06 11:28:18.839121+00:00	567fee5f-7969-4bf4-b2aa-db83398e24f5	006ab4a5-2019-4479-a455-0e3f18c5bca6
288	3	328040	GCAATATTCA+CCTTGGCGCC	HTMGNDSX5	upload_user	BNW8A_laneBarcode.html	2024-05-06 11:28:18.839121+00:00	13ceb84e-5345-490d-99dd-2ed718604f35	006ab4a5-2019-4479-a455-0e3f18c5bca6
289	3	321560	GGGGGGGGGG+AATTGGCGCC	HTMGNDSX5	upload_user	BNW8A_laneBarcode.html	2024-05-06 11:28:18.839121+00:00	97fa07d5-a589-4589-8621-e01a62a69c25	006ab4a5-2019-4479-a455-0e3f18c5bca6
290	4	978100	GGGGGGGGGG+TGCCAACTGG	HTMGNDSX5	upload_user	BNW8A_laneBarcode.html	2024-05-06 11:28:18.839121+00:00	40620e14-b952-42a8-90b9-535d2b19d275	006ab4a5-2019-4479-a455-0e3f18c5bca6
291	4	587420	GGGGGGGGGG+TAGGCTCGCG	HTMGNDSX5	upload_user	BNW8A_laneBarcode.html	2024-05-06 11:28:18.839121+00:00	c3204eb3-7d3f-46fa-a96e-ff253bd57b6f	006ab4a5-2019-4479-a455-0e3f18c5bca6
292	4	527380	AGGAGGTATC+GGGGGGGGGG	HTMGNDSX5	upload_user	BNW8A_laneBarcode.html	2024-05-06 11:28:18.839121+00:00	cc484dcd-22f6-41d7-bfb1-a15f1a81feb1	006ab4a5-2019-4479-a455-0e3f18c5bca6
293	4	510820	GGACCAGTGG+GGGGGGGGGG	HTMGNDSX5	upload_user	BNW8A_laneBarcode.html	2024-05-06 11:28:18.839121+00:00	b58b0b18-ae72-4d37-b54b-ce248e5e945f	006ab4a5-2019-4479-a455-0e3f18c5bca6
294	4	343520	GGGGGGGGGG+TGTCTGGCCT	HTMGNDSX5	upload_user	BNW8A_laneBarcode.html	2024-05-06 11:28:18.839121+00:00	788f933a-f797-4098-b542-6c4fbb40130b	006ab4a5-2019-4479-a455-0e3f18c5bca6
295	4	342560	GGGGGGGGGG+CTTATTGGCC	HTMGNDSX5	upload_user	BNW8A_laneBarcode.html	2024-05-06 11:28:18.839121+00:00	39f913c7-1c6f-4e8e-86ca-aee3c2eeb927	006ab4a5-2019-4479-a455-0e3f18c5bca6
296	4	335060	GAATACCTAT+GGGGGGGGGG	HTMGNDSX5	upload_user	BNW8A_laneBarcode.html	2024-05-06 11:28:18.839121+00:00	481f85ec-5429-4fff-a870-5931e44febf3	006ab4a5-2019-4479-a455-0e3f18c5bca6
297	4	317480	GGGGGGGGGG+AATTGGCGCC	HTMGNDSX5	upload_user	BNW8A_laneBarcode.html	2024-05-06 11:28:18.839121+00:00	bd18541b-d145-440b-ae84-96197d7d9021	006ab4a5-2019-4479-a455-0e3f18c5bca6
298	4	316560	TTCCTACAGC+CGACTTCGCC	HTMGNDSX5	upload_user	BNW8A_laneBarcode.html	2024-05-06 11:28:18.839121+00:00	fd265995-2815-4a77-8880-52ce76419ec7	006ab4a5-2019-4479-a455-0e3f18c5bca6
299	4	294020	GGGGGGGGGG+CGCCATATCT	HTMGNDSX5	upload_user	BNW8A_laneBarcode.html	2024-05-06 11:28:18.839121+00:00	aaab7066-4cf8-4590-b612-d239b7f02c28	006ab4a5-2019-4479-a455-0e3f18c5bca6
300	1	1571560	GGGGGGGGGG+AGGCCGTGGA	HNLVTDSX5	upload_user	BQVAC_laneBarcode.html	2024-05-06 11:29:51.702786+00:00	4f436d7c-a3e1-434e-b742-c73427e63b41	4668e593-8281-4742-9cef-29b560d3673e
301	1	1465500	TCAATGGAGA+GGGGTAGTGC	HNLVTDSX5	upload_user	BQVAC_laneBarcode.html	2024-05-06 11:29:51.702786+00:00	168d0c32-4062-4501-bd27-dc4ac89f8946	4668e593-8281-4742-9cef-29b560d3673e
302	1	1141420	ATGGCGCCTG+GGGGGGGGGG	HNLVTDSX5	upload_user	BQVAC_laneBarcode.html	2024-05-06 11:29:51.702786+00:00	2bb290e4-4045-45fe-9e4b-f12656090e99	4668e593-8281-4742-9cef-29b560d3673e
303	1	1128420	TGATGGCTAC+CGGTTGTTGG	HNLVTDSX5	upload_user	BQVAC_laneBarcode.html	2024-05-06 11:29:51.702786+00:00	1159894b-cb5d-4e32-91bd-516aa0c02a7e	4668e593-8281-4742-9cef-29b560d3673e
304	1	949040	ATGGCGCCTG+CGGCCGGGGA	HNLVTDSX5	upload_user	BQVAC_laneBarcode.html	2024-05-06 11:29:51.702786+00:00	6edad356-f0fd-4117-b093-98e010f4c55c	4668e593-8281-4742-9cef-29b560d3673e
305	1	767360	ATCGGCGAAG+CCTTCTTGGA	HNLVTDSX5	upload_user	BQVAC_laneBarcode.html	2024-05-06 11:29:51.702786+00:00	b12567a7-c8ec-4640-96ef-b614a05ddfaa	4668e593-8281-4742-9cef-29b560d3673e
306	1	677020	GAATACCTAT+GGGGGGGGGG	HNLVTDSX5	upload_user	BQVAC_laneBarcode.html	2024-05-06 11:29:51.702786+00:00	9c4986f0-b423-485c-bd2b-54a2e344771c	4668e593-8281-4742-9cef-29b560d3673e
307	1	610240	ATGGCGCCTG+ACAGTAAGAT	HNLVTDSX5	upload_user	BQVAC_laneBarcode.html	2024-05-06 11:29:51.702786+00:00	7b0e9f44-f5ac-4c2e-8472-d5013fec6e88	4668e593-8281-4742-9cef-29b560d3673e
308	1	515820	AGGCAGCTCT+GGGGGGGGGG	HNLVTDSX5	upload_user	BQVAC_laneBarcode.html	2024-05-06 11:29:51.702786+00:00	449f146f-9a24-464f-9ade-50cbb73efb4f	4668e593-8281-4742-9cef-29b560d3673e
309	1	465580	TGATGGCTAC+CGGGTGTTGG	HNLVTDSX5	upload_user	BQVAC_laneBarcode.html	2024-05-06 11:29:51.702786+00:00	9ea22302-92e2-4332-831a-aa7bca51c3e5	4668e593-8281-4742-9cef-29b560d3673e
310	2	1645280	GGGGGGGGGG+AGGCCGTGGA	HNLVTDSX5	upload_user	BQVAC_laneBarcode.html	2024-05-06 11:29:51.702786+00:00	04ac3c5a-a00f-4145-aeff-696542821490	4668e593-8281-4742-9cef-29b560d3673e
311	2	1297840	TCAATGGAGA+GGGGTAGTGC	HNLVTDSX5	upload_user	BQVAC_laneBarcode.html	2024-05-06 11:29:51.702786+00:00	01365d3b-bd17-4805-83b0-90644a98996b	4668e593-8281-4742-9cef-29b560d3673e
312	2	1147720	ATGGCGCCTG+GGGGGGGGGG	HNLVTDSX5	upload_user	BQVAC_laneBarcode.html	2024-05-06 11:29:51.702786+00:00	012b2a77-9cc9-4541-802a-16343cd77585	4668e593-8281-4742-9cef-29b560d3673e
313	2	1102520	ATGGCGCCTG+CGGCCGGGGA	HNLVTDSX5	upload_user	BQVAC_laneBarcode.html	2024-05-06 11:29:51.702786+00:00	645a99f7-af49-46a8-8760-f637315ebcd9	4668e593-8281-4742-9cef-29b560d3673e
314	2	1069500	TGATGGCTAC+CGGTTGTTGG	HNLVTDSX5	upload_user	BQVAC_laneBarcode.html	2024-05-06 11:29:51.702786+00:00	be6b1d29-a5e1-431d-8e7d-6544847aa31b	4668e593-8281-4742-9cef-29b560d3673e
315	2	806040	ATCGGCGAAG+CCTTCTTGGA	HNLVTDSX5	upload_user	BQVAC_laneBarcode.html	2024-05-06 11:29:51.702786+00:00	780e48de-1f4a-4b37-bdfc-197ba03fac6f	4668e593-8281-4742-9cef-29b560d3673e
316	2	680900	GAATACCTAT+GGGGGGGGGG	HNLVTDSX5	upload_user	BQVAC_laneBarcode.html	2024-05-06 11:29:51.702786+00:00	f6f682dd-3190-4278-bc2b-8ee06769ffec	4668e593-8281-4742-9cef-29b560d3673e
317	2	618920	ATGGCGCCTG+ACAGTAAGAT	HNLVTDSX5	upload_user	BQVAC_laneBarcode.html	2024-05-06 11:29:51.702786+00:00	5d1de16b-3a80-458f-b601-c834aad15f6f	4668e593-8281-4742-9cef-29b560d3673e
318	2	505380	AGGCAGCTCT+GGGGGGGGGG	HNLVTDSX5	upload_user	BQVAC_laneBarcode.html	2024-05-06 11:29:51.702786+00:00	ccbcdb84-87bf-4dff-a41c-0cd06c4d0277	4668e593-8281-4742-9cef-29b560d3673e
319	2	449420	ATGCGCCTGA+AGGCCGTGGA	HNLVTDSX5	upload_user	BQVAC_laneBarcode.html	2024-05-06 11:29:51.702786+00:00	15b17d21-07bf-4fec-917e-4d035a875086	4668e593-8281-4742-9cef-29b560d3673e
320	3	1568500	GGGGGGGGGG+AGGCCGTGGA	HNLVTDSX5	upload_user	BQVAC_laneBarcode.html	2024-05-06 11:29:51.702786+00:00	55fde735-b618-4505-bbf3-187c58b63adb	4668e593-8281-4742-9cef-29b560d3673e
321	3	1441740	TCAATGGAGA+GGGGTAGTGC	HNLVTDSX5	upload_user	BQVAC_laneBarcode.html	2024-05-06 11:29:51.702786+00:00	d80dfa6d-add5-4693-a74a-eedb86071f46	4668e593-8281-4742-9cef-29b560d3673e
322	3	1173060	ATGGCGCCTG+CGGCCGGGGA	HNLVTDSX5	upload_user	BQVAC_laneBarcode.html	2024-05-06 11:29:51.702786+00:00	3d8d1619-26bb-4ab8-bf21-f18d0231b50c	4668e593-8281-4742-9cef-29b560d3673e
323	3	1146720	ATGGCGCCTG+GGGGGGGGGG	HNLVTDSX5	upload_user	BQVAC_laneBarcode.html	2024-05-06 11:29:51.702786+00:00	87fec2a2-4a10-42da-b726-29d9964498a7	4668e593-8281-4742-9cef-29b560d3673e
324	3	1041280	TGATGGCTAC+CGGTTGTTGG	HNLVTDSX5	upload_user	BQVAC_laneBarcode.html	2024-05-06 11:29:51.702786+00:00	4326c766-922c-4e8b-a378-ac52959913c4	4668e593-8281-4742-9cef-29b560d3673e
325	3	869880	ATCGGCGAAG+CCTTCTTGGA	HNLVTDSX5	upload_user	BQVAC_laneBarcode.html	2024-05-06 11:29:51.702786+00:00	6e355602-ac7d-4f27-8149-b0bf0f634a4d	4668e593-8281-4742-9cef-29b560d3673e
326	3	666600	GAATACCTAT+GGGGGGGGGG	HNLVTDSX5	upload_user	BQVAC_laneBarcode.html	2024-05-06 11:29:51.702786+00:00	5b18b978-a2b2-4c0e-9f20-390ea47deff1	4668e593-8281-4742-9cef-29b560d3673e
327	3	614200	ATGGCGCCTG+ACAGTAAGAT	HNLVTDSX5	upload_user	BQVAC_laneBarcode.html	2024-05-06 11:29:51.702786+00:00	65ba3280-fe12-491f-80bc-c663e753f853	4668e593-8281-4742-9cef-29b560d3673e
328	3	569460	TGATGGCTAC+CGGGTGTTGG	HNLVTDSX5	upload_user	BQVAC_laneBarcode.html	2024-05-06 11:29:51.702786+00:00	188f80c2-c116-4b1c-bd6e-6273da7f98b8	4668e593-8281-4742-9cef-29b560d3673e
329	3	509800	AGGCAGCTCT+GGGGGGGGGG	HNLVTDSX5	upload_user	BQVAC_laneBarcode.html	2024-05-06 11:29:51.702786+00:00	474260c9-0223-46ce-9ff3-06fec521c03b	4668e593-8281-4742-9cef-29b560d3673e
330	4	1598480	GGGGGGGGGG+AGGCCGTGGA	HNLVTDSX5	upload_user	BQVAC_laneBarcode.html	2024-05-06 11:29:51.702786+00:00	237bd318-6994-474b-91a7-4bb30aa3ba2c	4668e593-8281-4742-9cef-29b560d3673e
331	4	1205480	TCAATGGAGA+GGGGTAGTGC	HNLVTDSX5	upload_user	BQVAC_laneBarcode.html	2024-05-06 11:29:51.702786+00:00	a3569eb2-3aff-4a38-b259-a465b7f214f2	4668e593-8281-4742-9cef-29b560d3673e
332	4	1142740	ATGGCGCCTG+GGGGGGGGGG	HNLVTDSX5	upload_user	BQVAC_laneBarcode.html	2024-05-06 11:29:51.702786+00:00	9af4be74-957c-486d-b6a3-f3d1f2f530ec	4668e593-8281-4742-9cef-29b560d3673e
333	4	904320	TGATGGCTAC+CGGTTGTTGG	HNLVTDSX5	upload_user	BQVAC_laneBarcode.html	2024-05-06 11:29:51.702786+00:00	d7b7dd92-030d-4344-92de-19f636a55b3e	4668e593-8281-4742-9cef-29b560d3673e
334	4	841840	ATGGCGCCTG+CGGCCGGGGA	HNLVTDSX5	upload_user	BQVAC_laneBarcode.html	2024-05-06 11:29:51.702786+00:00	cf8bad4e-cf22-47f9-a0b8-c3ca1fe10829	4668e593-8281-4742-9cef-29b560d3673e
335	4	677940	GAATACCTAT+GGGGGGGGGG	HNLVTDSX5	upload_user	BQVAC_laneBarcode.html	2024-05-06 11:29:51.702786+00:00	f7663751-e849-499d-96f1-86b2d1505911	4668e593-8281-4742-9cef-29b560d3673e
336	4	656840	ATCGGCGAAG+CCTTCTTGGA	HNLVTDSX5	upload_user	BQVAC_laneBarcode.html	2024-05-06 11:29:51.702786+00:00	c3b6930a-6ead-419f-8141-bc3d698b8926	4668e593-8281-4742-9cef-29b560d3673e
337	4	624460	ATGGCGCCTG+ACAGTAAGAT	HNLVTDSX5	upload_user	BQVAC_laneBarcode.html	2024-05-06 11:29:51.702786+00:00	8940cfcd-ba94-459d-af51-8a352a7f657e	4668e593-8281-4742-9cef-29b560d3673e
338	4	512960	AGGCAGCTCT+GGGGGGGGGG	HNLVTDSX5	upload_user	BQVAC_laneBarcode.html	2024-05-06 11:29:51.702786+00:00	379b3b43-c02c-41f2-8ebf-1472d9b52d5e	4668e593-8281-4742-9cef-29b560d3673e
339	4	447580	ATGCGCCTGA+AGGCCGTGGA	HNLVTDSX5	upload_user	BQVAC_laneBarcode.html	2024-05-06 11:29:51.702786+00:00	6b74ba27-3e65-4e47-9322-996bae7fcb3d	4668e593-8281-4742-9cef-29b560d3673e
340	1	2201700	TAATTAGCGT+ACGAACAACA	H23WMDSX7	upload_user	BYXET_laneBarcode.html	2024-05-06 11:30:43.700687+00:00	de37e2f7-18e3-461e-8e7e-88c61a9d3e71	cccd2891-314a-40c7-8288-04cb3d15999a
341	1	2133480	AGAGAACCTA+ACCGTGTGGT	H23WMDSX7	upload_user	BYXET_laneBarcode.html	2024-05-06 11:30:43.700687+00:00	f7d2e2a2-c523-450a-bb80-97a17b95ec45	cccd2891-314a-40c7-8288-04cb3d15999a
342	1	1947200	GATATTGTGT+TAGCATAACC	H23WMDSX7	upload_user	BYXET_laneBarcode.html	2024-05-06 11:30:43.700687+00:00	6eaaeaa7-c386-41b9-98c6-4827843016f2	cccd2891-314a-40c7-8288-04cb3d15999a
343	1	1782580	TGGCCTCTGT+TAGAATTGGA	H23WMDSX7	upload_user	BYXET_laneBarcode.html	2024-05-06 11:30:43.700687+00:00	09375003-f748-4321-9465-f9546e4952e0	cccd2891-314a-40c7-8288-04cb3d15999a
344	1	1678560	TTCTGTAGAA+CACAACTTAA	H23WMDSX7	upload_user	BYXET_laneBarcode.html	2024-05-06 11:30:43.700687+00:00	55106a23-13f1-4d21-b73e-fdef2a3f2291	cccd2891-314a-40c7-8288-04cb3d15999a
345	1	1672560	TGCCGGTCAG+CACAACTTAA	H23WMDSX7	upload_user	BYXET_laneBarcode.html	2024-05-06 11:30:43.700687+00:00	dcb0747d-2fc3-4ae2-b869-37a4cf5d159c	cccd2891-314a-40c7-8288-04cb3d15999a
346	1	1376820	CACTCAATTC+TATTGCGCTC	H23WMDSX7	upload_user	BYXET_laneBarcode.html	2024-05-06 11:30:43.700687+00:00	8c415e7c-6c7d-4307-8dcb-75707fbed9a3	cccd2891-314a-40c7-8288-04cb3d15999a
347	1	1361980	ATTAACAAGG+TTCTTAACCA	H23WMDSX7	upload_user	BYXET_laneBarcode.html	2024-05-06 11:30:43.700687+00:00	f64ba33e-4a9c-45a3-b0a9-a62d8a2da266	cccd2891-314a-40c7-8288-04cb3d15999a
348	1	1254880	CAGCAATCGT+CACAACTTAA	H23WMDSX7	upload_user	BYXET_laneBarcode.html	2024-05-06 11:30:43.700687+00:00	6dfb3b32-a11d-46a5-8868-40e5afebe5e2	cccd2891-314a-40c7-8288-04cb3d15999a
349	1	1229300	TGGTGTTATG+CGCTGTCTCA	H23WMDSX7	upload_user	BYXET_laneBarcode.html	2024-05-06 11:30:43.700687+00:00	881a5abc-45f2-47f4-8ce6-e5860236f775	cccd2891-314a-40c7-8288-04cb3d15999a
350	2	2235320	TAATTAGCGT+ACGAACAACA	H23WMDSX7	upload_user	BYXET_laneBarcode.html	2024-05-06 11:30:43.700687+00:00	5b16f00e-2b9c-4051-81ef-d28f342c7067	cccd2891-314a-40c7-8288-04cb3d15999a
351	2	2168540	AGAGAACCTA+ACCGTGTGGT	H23WMDSX7	upload_user	BYXET_laneBarcode.html	2024-05-06 11:30:43.700687+00:00	2d6d023d-01de-4db8-bd67-f9c4832f5c52	cccd2891-314a-40c7-8288-04cb3d15999a
352	2	1979040	GATATTGTGT+TAGCATAACC	H23WMDSX7	upload_user	BYXET_laneBarcode.html	2024-05-06 11:30:43.700687+00:00	acd4d112-3a93-4e5c-a572-c3de5a2f5b37	cccd2891-314a-40c7-8288-04cb3d15999a
353	2	1831120	TGGCCTCTGT+TAGAATTGGA	H23WMDSX7	upload_user	BYXET_laneBarcode.html	2024-05-06 11:30:43.700687+00:00	3e72becc-3f82-4ca2-a6a3-394809ea04fb	cccd2891-314a-40c7-8288-04cb3d15999a
354	2	1713860	TTCTGTAGAA+CACAACTTAA	H23WMDSX7	upload_user	BYXET_laneBarcode.html	2024-05-06 11:30:43.700687+00:00	04f5daa2-00d4-4bb7-94e6-fb26fea5bdca	cccd2891-314a-40c7-8288-04cb3d15999a
355	2	1701680	TGCCGGTCAG+CACAACTTAA	H23WMDSX7	upload_user	BYXET_laneBarcode.html	2024-05-06 11:30:43.700687+00:00	d66a7dec-e0aa-415d-b107-3251e4c4a823	cccd2891-314a-40c7-8288-04cb3d15999a
356	2	1415540	CACTCAATTC+TATTGCGCTC	H23WMDSX7	upload_user	BYXET_laneBarcode.html	2024-05-06 11:30:43.700687+00:00	95bd7a28-206d-46c9-bc24-881981b82826	cccd2891-314a-40c7-8288-04cb3d15999a
357	2	1385020	ATTAACAAGG+TTCTTAACCA	H23WMDSX7	upload_user	BYXET_laneBarcode.html	2024-05-06 11:30:43.700687+00:00	8d3c3443-6315-473c-ade2-349ff4b7cac8	cccd2891-314a-40c7-8288-04cb3d15999a
358	2	1281900	CAGCAATCGT+CACAACTTAA	H23WMDSX7	upload_user	BYXET_laneBarcode.html	2024-05-06 11:30:43.700687+00:00	d6633644-e949-4268-93a3-fc406719b653	cccd2891-314a-40c7-8288-04cb3d15999a
359	2	1260760	TGGTGTTATG+CGCTGTCTCA	H23WMDSX7	upload_user	BYXET_laneBarcode.html	2024-05-06 11:30:43.700687+00:00	3db7e691-6c44-43b6-a5a1-457ae07527a8	cccd2891-314a-40c7-8288-04cb3d15999a
360	3	2226460	TAATTAGCGT+ACGAACAACA	H23WMDSX7	upload_user	BYXET_laneBarcode.html	2024-05-06 11:30:43.700687+00:00	e7059565-7dfd-466f-b3e0-452fab93b0a0	cccd2891-314a-40c7-8288-04cb3d15999a
361	3	2180220	AGAGAACCTA+ACCGTGTGGT	H23WMDSX7	upload_user	BYXET_laneBarcode.html	2024-05-06 11:30:43.700687+00:00	7a13d175-cd28-4e46-870f-0fa465f7e89f	cccd2891-314a-40c7-8288-04cb3d15999a
362	3	1974340	GATATTGTGT+TAGCATAACC	H23WMDSX7	upload_user	BYXET_laneBarcode.html	2024-05-06 11:30:43.700687+00:00	586e6652-6d9c-4f95-8112-65dc6fde6bb5	cccd2891-314a-40c7-8288-04cb3d15999a
363	3	1811240	TGGCCTCTGT+TAGAATTGGA	H23WMDSX7	upload_user	BYXET_laneBarcode.html	2024-05-06 11:30:43.700687+00:00	52084630-e9d1-43c0-bdfa-08f3a2fc919e	cccd2891-314a-40c7-8288-04cb3d15999a
364	3	1701300	TTCTGTAGAA+CACAACTTAA	H23WMDSX7	upload_user	BYXET_laneBarcode.html	2024-05-06 11:30:43.700687+00:00	436014aa-8e3c-43ae-892f-de76fb8a888c	cccd2891-314a-40c7-8288-04cb3d15999a
365	3	1696000	TGCCGGTCAG+CACAACTTAA	H23WMDSX7	upload_user	BYXET_laneBarcode.html	2024-05-06 11:30:43.700687+00:00	ddedd9b9-440d-43c5-a00f-fef59373efa5	cccd2891-314a-40c7-8288-04cb3d15999a
366	3	1409800	CACTCAATTC+TATTGCGCTC	H23WMDSX7	upload_user	BYXET_laneBarcode.html	2024-05-06 11:30:43.700687+00:00	54a64f28-ef01-4762-b742-e9aa47b132c1	cccd2891-314a-40c7-8288-04cb3d15999a
367	3	1382220	ATTAACAAGG+TTCTTAACCA	H23WMDSX7	upload_user	BYXET_laneBarcode.html	2024-05-06 11:30:43.700687+00:00	f5b76771-1146-42f8-a0fc-6d8772fa338f	cccd2891-314a-40c7-8288-04cb3d15999a
368	3	1279560	CAGCAATCGT+CACAACTTAA	H23WMDSX7	upload_user	BYXET_laneBarcode.html	2024-05-06 11:30:43.700687+00:00	a72aad86-f7f2-4f06-8cb5-cff31a39e0ca	cccd2891-314a-40c7-8288-04cb3d15999a
369	3	1242480	TGGTGTTATG+CGCTGTCTCA	H23WMDSX7	upload_user	BYXET_laneBarcode.html	2024-05-06 11:30:43.700687+00:00	21593a74-177c-41b1-bfa5-4ae53b91a233	cccd2891-314a-40c7-8288-04cb3d15999a
370	4	2269440	TAATTAGCGT+ACGAACAACA	H23WMDSX7	upload_user	BYXET_laneBarcode.html	2024-05-06 11:30:43.700687+00:00	ad42e103-a213-4b4b-a673-abf343dd2bb0	cccd2891-314a-40c7-8288-04cb3d15999a
371	4	2192880	AGAGAACCTA+ACCGTGTGGT	H23WMDSX7	upload_user	BYXET_laneBarcode.html	2024-05-06 11:30:43.700687+00:00	af929519-e0ac-43b7-964a-cd318c6bd217	cccd2891-314a-40c7-8288-04cb3d15999a
372	4	1986700	GATATTGTGT+TAGCATAACC	H23WMDSX7	upload_user	BYXET_laneBarcode.html	2024-05-06 11:30:43.700687+00:00	9cfb3043-0cb7-4513-9c9c-1209e0c3cf2a	cccd2891-314a-40c7-8288-04cb3d15999a
373	4	1829560	TGGCCTCTGT+TAGAATTGGA	H23WMDSX7	upload_user	BYXET_laneBarcode.html	2024-05-06 11:30:43.700687+00:00	2964c302-0a57-4f2f-bf53-47d72fbe837f	cccd2891-314a-40c7-8288-04cb3d15999a
374	4	1714600	TTCTGTAGAA+CACAACTTAA	H23WMDSX7	upload_user	BYXET_laneBarcode.html	2024-05-06 11:30:43.700687+00:00	4fe67e93-e537-4a2f-a083-6d7953359e9d	cccd2891-314a-40c7-8288-04cb3d15999a
375	4	1710220	TGCCGGTCAG+CACAACTTAA	H23WMDSX7	upload_user	BYXET_laneBarcode.html	2024-05-06 11:30:43.700687+00:00	fdf8f85d-b450-4342-941f-6a93cf07b110	cccd2891-314a-40c7-8288-04cb3d15999a
376	4	1408400	CACTCAATTC+TATTGCGCTC	H23WMDSX7	upload_user	BYXET_laneBarcode.html	2024-05-06 11:30:43.700687+00:00	8c03db78-dcd6-4718-8f08-9709a13cb2e1	cccd2891-314a-40c7-8288-04cb3d15999a
377	4	1394680	ATTAACAAGG+TTCTTAACCA	H23WMDSX7	upload_user	BYXET_laneBarcode.html	2024-05-06 11:30:43.700687+00:00	a4bc622a-98c2-4139-a0b7-3698dd42b5b6	cccd2891-314a-40c7-8288-04cb3d15999a
378	4	1293020	CAGCAATCGT+CACAACTTAA	H23WMDSX7	upload_user	BYXET_laneBarcode.html	2024-05-06 11:30:43.700687+00:00	fb581fa9-fe3b-462f-a101-8f26d14b415e	cccd2891-314a-40c7-8288-04cb3d15999a
379	4	1254860	TGGTGTTATG+CGCTGTCTCA	H23WMDSX7	upload_user	BYXET_laneBarcode.html	2024-05-06 11:30:43.700687+00:00	14986c2f-1f02-45d8-a6d5-68aaae7d0578	cccd2891-314a-40c7-8288-04cb3d15999a
380	1	19983100	ATGGCGCCTG+CGGCCGTGGA	HJHNGDSX3	upload_user	CSIWQ_laneBarcode.html	2024-05-06 11:31:27.313172+00:00	44174f73-0caf-45ae-a325-b4082bb86b9c	6fc453b7-bde5-4329-a34b-bed3105a4e7a
381	1	9183520	ATCGGCGAAG+CATTCTTGGA	HJHNGDSX3	upload_user	CSIWQ_laneBarcode.html	2024-05-06 11:31:27.313172+00:00	d96359d1-bd22-4788-aea3-95db378b9e66	6fc453b7-bde5-4329-a34b-bed3105a4e7a
382	1	8333220	GAACGCAATA+CCAGTAAGAT	HJHNGDSX3	upload_user	CSIWQ_laneBarcode.html	2024-05-06 11:31:27.313172+00:00	448193bd-b3b5-438f-8ca8-b95c3700948c	6fc453b7-bde5-4329-a34b-bed3105a4e7a
383	1	8192920	TTCGGTGTGA+CTACTTGTTC	HJHNGDSX3	upload_user	CSIWQ_laneBarcode.html	2024-05-06 11:31:27.313172+00:00	b2fedba5-c2d4-49d5-9311-2e7557be2863	6fc453b7-bde5-4329-a34b-bed3105a4e7a
384	1	8098100	AGGACAGGCC+CGCTGGAATG	HJHNGDSX3	upload_user	CSIWQ_laneBarcode.html	2024-05-06 11:31:27.313172+00:00	fa0329d1-7606-495c-82c1-55197c227532	6fc453b7-bde5-4329-a34b-bed3105a4e7a
385	1	7035500	AACGAGGCCG+CTCCAGGTAT	HJHNGDSX3	upload_user	CSIWQ_laneBarcode.html	2024-05-06 11:31:27.313172+00:00	5ca5123e-94cc-4fea-920f-07be599e51a2	6fc453b7-bde5-4329-a34b-bed3105a4e7a
386	1	6865800	GAATACCTAT+CCTCTATTGT	HJHNGDSX3	upload_user	CSIWQ_laneBarcode.html	2024-05-06 11:31:27.313172+00:00	c4ace15e-f257-4750-9c69-9b4d45c7e861	6fc453b7-bde5-4329-a34b-bed3105a4e7a
387	1	6073780	AGGCAGCTCT+CCGTTAGCCG	HJHNGDSX3	upload_user	CSIWQ_laneBarcode.html	2024-05-06 11:31:27.313172+00:00	6628bcbf-4473-4c4a-9491-71eb402e506f	6fc453b7-bde5-4329-a34b-bed3105a4e7a
388	1	5167980	TGATGGCTAC+CTGTTGTTGG	HJHNGDSX3	upload_user	CSIWQ_laneBarcode.html	2024-05-06 11:31:27.313172+00:00	1a3eccaf-2a2e-4d42-aad4-8d2332af8a52	6fc453b7-bde5-4329-a34b-bed3105a4e7a
389	1	5163300	GATATTGTGT+CCCGTGTGGT	HJHNGDSX3	upload_user	CSIWQ_laneBarcode.html	2024-05-06 11:31:27.313172+00:00	5addecbf-06f6-405c-87e8-4901f0f08c8f	6fc453b7-bde5-4329-a34b-bed3105a4e7a
390	2	23878220	ATGGCGCCTG+CGGCCGTGGA	HJHNGDSX3	upload_user	CSIWQ_laneBarcode.html	2024-05-06 11:31:27.313172+00:00	d3b7b191-0724-494b-9e92-53dbe2d1abb1	6fc453b7-bde5-4329-a34b-bed3105a4e7a
391	2	12074880	ATCGGCGAAG+CATTCTTGGA	HJHNGDSX3	upload_user	CSIWQ_laneBarcode.html	2024-05-06 11:31:27.313172+00:00	9380a4f2-f589-441c-91b8-273c5be5730e	6fc453b7-bde5-4329-a34b-bed3105a4e7a
392	2	11398980	TTCGGTGTGA+CTACTTGTTC	HJHNGDSX3	upload_user	CSIWQ_laneBarcode.html	2024-05-06 11:31:27.313172+00:00	e05f2be0-6072-417d-bc7b-2ccf1a134932	6fc453b7-bde5-4329-a34b-bed3105a4e7a
393	2	10841440	GAACGCAATA+CCAGTAAGAT	HJHNGDSX3	upload_user	CSIWQ_laneBarcode.html	2024-05-06 11:31:27.313172+00:00	6882a3fe-2bdc-40da-bb80-81512121b042	6fc453b7-bde5-4329-a34b-bed3105a4e7a
394	2	9978760	AGGACAGGCC+CGCTGGAATG	HJHNGDSX3	upload_user	CSIWQ_laneBarcode.html	2024-05-06 11:31:27.313172+00:00	45b989df-133a-4ac5-8b2e-31b11cb0f698	6fc453b7-bde5-4329-a34b-bed3105a4e7a
395	2	9492860	AACGAGGCCG+CTCCAGGTAT	HJHNGDSX3	upload_user	CSIWQ_laneBarcode.html	2024-05-06 11:31:27.313172+00:00	f5368673-4d7c-4e48-a43e-c8dcd8d46e39	6fc453b7-bde5-4329-a34b-bed3105a4e7a
396	2	9231080	GAATACCTAT+CCTCTATTGT	HJHNGDSX3	upload_user	CSIWQ_laneBarcode.html	2024-05-06 11:31:27.313172+00:00	2a9a0f94-5637-414b-9064-397f7760b304	6fc453b7-bde5-4329-a34b-bed3105a4e7a
397	2	8305020	AGGCAGCTCT+CCGTTAGCCG	HJHNGDSX3	upload_user	CSIWQ_laneBarcode.html	2024-05-06 11:31:27.313172+00:00	7aa373a6-1830-4f95-9efb-33c3aea6e0f6	6fc453b7-bde5-4329-a34b-bed3105a4e7a
398	2	7679860	GATATTGTGT+CCCGTGTGGT	HJHNGDSX3	upload_user	CSIWQ_laneBarcode.html	2024-05-06 11:31:27.313172+00:00	3b4f5af4-6119-4cdf-982d-7ec3b20062f9	6fc453b7-bde5-4329-a34b-bed3105a4e7a
399	2	6504200	TGATGGCTAC+CTGTTGTTGG	HJHNGDSX3	upload_user	CSIWQ_laneBarcode.html	2024-05-06 11:31:27.313172+00:00	fef08a40-d1b7-478a-8317-8762b5c960b5	6fc453b7-bde5-4329-a34b-bed3105a4e7a
400	3	18991300	ATGGCGCCTG+CGGCCGTGGA	HJHNGDSX3	upload_user	CSIWQ_laneBarcode.html	2024-05-06 11:31:27.313172+00:00	c3b2c112-1891-47e1-ab3d-50cc6070d608	6fc453b7-bde5-4329-a34b-bed3105a4e7a
401	3	7899240	ATCGGCGAAG+CATTCTTGGA	HJHNGDSX3	upload_user	CSIWQ_laneBarcode.html	2024-05-06 11:31:27.313172+00:00	92ad230d-29c0-41c7-9227-ece77382531e	6fc453b7-bde5-4329-a34b-bed3105a4e7a
402	3	7392780	AGGACAGGCC+CGCTGGAATG	HJHNGDSX3	upload_user	CSIWQ_laneBarcode.html	2024-05-06 11:31:27.313172+00:00	03be1569-37d4-464e-8e41-f5ac5f282fa9	6fc453b7-bde5-4329-a34b-bed3105a4e7a
403	3	7150380	GAACGCAATA+CCAGTAAGAT	HJHNGDSX3	upload_user	CSIWQ_laneBarcode.html	2024-05-06 11:31:27.313172+00:00	fd05988e-b0bc-489e-8f4e-35ece4588dad	6fc453b7-bde5-4329-a34b-bed3105a4e7a
404	3	6619720	TTCGGTGTGA+CTACTTGTTC	HJHNGDSX3	upload_user	CSIWQ_laneBarcode.html	2024-05-06 11:31:27.313172+00:00	79402fdc-50ef-4301-9455-eeaed59123eb	6fc453b7-bde5-4329-a34b-bed3105a4e7a
405	3	5769580	GAATACCTAT+CCTCTATTGT	HJHNGDSX3	upload_user	CSIWQ_laneBarcode.html	2024-05-06 11:31:27.313172+00:00	3f6a37bf-c35c-40d0-9d0f-6e7889878160	6fc453b7-bde5-4329-a34b-bed3105a4e7a
406	3	5683360	AACGAGGCCG+CTCCAGGTAT	HJHNGDSX3	upload_user	CSIWQ_laneBarcode.html	2024-05-06 11:31:27.313172+00:00	d7ec2053-e58d-4aeb-9f0e-90fbe8057cce	6fc453b7-bde5-4329-a34b-bed3105a4e7a
407	3	4852160	AGGCAGCTCT+CCGTTAGCCG	HJHNGDSX3	upload_user	CSIWQ_laneBarcode.html	2024-05-06 11:31:27.313172+00:00	ff0ecd2b-a2c5-413d-8882-7f26dcf254c0	6fc453b7-bde5-4329-a34b-bed3105a4e7a
408	3	4636940	TGATGGCTAC+CTGTTGTTGG	HJHNGDSX3	upload_user	CSIWQ_laneBarcode.html	2024-05-06 11:31:27.313172+00:00	dcd31001-2284-4104-948a-566b9ad85a4f	6fc453b7-bde5-4329-a34b-bed3105a4e7a
409	3	3274700	GATATTGTGT+CCCGTGTGGT	HJHNGDSX3	upload_user	CSIWQ_laneBarcode.html	2024-05-06 11:31:27.313172+00:00	41714202-cd19-458c-92e9-334939dd5414	6fc453b7-bde5-4329-a34b-bed3105a4e7a
410	4	22361720	ATGGCGCCTG+CGGCCGTGGA	HJHNGDSX3	upload_user	CSIWQ_laneBarcode.html	2024-05-06 11:31:27.313172+00:00	b96e89c0-fe99-489f-9027-306dfb351167	6fc453b7-bde5-4329-a34b-bed3105a4e7a
411	4	10763220	ATCGGCGAAG+CATTCTTGGA	HJHNGDSX3	upload_user	CSIWQ_laneBarcode.html	2024-05-06 11:31:27.313172+00:00	f18cead8-b808-4ddb-83a4-5cc874ff16a7	6fc453b7-bde5-4329-a34b-bed3105a4e7a
412	4	9973620	TTCGGTGTGA+CTACTTGTTC	HJHNGDSX3	upload_user	CSIWQ_laneBarcode.html	2024-05-06 11:31:27.313172+00:00	820cf56d-b6ad-4362-8d2e-b76f6088681f	6fc453b7-bde5-4329-a34b-bed3105a4e7a
413	4	9961860	GAACGCAATA+CCAGTAAGAT	HJHNGDSX3	upload_user	CSIWQ_laneBarcode.html	2024-05-06 11:31:27.313172+00:00	6130c6c7-b5cb-4ac5-a333-55fa4a871812	6fc453b7-bde5-4329-a34b-bed3105a4e7a
414	4	9288880	AGGACAGGCC+CGCTGGAATG	HJHNGDSX3	upload_user	CSIWQ_laneBarcode.html	2024-05-06 11:31:27.313172+00:00	6e0444c4-bc9d-4f59-b4d7-ffe8175bf73a	6fc453b7-bde5-4329-a34b-bed3105a4e7a
415	4	8321900	AACGAGGCCG+CTCCAGGTAT	HJHNGDSX3	upload_user	CSIWQ_laneBarcode.html	2024-05-06 11:31:27.313172+00:00	5959eaa9-44a4-4a60-9540-b58cde2c6c3f	6fc453b7-bde5-4329-a34b-bed3105a4e7a
416	4	8289180	GAATACCTAT+CCTCTATTGT	HJHNGDSX3	upload_user	CSIWQ_laneBarcode.html	2024-05-06 11:31:27.313172+00:00	9f33195b-ddbe-48af-9e45-819cef1853aa	6fc453b7-bde5-4329-a34b-bed3105a4e7a
417	4	7177400	AGGCAGCTCT+CCGTTAGCCG	HJHNGDSX3	upload_user	CSIWQ_laneBarcode.html	2024-05-06 11:31:27.313172+00:00	e7292323-6c10-47cc-8d27-fc5a86252431	6fc453b7-bde5-4329-a34b-bed3105a4e7a
418	4	6031980	GATATTGTGT+CCCGTGTGGT	HJHNGDSX3	upload_user	CSIWQ_laneBarcode.html	2024-05-06 11:31:27.313172+00:00	685a3045-4dd8-44c5-849c-36b4ab0b644a	6fc453b7-bde5-4329-a34b-bed3105a4e7a
419	4	5643180	TGATGGCTAC+CTGTTGTTGG	HJHNGDSX3	upload_user	CSIWQ_laneBarcode.html	2024-05-06 11:31:27.313172+00:00	0018eeec-3e9f-4011-99b9-1b6d5a9704a0	6fc453b7-bde5-4329-a34b-bed3105a4e7a
420	1	3701400	ATTGTTCGTC+CCTCTAGAGA	HNLTWDSX5	upload_user	ECP4K_laneBarcode.html	2024-05-06 11:33:21.323275+00:00	2edb33df-c1c6-45de-9516-a51b33cee210	4a6501f9-5202-4554-8a99-04a890490b92
421	1	3097380	GCAATATTCA+CCTTGGCGCC	HNLTWDSX5	upload_user	ECP4K_laneBarcode.html	2024-05-06 11:33:21.323275+00:00	d6272015-59cc-413d-8a88-37dbc6d5a552	4a6501f9-5202-4554-8a99-04a890490b92
422	1	2762540	AATTCTTGGA+CCGTTGACAA	HNLTWDSX5	upload_user	ECP4K_laneBarcode.html	2024-05-06 11:33:21.323275+00:00	f521d6ce-3a97-4ada-9efc-4c4437811a14	4a6501f9-5202-4554-8a99-04a890490b92
423	1	2762420	CGTGTACCAG+CCCTTATCCT	HNLTWDSX5	upload_user	ECP4K_laneBarcode.html	2024-05-06 11:33:21.323275+00:00	fe7674a4-0d4b-4986-8160-d929e06c095b	4a6501f9-5202-4554-8a99-04a890490b92
424	1	1903140	AGGCCGTGGA+CCCGCACGAG	HNLTWDSX5	upload_user	ECP4K_laneBarcode.html	2024-05-06 11:33:21.323275+00:00	b8faec4e-df30-4233-89cc-88bdfcf3c3c9	4a6501f9-5202-4554-8a99-04a890490b92
425	1	1814440	ATCGGCGAAG+CCTTCTTGGA	HNLTWDSX5	upload_user	ECP4K_laneBarcode.html	2024-05-06 11:33:21.323275+00:00	32b34484-09e1-4cd7-b72a-87801893fb35	4a6501f9-5202-4554-8a99-04a890490b92
426	1	1630920	TGATGGCTAC+CGGTTGTTGG	HNLTWDSX5	upload_user	ECP4K_laneBarcode.html	2024-05-06 11:33:21.323275+00:00	fc263981-b1f5-4b23-9707-85f758462cfa	4a6501f9-5202-4554-8a99-04a890490b92
427	1	1421740	CCAGGCACCA+GCATTAGCGT	HNLTWDSX5	upload_user	ECP4K_laneBarcode.html	2024-05-06 11:33:21.323275+00:00	6fae1f5a-66fe-4d85-9f00-a3a91bddcbdb	4a6501f9-5202-4554-8a99-04a890490b92
428	1	1360280	GCTGACGTTG+CCTGCGAACA	HNLTWDSX5	upload_user	ECP4K_laneBarcode.html	2024-05-06 11:33:21.323275+00:00	33706827-5391-4c43-8c46-d96062c35f27	4a6501f9-5202-4554-8a99-04a890490b92
429	1	1050960	TGATGGCTAC+CGGGTGTTGG	HNLTWDSX5	upload_user	ECP4K_laneBarcode.html	2024-05-06 11:33:21.323275+00:00	25231d6a-4101-4a35-938f-32fbd77f3268	4a6501f9-5202-4554-8a99-04a890490b92
430	2	4134880	ATTGTTCGTC+CCTCTAGAGA	HNLTWDSX5	upload_user	ECP4K_laneBarcode.html	2024-05-06 11:33:21.323275+00:00	5071439a-b853-4c08-9744-fb8b02c1f31b	4a6501f9-5202-4554-8a99-04a890490b92
431	2	3433600	GCAATATTCA+CCTTGGCGCC	HNLTWDSX5	upload_user	ECP4K_laneBarcode.html	2024-05-06 11:33:21.323275+00:00	e65ad9be-fa10-40fa-a0f4-f6f0eef9196e	4a6501f9-5202-4554-8a99-04a890490b92
432	2	3157200	AATTCTTGGA+CCGTTGACAA	HNLTWDSX5	upload_user	ECP4K_laneBarcode.html	2024-05-06 11:33:21.323275+00:00	a2eb8495-4a2c-4b70-8a5b-6685dc6d97cc	4a6501f9-5202-4554-8a99-04a890490b92
433	2	3061540	CGTGTACCAG+CCCTTATCCT	HNLTWDSX5	upload_user	ECP4K_laneBarcode.html	2024-05-06 11:33:21.323275+00:00	8d168c79-1490-400c-a3b2-0ee97866c6dd	4a6501f9-5202-4554-8a99-04a890490b92
434	2	2167460	AGGCCGTGGA+CCCGCACGAG	HNLTWDSX5	upload_user	ECP4K_laneBarcode.html	2024-05-06 11:33:21.323275+00:00	3f932d60-1b06-4bb9-ae9e-b937ea8b8813	4a6501f9-5202-4554-8a99-04a890490b92
435	2	2028600	ATCGGCGAAG+CCTTCTTGGA	HNLTWDSX5	upload_user	ECP4K_laneBarcode.html	2024-05-06 11:33:21.323275+00:00	a25fbed0-53dd-43c4-85f9-fcc2f522a186	4a6501f9-5202-4554-8a99-04a890490b92
436	2	1880760	TGATGGCTAC+CGGTTGTTGG	HNLTWDSX5	upload_user	ECP4K_laneBarcode.html	2024-05-06 11:33:21.323275+00:00	1c5547f0-ed93-418c-8576-16a9ba5104a1	4a6501f9-5202-4554-8a99-04a890490b92
437	2	1553060	CCAGGCACCA+GCATTAGCGT	HNLTWDSX5	upload_user	ECP4K_laneBarcode.html	2024-05-06 11:33:21.323275+00:00	1bd8a5c8-3b46-4807-abe3-ea88634348c6	4a6501f9-5202-4554-8a99-04a890490b92
438	2	1461180	GCTGACGTTG+CCTGCGAACA	HNLTWDSX5	upload_user	ECP4K_laneBarcode.html	2024-05-06 11:33:21.323275+00:00	c529ec5f-499c-4b5f-8203-27aa59769afd	4a6501f9-5202-4554-8a99-04a890490b92
439	2	1062400	TCAATGGAGA+GGGGTAGTGC	HNLTWDSX5	upload_user	ECP4K_laneBarcode.html	2024-05-06 11:33:21.323275+00:00	957ac825-4d77-4334-8612-34025466371f	4a6501f9-5202-4554-8a99-04a890490b92
440	3	3358920	ATTGTTCGTC+CCTCTAGAGA	HNLTWDSX5	upload_user	ECP4K_laneBarcode.html	2024-05-06 11:33:21.323275+00:00	5bddd774-dad2-4b6c-a25e-e0d3f2184e9f	4a6501f9-5202-4554-8a99-04a890490b92
441	3	2830220	GCAATATTCA+CCTTGGCGCC	HNLTWDSX5	upload_user	ECP4K_laneBarcode.html	2024-05-06 11:33:21.323275+00:00	59aeac44-af7b-4dcd-8214-de24d722c209	4a6501f9-5202-4554-8a99-04a890490b92
442	3	2680040	AATTCTTGGA+CCGTTGACAA	HNLTWDSX5	upload_user	ECP4K_laneBarcode.html	2024-05-06 11:33:21.323275+00:00	bb7909cb-8e8f-4651-ac15-733d1554cdd9	4a6501f9-5202-4554-8a99-04a890490b92
443	3	2489060	CGTGTACCAG+CCCTTATCCT	HNLTWDSX5	upload_user	ECP4K_laneBarcode.html	2024-05-06 11:33:21.323275+00:00	f7af64ee-7501-4b42-bda0-0d1eff9ccb1b	4a6501f9-5202-4554-8a99-04a890490b92
444	3	1824960	TGATGGCTAC+CGGTTGTTGG	HNLTWDSX5	upload_user	ECP4K_laneBarcode.html	2024-05-06 11:33:21.323275+00:00	a4f4211b-7988-4ba9-af39-13dfaea50115	4a6501f9-5202-4554-8a99-04a890490b92
445	3	1709820	ATCGGCGAAG+CCTTCTTGGA	HNLTWDSX5	upload_user	ECP4K_laneBarcode.html	2024-05-06 11:33:21.323275+00:00	b3c90937-acf6-47e7-a716-32c020b337c8	4a6501f9-5202-4554-8a99-04a890490b92
446	3	1685920	CCAGGCACCA+GCATTAGCGT	HNLTWDSX5	upload_user	ECP4K_laneBarcode.html	2024-05-06 11:33:21.323275+00:00	09e967d2-d431-43f2-940e-ccaf9961a8b2	4a6501f9-5202-4554-8a99-04a890490b92
447	3	1663540	AGGCCGTGGA+CCCGCACGAG	HNLTWDSX5	upload_user	ECP4K_laneBarcode.html	2024-05-06 11:33:21.323275+00:00	e6fa1ae4-c721-44b0-9e27-51a96eec5578	4a6501f9-5202-4554-8a99-04a890490b92
448	3	1112540	GCTGACGTTG+CCTGCGAACA	HNLTWDSX5	upload_user	ECP4K_laneBarcode.html	2024-05-06 11:33:21.323275+00:00	5e80e7f0-9a09-4cef-8f33-bc9582f50348	4a6501f9-5202-4554-8a99-04a890490b92
449	3	844860	CGCAGCAATT+CGAGCGGAAT	HNLTWDSX5	upload_user	ECP4K_laneBarcode.html	2024-05-06 11:33:21.323275+00:00	6ada9542-e7f0-4623-b575-552ca0b1c922	4a6501f9-5202-4554-8a99-04a890490b92
450	4	4318940	ATTGTTCGTC+CCTCTAGAGA	HNLTWDSX5	upload_user	ECP4K_laneBarcode.html	2024-05-06 11:33:21.323275+00:00	8e22d620-21ac-4ab8-91e6-4f2c1dea21ee	4a6501f9-5202-4554-8a99-04a890490b92
451	4	3548080	GCAATATTCA+CCTTGGCGCC	HNLTWDSX5	upload_user	ECP4K_laneBarcode.html	2024-05-06 11:33:21.323275+00:00	236e58f4-e15f-40a0-b074-077f31471de5	4a6501f9-5202-4554-8a99-04a890490b92
452	4	3428560	AATTCTTGGA+CCGTTGACAA	HNLTWDSX5	upload_user	ECP4K_laneBarcode.html	2024-05-06 11:33:21.323275+00:00	f34c2fef-604b-4a77-86ed-9771cdb2f2cc	4a6501f9-5202-4554-8a99-04a890490b92
453	4	3312180	CGTGTACCAG+CCCTTATCCT	HNLTWDSX5	upload_user	ECP4K_laneBarcode.html	2024-05-06 11:33:21.323275+00:00	18c1c367-b3ba-47ad-a3bf-d0a06fb88ffd	4a6501f9-5202-4554-8a99-04a890490b92
454	4	2542260	TGATGGCTAC+CGGTTGTTGG	HNLTWDSX5	upload_user	ECP4K_laneBarcode.html	2024-05-06 11:33:21.323275+00:00	2bf7e8be-b1d6-44f5-a366-d0ba376d375e	4a6501f9-5202-4554-8a99-04a890490b92
455	4	2399660	AGGCCGTGGA+CCCGCACGAG	HNLTWDSX5	upload_user	ECP4K_laneBarcode.html	2024-05-06 11:33:21.323275+00:00	5ce1824c-2b65-4a8d-8ad8-14c415cf929f	4a6501f9-5202-4554-8a99-04a890490b92
456	4	2089760	ATCGGCGAAG+CCTTCTTGGA	HNLTWDSX5	upload_user	ECP4K_laneBarcode.html	2024-05-06 11:33:21.323275+00:00	4bfd0d00-9d79-4892-9887-60600157c7fc	4a6501f9-5202-4554-8a99-04a890490b92
457	4	1811660	CCAGGCACCA+GCATTAGCGT	HNLTWDSX5	upload_user	ECP4K_laneBarcode.html	2024-05-06 11:33:21.323275+00:00	799a4b7d-0dff-4f3b-bb8f-3c9075016072	4a6501f9-5202-4554-8a99-04a890490b92
458	4	1584720	GCTGACGTTG+CCTGCGAACA	HNLTWDSX5	upload_user	ECP4K_laneBarcode.html	2024-05-06 11:33:21.323275+00:00	040202a7-3912-4a8c-b685-b07e8380edca	4a6501f9-5202-4554-8a99-04a890490b92
459	4	1160560	TCAATGGAGA+GGGGTAGTGC	HNLTWDSX5	upload_user	ECP4K_laneBarcode.html	2024-05-06 11:33:21.323275+00:00	e8702909-d8ed-40ba-b64b-4105ff13f255	4a6501f9-5202-4554-8a99-04a890490b92
460	1	2480960	TATCCGAGGC+ACATATCCAG	H5CWGDSX7	upload_user	FPBLM_laneBarcode.html	2024-05-06 11:34:58.138534+00:00	4a863f36-f284-4453-8b05-e720228b8c21	50cca74d-7b48-4094-ad9d-c59b245150a5
461	1	2365160	GATCGTCGCG+CTTATTGGCC	H5CWGDSX7	upload_user	FPBLM_laneBarcode.html	2024-05-06 11:34:58.138534+00:00	f0cb9fb1-3b2e-416f-a203-38740b99ca4d	50cca74d-7b48-4094-ad9d-c59b245150a5
462	1	2130280	CGTGTACCAG+AATTGGCGCC	H5CWGDSX7	upload_user	FPBLM_laneBarcode.html	2024-05-06 11:34:58.138534+00:00	93212d86-334f-43d7-b20f-1d174ed090e2	50cca74d-7b48-4094-ad9d-c59b245150a5
463	1	1893740	AACGAGGCCG+TAGAATTGGA	H5CWGDSX7	upload_user	FPBLM_laneBarcode.html	2024-05-06 11:34:58.138534+00:00	f0944e99-ff68-409f-b2a7-16e645dd22f8	50cca74d-7b48-4094-ad9d-c59b245150a5
464	1	1208180	TTAACGGTGT+TCAGAAGGCG	H5CWGDSX7	upload_user	FPBLM_laneBarcode.html	2024-05-06 11:34:58.138534+00:00	4ae1bdc1-4650-4ae2-882b-b481b3fe507c	50cca74d-7b48-4094-ad9d-c59b245150a5
465	1	1206940	TAGAGAATAC+GTCCACCGCT	H5CWGDSX7	upload_user	FPBLM_laneBarcode.html	2024-05-06 11:34:58.138534+00:00	3c993a94-3c3b-4a4d-935c-2fadfd4b6303	50cca74d-7b48-4094-ad9d-c59b245150a5
466	1	1115360	TGGTGTTATG+ATCCAGGTAT	H5CWGDSX7	upload_user	FPBLM_laneBarcode.html	2024-05-06 11:34:58.138534+00:00	4a3f827b-7a36-43c0-921b-7cd8aced26f3	50cca74d-7b48-4094-ad9d-c59b245150a5
467	1	1114620	GCAATATTCA+AACTTATCCT	H5CWGDSX7	upload_user	FPBLM_laneBarcode.html	2024-05-06 11:34:58.138534+00:00	33703166-b915-4497-a59d-336ea623be11	50cca74d-7b48-4094-ad9d-c59b245150a5
468	1	960600	GTTCGGAGTT+ACGGTCAGGA	H5CWGDSX7	upload_user	FPBLM_laneBarcode.html	2024-05-06 11:34:58.138534+00:00	54de8606-2a12-445a-8b01-3e6fda2f5939	50cca74d-7b48-4094-ad9d-c59b245150a5
469	1	857000	GATTCTGAAT+CGAATCTATA	H5CWGDSX7	upload_user	FPBLM_laneBarcode.html	2024-05-06 11:34:58.138534+00:00	f5b96263-0fba-4cc4-8cc6-4b87e0b1bba6	50cca74d-7b48-4094-ad9d-c59b245150a5
470	2	2473800	TATCCGAGGC+ACATATCCAG	H5CWGDSX7	upload_user	FPBLM_laneBarcode.html	2024-05-06 11:34:58.138534+00:00	327354aa-a7f3-409f-95ac-d819d05f9d19	50cca74d-7b48-4094-ad9d-c59b245150a5
471	2	2356800	GATCGTCGCG+CTTATTGGCC	H5CWGDSX7	upload_user	FPBLM_laneBarcode.html	2024-05-06 11:34:58.138534+00:00	efc049cc-1e13-4eee-908c-c2fb1b8b3af1	50cca74d-7b48-4094-ad9d-c59b245150a5
472	2	2124140	CGTGTACCAG+AATTGGCGCC	H5CWGDSX7	upload_user	FPBLM_laneBarcode.html	2024-05-06 11:34:58.138534+00:00	b05772d1-3ff4-4e7b-a2fa-1cf5464cf63d	50cca74d-7b48-4094-ad9d-c59b245150a5
473	2	1858880	AACGAGGCCG+TAGAATTGGA	H5CWGDSX7	upload_user	FPBLM_laneBarcode.html	2024-05-06 11:34:58.138534+00:00	6779bed9-8055-4164-9e7c-2462f7fba195	50cca74d-7b48-4094-ad9d-c59b245150a5
474	2	1204060	TTAACGGTGT+TCAGAAGGCG	H5CWGDSX7	upload_user	FPBLM_laneBarcode.html	2024-05-06 11:34:58.138534+00:00	60cf9b5a-0fdf-43a6-980d-4db055924e38	50cca74d-7b48-4094-ad9d-c59b245150a5
475	2	1195440	TAGAGAATAC+GTCCACCGCT	H5CWGDSX7	upload_user	FPBLM_laneBarcode.html	2024-05-06 11:34:58.138534+00:00	d7eee2bb-d39a-41fe-af50-c272ae62fda5	50cca74d-7b48-4094-ad9d-c59b245150a5
476	2	1109720	GCAATATTCA+AACTTATCCT	H5CWGDSX7	upload_user	FPBLM_laneBarcode.html	2024-05-06 11:34:58.138534+00:00	15e73b8d-2cd9-4cf6-bc66-1b108a2b7a7c	50cca74d-7b48-4094-ad9d-c59b245150a5
477	2	1101040	TGGTGTTATG+ATCCAGGTAT	H5CWGDSX7	upload_user	FPBLM_laneBarcode.html	2024-05-06 11:34:58.138534+00:00	553d6a39-077d-472f-83ee-8e5c39da33dd	50cca74d-7b48-4094-ad9d-c59b245150a5
478	2	958940	GTTCGGAGTT+ACGGTCAGGA	H5CWGDSX7	upload_user	FPBLM_laneBarcode.html	2024-05-06 11:34:58.138534+00:00	ea76059a-c651-4bba-bb1c-444bce935cce	50cca74d-7b48-4094-ad9d-c59b245150a5
479	2	852000	GATTCTGAAT+CGAATCTATA	H5CWGDSX7	upload_user	FPBLM_laneBarcode.html	2024-05-06 11:34:58.138534+00:00	8d4b7471-5e30-459a-ad16-68184e432050	50cca74d-7b48-4094-ad9d-c59b245150a5
480	3	2455200	TATCCGAGGC+ACATATCCAG	H5CWGDSX7	upload_user	FPBLM_laneBarcode.html	2024-05-06 11:34:58.138534+00:00	8eef54be-0638-4c56-b9db-a7a513d9d48a	50cca74d-7b48-4094-ad9d-c59b245150a5
481	3	2329080	GATCGTCGCG+CTTATTGGCC	H5CWGDSX7	upload_user	FPBLM_laneBarcode.html	2024-05-06 11:34:58.138534+00:00	b69dc567-06ce-48f5-8cfc-835fd706fd7e	50cca74d-7b48-4094-ad9d-c59b245150a5
482	3	2104060	CGTGTACCAG+AATTGGCGCC	H5CWGDSX7	upload_user	FPBLM_laneBarcode.html	2024-05-06 11:34:58.138534+00:00	3ce750ed-ad5d-45cb-8ca8-88c14623a6b0	50cca74d-7b48-4094-ad9d-c59b245150a5
483	3	1840540	AACGAGGCCG+TAGAATTGGA	H5CWGDSX7	upload_user	FPBLM_laneBarcode.html	2024-05-06 11:34:58.138534+00:00	5e5fc21f-72c1-4e8f-9b02-8652722de878	50cca74d-7b48-4094-ad9d-c59b245150a5
484	3	1202140	TAGAGAATAC+GTCCACCGCT	H5CWGDSX7	upload_user	FPBLM_laneBarcode.html	2024-05-06 11:34:58.138534+00:00	e01989b5-86f7-41fe-8838-93c30dff14c8	50cca74d-7b48-4094-ad9d-c59b245150a5
485	3	1201300	TTAACGGTGT+TCAGAAGGCG	H5CWGDSX7	upload_user	FPBLM_laneBarcode.html	2024-05-06 11:34:58.138534+00:00	ec6eedd1-da75-4321-9dd0-fed699fb7d32	50cca74d-7b48-4094-ad9d-c59b245150a5
486	3	1105120	GCAATATTCA+AACTTATCCT	H5CWGDSX7	upload_user	FPBLM_laneBarcode.html	2024-05-06 11:34:58.138534+00:00	70dcc9b6-dd87-4e19-be2d-8bfdd819f1cb	50cca74d-7b48-4094-ad9d-c59b245150a5
487	3	1096660	TGGTGTTATG+ATCCAGGTAT	H5CWGDSX7	upload_user	FPBLM_laneBarcode.html	2024-05-06 11:34:58.138534+00:00	bd3c4298-c8b9-4339-8cf7-bfc7d9c687f3	50cca74d-7b48-4094-ad9d-c59b245150a5
488	3	948000	GTTCGGAGTT+ACGGTCAGGA	H5CWGDSX7	upload_user	FPBLM_laneBarcode.html	2024-05-06 11:34:58.138534+00:00	4d05627b-99ac-47d2-8ba3-a0db5854df62	50cca74d-7b48-4094-ad9d-c59b245150a5
489	3	857460	GGGGGGGGGG+TCAGAAGGCG	H5CWGDSX7	upload_user	FPBLM_laneBarcode.html	2024-05-06 11:34:58.138534+00:00	7e1b9517-6c87-496c-a8c0-ec745e9fd9fa	50cca74d-7b48-4094-ad9d-c59b245150a5
490	4	2314120	TATCCGAGGC+ACATATCCAG	H5CWGDSX7	upload_user	FPBLM_laneBarcode.html	2024-05-06 11:34:58.138534+00:00	63bfaf31-c2da-4e77-ac46-34cf437f885e	50cca74d-7b48-4094-ad9d-c59b245150a5
491	4	2180980	GATCGTCGCG+CTTATTGGCC	H5CWGDSX7	upload_user	FPBLM_laneBarcode.html	2024-05-06 11:34:58.138534+00:00	32db026a-1284-4ea8-a7e4-328e1f85d323	50cca74d-7b48-4094-ad9d-c59b245150a5
492	4	1961180	CGTGTACCAG+AATTGGCGCC	H5CWGDSX7	upload_user	FPBLM_laneBarcode.html	2024-05-06 11:34:58.138534+00:00	d7c0c390-a0d8-4655-9d1e-8df53b04e425	50cca74d-7b48-4094-ad9d-c59b245150a5
493	4	1733620	AACGAGGCCG+TAGAATTGGA	H5CWGDSX7	upload_user	FPBLM_laneBarcode.html	2024-05-06 11:34:58.138534+00:00	efa34af0-3ea9-425e-b296-623824c7080c	50cca74d-7b48-4094-ad9d-c59b245150a5
494	4	1615380	NNNNNNNNNN+NNNNNNNNNN	H5CWGDSX7	upload_user	FPBLM_laneBarcode.html	2024-05-06 11:34:58.138534+00:00	595fd35b-5ccd-4655-aee0-6fbb3ced86a9	50cca74d-7b48-4094-ad9d-c59b245150a5
495	4	1131780	TTAACGGTGT+TCAGAAGGCG	H5CWGDSX7	upload_user	FPBLM_laneBarcode.html	2024-05-06 11:34:58.138534+00:00	9434b720-287e-4764-ab12-46bf4b88b45d	50cca74d-7b48-4094-ad9d-c59b245150a5
496	4	1123440	TAGAGAATAC+GTCCACCGCT	H5CWGDSX7	upload_user	FPBLM_laneBarcode.html	2024-05-06 11:34:58.138534+00:00	90711d46-6d04-4c84-a52b-757a484c9e70	50cca74d-7b48-4094-ad9d-c59b245150a5
497	4	1028360	GCAATATTCA+AACTTATCCT	H5CWGDSX7	upload_user	FPBLM_laneBarcode.html	2024-05-06 11:34:58.138534+00:00	64274ea6-0530-40e1-8b5a-b18a20b003fd	50cca74d-7b48-4094-ad9d-c59b245150a5
498	4	1027520	TGGTGTTATG+ATCCAGGTAT	H5CWGDSX7	upload_user	FPBLM_laneBarcode.html	2024-05-06 11:34:58.138534+00:00	d267cf49-07c6-4095-b08d-b23433045b12	50cca74d-7b48-4094-ad9d-c59b245150a5
499	4	894360	GTTCGGAGTT+ACGGTCAGGA	H5CWGDSX7	upload_user	FPBLM_laneBarcode.html	2024-05-06 11:34:58.138534+00:00	61e40a26-0db0-48a6-80e3-cce3bd0f2025	50cca74d-7b48-4094-ad9d-c59b245150a5
500	1	3644680	TGATGGCTAC+CGGTTGTTGG	H3CFNDSX7	upload_user	ISMVU_laneBarcode.html	2024-05-06 11:35:51.221682+00:00	c8dec799-fbbf-476f-a4ef-7da74e4dce11	58e0b5a8-4031-4bbf-b526-a27e39ab7d48
501	1	3265680	AGGCCGTGGA+CCCGCACGAG	H3CFNDSX7	upload_user	ISMVU_laneBarcode.html	2024-05-06 11:35:51.221682+00:00	65ee3353-b030-4306-a0d3-422f389f12bd	58e0b5a8-4031-4bbf-b526-a27e39ab7d48
502	1	3189020	ATCGGCGAAG+CCTTCTTGGA	H3CFNDSX7	upload_user	ISMVU_laneBarcode.html	2024-05-06 11:35:51.221682+00:00	9f969325-6c76-4c3f-93b4-4df7cc03e3c1	58e0b5a8-4031-4bbf-b526-a27e39ab7d48
503	1	1444720	TGATGGCTAC+CGGGTGTTGG	H3CFNDSX7	upload_user	ISMVU_laneBarcode.html	2024-05-06 11:35:51.221682+00:00	a2f22c93-2058-48b1-bf38-61b8dc7f532e	58e0b5a8-4031-4bbf-b526-a27e39ab7d48
504	1	1105200	ACATATAAAT+TACACTACAA	H3CFNDSX7	upload_user	ISMVU_laneBarcode.html	2024-05-06 11:35:51.221682+00:00	1f3dcfc8-9586-4a47-ad18-e4c943604f11	58e0b5a8-4031-4bbf-b526-a27e39ab7d48
505	1	1060680	ATATAACAAT+CAGCAATCGT	H3CFNDSX7	upload_user	ISMVU_laneBarcode.html	2024-05-06 11:35:51.221682+00:00	03a7cda9-c417-43ca-9f1d-43a32759dd5b	58e0b5a8-4031-4bbf-b526-a27e39ab7d48
506	1	1039640	TGATGGCTAC+CTGGTGTTGG	H3CFNDSX7	upload_user	ISMVU_laneBarcode.html	2024-05-06 11:35:51.221682+00:00	e205fd82-f86c-4b7e-be2f-b8647e523334	58e0b5a8-4031-4bbf-b526-a27e39ab7d48
507	1	801040	CTTATTGGCC+CGTTGTTATC	H3CFNDSX7	upload_user	ISMVU_laneBarcode.html	2024-05-06 11:35:51.221682+00:00	eee44e25-a923-4f4b-9e7e-fbfe780f9db5	58e0b5a8-4031-4bbf-b526-a27e39ab7d48
508	1	791060	GGGGGGGGGG+CAGCACGGAG	H3CFNDSX7	upload_user	ISMVU_laneBarcode.html	2024-05-06 11:35:51.221682+00:00	81a88b71-3574-4e88-bbb5-1fd3c2f8eb26	58e0b5a8-4031-4bbf-b526-a27e39ab7d48
509	1	756680	CTTATTGGCC+GGGGGGGGGG	H3CFNDSX7	upload_user	ISMVU_laneBarcode.html	2024-05-06 11:35:51.221682+00:00	12988837-a42d-4c56-980f-84cd1618b5d2	58e0b5a8-4031-4bbf-b526-a27e39ab7d48
510	2	3746160	TGATGGCTAC+CGGTTGTTGG	H3CFNDSX7	upload_user	ISMVU_laneBarcode.html	2024-05-06 11:35:51.221682+00:00	8759b2d6-fe76-42c6-9503-5e7133addc90	58e0b5a8-4031-4bbf-b526-a27e39ab7d48
511	2	3589500	AGGCCGTGGA+CCCGCACGAG	H3CFNDSX7	upload_user	ISMVU_laneBarcode.html	2024-05-06 11:35:51.221682+00:00	2d4639fd-6461-4073-8388-81ad4602f8b2	58e0b5a8-4031-4bbf-b526-a27e39ab7d48
512	2	3402940	ATCGGCGAAG+CCTTCTTGGA	H3CFNDSX7	upload_user	ISMVU_laneBarcode.html	2024-05-06 11:35:51.221682+00:00	bbb6299b-c2db-451f-9f5d-dd61db50c5c6	58e0b5a8-4031-4bbf-b526-a27e39ab7d48
513	2	1483200	TGATGGCTAC+CGGGTGTTGG	H3CFNDSX7	upload_user	ISMVU_laneBarcode.html	2024-05-06 11:35:51.221682+00:00	da665071-fc71-4562-ac9f-d980cd2f54d1	58e0b5a8-4031-4bbf-b526-a27e39ab7d48
514	2	1091960	ACATATAAAT+TACACTACAA	H3CFNDSX7	upload_user	ISMVU_laneBarcode.html	2024-05-06 11:35:51.221682+00:00	a7d842a6-165b-449e-86d3-f6cccf6b035c	58e0b5a8-4031-4bbf-b526-a27e39ab7d48
515	2	1055240	ATATAACAAT+CAGCAATCGT	H3CFNDSX7	upload_user	ISMVU_laneBarcode.html	2024-05-06 11:35:51.221682+00:00	db47f731-6aa8-4314-90df-b474cf42421c	58e0b5a8-4031-4bbf-b526-a27e39ab7d48
516	2	965520	TGATGGCTAC+CTGGTGTTGG	H3CFNDSX7	upload_user	ISMVU_laneBarcode.html	2024-05-06 11:35:51.221682+00:00	2dcc002f-ea5f-4ff4-8130-37bcaa2f992b	58e0b5a8-4031-4bbf-b526-a27e39ab7d48
517	2	848360	CTTATTGGCC+CGTTGTTATC	H3CFNDSX7	upload_user	ISMVU_laneBarcode.html	2024-05-06 11:35:51.221682+00:00	26350880-8757-434f-a42c-3fc6bd57a30a	58e0b5a8-4031-4bbf-b526-a27e39ab7d48
518	2	833440	GGGGGGGGGG+CAGCACGGAG	H3CFNDSX7	upload_user	ISMVU_laneBarcode.html	2024-05-06 11:35:51.221682+00:00	7640911e-9c2f-45f8-bcba-ab4c19109b1b	58e0b5a8-4031-4bbf-b526-a27e39ab7d48
519	2	762820	CTTATTGGCC+GGGGGGGGGG	H3CFNDSX7	upload_user	ISMVU_laneBarcode.html	2024-05-06 11:35:51.221682+00:00	3f90d612-d31f-4843-beae-244c9da632bc	58e0b5a8-4031-4bbf-b526-a27e39ab7d48
520	3	2498120	TGATGGCTAC+CGGTTGTTGG	H3CFNDSX7	upload_user	ISMVU_laneBarcode.html	2024-05-06 11:35:51.221682+00:00	8d1f9419-d5be-4962-8df4-666ece042eff	58e0b5a8-4031-4bbf-b526-a27e39ab7d48
521	3	1800820	ATCGGCGAAG+CCTTCTTGGA	H3CFNDSX7	upload_user	ISMVU_laneBarcode.html	2024-05-06 11:35:51.221682+00:00	bc2ac462-4edb-45d5-b271-ce50436b3139	58e0b5a8-4031-4bbf-b526-a27e39ab7d48
522	3	1455460	AGGCCGTGGA+CCCGCACGAG	H3CFNDSX7	upload_user	ISMVU_laneBarcode.html	2024-05-06 11:35:51.221682+00:00	87a0ddd9-86bf-409d-97b5-5fda98c8df8b	58e0b5a8-4031-4bbf-b526-a27e39ab7d48
523	3	1107960	ACATATAAAT+TACACTACAA	H3CFNDSX7	upload_user	ISMVU_laneBarcode.html	2024-05-06 11:35:51.221682+00:00	ddd91842-70c4-40d2-80e1-814a2bcde6f6	58e0b5a8-4031-4bbf-b526-a27e39ab7d48
524	3	1077000	ATATAACAAT+CAGCAATCGT	H3CFNDSX7	upload_user	ISMVU_laneBarcode.html	2024-05-06 11:35:51.221682+00:00	693507e7-d78c-44e2-a574-e8dd837c7ddc	58e0b5a8-4031-4bbf-b526-a27e39ab7d48
525	3	1056080	TGATGGCTAC+CGGGTGTTGG	H3CFNDSX7	upload_user	ISMVU_laneBarcode.html	2024-05-06 11:35:51.221682+00:00	668c54b4-1241-4cb8-adf4-e91fcda5f52e	58e0b5a8-4031-4bbf-b526-a27e39ab7d48
526	3	878120	GGGGGGGGGG+CAGCACGGAG	H3CFNDSX7	upload_user	ISMVU_laneBarcode.html	2024-05-06 11:35:51.221682+00:00	8615c740-b19e-494c-a5d0-240a16a23a5e	58e0b5a8-4031-4bbf-b526-a27e39ab7d48
527	3	774320	CTTATTGGCC+GGGGGGGGGG	H3CFNDSX7	upload_user	ISMVU_laneBarcode.html	2024-05-06 11:35:51.221682+00:00	e7e3c80a-2838-459e-9fc8-c0379d45a3a5	58e0b5a8-4031-4bbf-b526-a27e39ab7d48
528	3	753180	TGATGGCTAC+CTGGTGTTGG	H3CFNDSX7	upload_user	ISMVU_laneBarcode.html	2024-05-06 11:35:51.221682+00:00	2eab4383-33da-4472-9a40-04beb5d6802e	58e0b5a8-4031-4bbf-b526-a27e39ab7d48
529	3	752740	ACATCCAAAT+CAGCACGGAG	H3CFNDSX7	upload_user	ISMVU_laneBarcode.html	2024-05-06 11:35:51.221682+00:00	dade728a-a693-409b-b8ec-d88e947adef9	58e0b5a8-4031-4bbf-b526-a27e39ab7d48
530	4	1829580	TGATGGCTAC+CGGTTGTTGG	H3CFNDSX7	upload_user	ISMVU_laneBarcode.html	2024-05-06 11:35:51.221682+00:00	c7b08841-dffe-41a1-8a57-f98b9f09e850	58e0b5a8-4031-4bbf-b526-a27e39ab7d48
531	4	1221860	ATCGGCGAAG+CCTTCTTGGA	H3CFNDSX7	upload_user	ISMVU_laneBarcode.html	2024-05-06 11:35:51.221682+00:00	ff9344f1-ddf9-4774-8368-63d102f31e67	58e0b5a8-4031-4bbf-b526-a27e39ab7d48
532	4	1116400	ACATATAAAT+TACACTACAA	H3CFNDSX7	upload_user	ISMVU_laneBarcode.html	2024-05-06 11:35:51.221682+00:00	159c09cc-a873-4260-97cb-5dde73710e01	58e0b5a8-4031-4bbf-b526-a27e39ab7d48
533	4	1081720	ATATAACAAT+CAGCAATCGT	H3CFNDSX7	upload_user	ISMVU_laneBarcode.html	2024-05-06 11:35:51.221682+00:00	6c21fe63-89a2-49b6-bf66-44f2fcea3528	58e0b5a8-4031-4bbf-b526-a27e39ab7d48
534	4	853480	AGGCCGTGGA+CCCGCACGAG	H3CFNDSX7	upload_user	ISMVU_laneBarcode.html	2024-05-06 11:35:51.221682+00:00	53afdd02-25ad-4511-a5a9-35687fd5df84	58e0b5a8-4031-4bbf-b526-a27e39ab7d48
535	4	843680	TGATGGCTAC+CGGGTGTTGG	H3CFNDSX7	upload_user	ISMVU_laneBarcode.html	2024-05-06 11:35:51.221682+00:00	7436d310-3bc9-4682-99d9-edee598b0dd1	58e0b5a8-4031-4bbf-b526-a27e39ab7d48
536	4	831420	GGGGGGGGGG+CAGCACGGAG	H3CFNDSX7	upload_user	ISMVU_laneBarcode.html	2024-05-06 11:35:51.221682+00:00	4927bd64-e357-496f-aafa-d15542350414	58e0b5a8-4031-4bbf-b526-a27e39ab7d48
537	4	783300	AAAAAATAAT+ATACATCACA	H3CFNDSX7	upload_user	ISMVU_laneBarcode.html	2024-05-06 11:35:51.221682+00:00	4d590ff0-c0d0-43b1-8fbe-655fb2ef8b18	58e0b5a8-4031-4bbf-b526-a27e39ab7d48
538	4	775420	CTTATTGGCC+GGGGGGGGGG	H3CFNDSX7	upload_user	ISMVU_laneBarcode.html	2024-05-06 11:35:51.221682+00:00	6650aedb-cd98-4171-95dd-4a17a12d58d6	58e0b5a8-4031-4bbf-b526-a27e39ab7d48
539	4	761540	AGAACGTAAA+AACGCACGAG	H3CFNDSX7	upload_user	ISMVU_laneBarcode.html	2024-05-06 11:35:51.221682+00:00	e69a9d20-2466-4c4b-8d04-c2043c64e4f8	58e0b5a8-4031-4bbf-b526-a27e39ab7d48
540	1	862160	GAATACCTAT+GGGGGGGGGG	H3CJMDSX5	upload_user	KNUAE_laneBarcode.html	2024-05-06 11:41:58.327468+00:00	3e4d8fbd-d351-4b26-9dfe-eb804fd5b9e6	8501a13a-8133-41e0-a739-06f5209c0410
541	1	517340	CTTATTGGCC+GGGGGGGGGG	H3CJMDSX5	upload_user	KNUAE_laneBarcode.html	2024-05-06 11:41:58.327468+00:00	650b052e-db8a-4641-b9ea-bacb0e45da4b	8501a13a-8133-41e0-a739-06f5209c0410
542	1	401680	TCAATGGAGA+GGGGTAGTGC	H3CJMDSX5	upload_user	KNUAE_laneBarcode.html	2024-05-06 11:41:58.327468+00:00	391b55c4-bc6b-47f1-88fe-539a038a541a	8501a13a-8133-41e0-a739-06f5209c0410
543	1	341160	TCAATGGAGA+GGTGGAGTGC	H3CJMDSX5	upload_user	KNUAE_laneBarcode.html	2024-05-06 11:41:58.327468+00:00	f113bc0f-c455-41c3-bb88-e4eab9738184	8501a13a-8133-41e0-a739-06f5209c0410
544	1	327100	GGGGGGGGGG+TACACTACAA	H3CJMDSX5	upload_user	KNUAE_laneBarcode.html	2024-05-06 11:41:58.327468+00:00	b413a958-0445-4c53-9ea2-1a07121c3098	8501a13a-8133-41e0-a739-06f5209c0410
545	1	320280	AAAAAAAAAA+AAAAAAAAAA	H3CJMDSX5	upload_user	KNUAE_laneBarcode.html	2024-05-06 11:41:58.327468+00:00	4b25d7d3-1010-4360-a1fe-12930825cdce	8501a13a-8133-41e0-a739-06f5209c0410
546	1	319200	GGGGGGGGGG+CCAGGCACCA	H3CJMDSX5	upload_user	KNUAE_laneBarcode.html	2024-05-06 11:41:58.327468+00:00	373271fb-5f47-43e8-88dc-c8b416f130c2	8501a13a-8133-41e0-a739-06f5209c0410
547	1	284840	GGGGGGGGGG+ATGTTGTTGG	H3CJMDSX5	upload_user	KNUAE_laneBarcode.html	2024-05-06 11:41:58.327468+00:00	c830f027-b2ec-43fc-9d00-6e2a7c953798	8501a13a-8133-41e0-a739-06f5209c0410
548	1	281700	GGGGGGGGGG+ACTCTATTGT	H3CJMDSX5	upload_user	KNUAE_laneBarcode.html	2024-05-06 11:41:58.327468+00:00	dd4b9233-29a7-434d-94a4-8f7c02e46be0	8501a13a-8133-41e0-a739-06f5209c0410
549	1	275440	GAATACCTAT+ACTCTATTTG	H3CJMDSX5	upload_user	KNUAE_laneBarcode.html	2024-05-06 11:41:58.327468+00:00	dd59bdac-a680-4e1d-9688-ecd90f3d32ae	8501a13a-8133-41e0-a739-06f5209c0410
550	2	827920	GAATACCTAT+GGGGGGGGGG	H3CJMDSX5	upload_user	KNUAE_laneBarcode.html	2024-05-06 11:41:58.327468+00:00	d0169361-9023-468c-852b-b9e812f7d031	8501a13a-8133-41e0-a739-06f5209c0410
551	2	513640	CTTATTGGCC+GGGGGGGGGG	H3CJMDSX5	upload_user	KNUAE_laneBarcode.html	2024-05-06 11:41:58.327468+00:00	c6b8da46-4b69-48cf-a6f5-89e9365ee65b	8501a13a-8133-41e0-a739-06f5209c0410
552	2	481980	TCAATGGAGA+GGGGTAGTGC	H3CJMDSX5	upload_user	KNUAE_laneBarcode.html	2024-05-06 11:41:58.327468+00:00	aa49394e-f469-47b9-b021-7f919c6a093e	8501a13a-8133-41e0-a739-06f5209c0410
553	2	403020	AAAAAAAAAA+AAAAAAAAAA	H3CJMDSX5	upload_user	KNUAE_laneBarcode.html	2024-05-06 11:41:58.327468+00:00	7ad71a7f-8388-47b8-a500-b50f16937e16	8501a13a-8133-41e0-a739-06f5209c0410
554	2	319100	GGGGGGGGGG+CCAGGCACCA	H3CJMDSX5	upload_user	KNUAE_laneBarcode.html	2024-05-06 11:41:58.327468+00:00	f02c5f9f-679d-4806-a57a-23e1124b2b49	8501a13a-8133-41e0-a739-06f5209c0410
555	2	307000	GGGGGGGGGG+TACACTACAA	H3CJMDSX5	upload_user	KNUAE_laneBarcode.html	2024-05-06 11:41:58.327468+00:00	80d57d8f-e17d-4eb6-bffd-d151bc5dadc1	8501a13a-8133-41e0-a739-06f5209c0410
556	2	289720	GGGGGGGGGG+ATGTTGTTGG	H3CJMDSX5	upload_user	KNUAE_laneBarcode.html	2024-05-06 11:41:58.327468+00:00	05972f4a-d02e-48de-a121-e43153de4423	8501a13a-8133-41e0-a739-06f5209c0410
557	2	282360	GGGGGGGGGG+ACTCTATTGT	H3CJMDSX5	upload_user	KNUAE_laneBarcode.html	2024-05-06 11:41:58.327468+00:00	77832de2-ae8a-4cae-b884-3c269c15a8bb	8501a13a-8133-41e0-a739-06f5209c0410
558	2	277920	GAATACCTAT+ACTCTATTTG	H3CJMDSX5	upload_user	KNUAE_laneBarcode.html	2024-05-06 11:41:58.327468+00:00	7ccc1432-7a71-43ac-ac2e-2089ff21b64e	8501a13a-8133-41e0-a739-06f5209c0410
559	2	247080	GGGGGGGGGG+ACGAACAACA	H3CJMDSX5	upload_user	KNUAE_laneBarcode.html	2024-05-06 11:41:58.327468+00:00	054bf7f1-0550-488a-b6af-f6ea4a8d8da2	8501a13a-8133-41e0-a739-06f5209c0410
560	3	845120	GAATACCTAT+GGGGGGGGGG	H3CJMDSX5	upload_user	KNUAE_laneBarcode.html	2024-05-06 11:41:58.327468+00:00	32741e8d-0ec4-4e51-8d89-4cfe80016c36	8501a13a-8133-41e0-a739-06f5209c0410
561	3	498480	CTTATTGGCC+GGGGGGGGGG	H3CJMDSX5	upload_user	KNUAE_laneBarcode.html	2024-05-06 11:41:58.327468+00:00	bacb7fa7-f6e5-4495-a041-725c6269ad23	8501a13a-8133-41e0-a739-06f5209c0410
562	3	345860	AAAAAAAAAA+AAAAAAAAAA	H3CJMDSX5	upload_user	KNUAE_laneBarcode.html	2024-05-06 11:41:58.327468+00:00	a0c3031c-2378-40f9-9d63-e8c61736cd8d	8501a13a-8133-41e0-a739-06f5209c0410
563	3	336040	TCAATGGAGA+GGGGTAGTGC	H3CJMDSX5	upload_user	KNUAE_laneBarcode.html	2024-05-06 11:41:58.327468+00:00	53e238eb-9b28-4301-9ed5-41ad0501066f	8501a13a-8133-41e0-a739-06f5209c0410
564	3	324420	GGGGGGGGGG+CCAGGCACCA	H3CJMDSX5	upload_user	KNUAE_laneBarcode.html	2024-05-06 11:41:58.327468+00:00	98188dd8-ad83-41a5-b69c-653d96b61c55	8501a13a-8133-41e0-a739-06f5209c0410
565	3	311660	GGGGGGGGGG+TACACTACAA	H3CJMDSX5	upload_user	KNUAE_laneBarcode.html	2024-05-06 11:41:58.327468+00:00	2f60a431-88b8-4d7f-8f0f-27fab32e0e93	8501a13a-8133-41e0-a739-06f5209c0410
566	3	297460	TGATGGCTAC+CGGTTGTTGG	H3CJMDSX5	upload_user	KNUAE_laneBarcode.html	2024-05-06 11:41:58.327468+00:00	1c9f1a8a-7a82-4277-865d-af829ce63c3e	8501a13a-8133-41e0-a739-06f5209c0410
567	3	288820	GGGGGGGGGG+ATGTTGTTGG	H3CJMDSX5	upload_user	KNUAE_laneBarcode.html	2024-05-06 11:41:58.327468+00:00	a1680ddd-9a3c-4393-b09d-fb533190c6e6	8501a13a-8133-41e0-a739-06f5209c0410
568	3	286360	GGGGGGGGGG+ACTCTATTGT	H3CJMDSX5	upload_user	KNUAE_laneBarcode.html	2024-05-06 11:41:58.327468+00:00	2ef6953f-aca5-4e2e-9e6f-fa3c6edca83c	8501a13a-8133-41e0-a739-06f5209c0410
569	3	283760	GAATACCTAT+ACTCTATTTG	H3CJMDSX5	upload_user	KNUAE_laneBarcode.html	2024-05-06 11:41:58.327468+00:00	ef760e7f-4259-4423-b87a-c3c4422e4651	8501a13a-8133-41e0-a739-06f5209c0410
570	4	840100	GAATACCTAT+GGGGGGGGGG	H3CJMDSX5	upload_user	KNUAE_laneBarcode.html	2024-05-06 11:41:58.327468+00:00	6f9ea42d-e519-43d3-a52c-508789b76dfc	8501a13a-8133-41e0-a739-06f5209c0410
571	4	592180	TCAATGGAGA+GGGGTAGTGC	H3CJMDSX5	upload_user	KNUAE_laneBarcode.html	2024-05-06 11:41:58.327468+00:00	1f87d331-5f47-408b-8f3c-f241703859f7	8501a13a-8133-41e0-a739-06f5209c0410
572	4	515200	CTTATTGGCC+GGGGGGGGGG	H3CJMDSX5	upload_user	KNUAE_laneBarcode.html	2024-05-06 11:41:58.327468+00:00	f843ce1a-138b-439f-9376-36592f6c2bf0	8501a13a-8133-41e0-a739-06f5209c0410
573	4	349820	AAAAAAAAAA+AAAAAAAAAA	H3CJMDSX5	upload_user	KNUAE_laneBarcode.html	2024-05-06 11:41:58.327468+00:00	428a5ef1-3446-4062-801c-c83f577e63c0	8501a13a-8133-41e0-a739-06f5209c0410
574	4	327860	GGGGGGGGGG+CCAGGCACCA	H3CJMDSX5	upload_user	KNUAE_laneBarcode.html	2024-05-06 11:41:58.327468+00:00	613d790e-1906-4d14-b2b7-5052e35d8d18	8501a13a-8133-41e0-a739-06f5209c0410
575	4	306240	GGGGGGGGGG+TACACTACAA	H3CJMDSX5	upload_user	KNUAE_laneBarcode.html	2024-05-06 11:41:58.327468+00:00	945b268a-35da-4b48-b0d5-f5288d0de5c0	8501a13a-8133-41e0-a739-06f5209c0410
576	4	285660	GGGGGGGGGG+ATGTTGTTGG	H3CJMDSX5	upload_user	KNUAE_laneBarcode.html	2024-05-06 11:41:58.327468+00:00	4c6aa152-0587-472b-8bee-fb4963b17329	8501a13a-8133-41e0-a739-06f5209c0410
577	4	281600	GGGGGGGGGG+ACTCTATTGT	H3CJMDSX5	upload_user	KNUAE_laneBarcode.html	2024-05-06 11:41:58.327468+00:00	5d095e7a-ac02-443c-9e54-e8d5cee4a656	8501a13a-8133-41e0-a739-06f5209c0410
578	4	274860	GAATACCTAT+ACTCTATTTG	H3CJMDSX5	upload_user	KNUAE_laneBarcode.html	2024-05-06 11:41:58.327468+00:00	bf1e023a-82b5-4dca-b3e4-00ffb0bb3b1e	8501a13a-8133-41e0-a739-06f5209c0410
579	4	246080	GGGGGGGGGG+ATCCAGGTAT	H3CJMDSX5	upload_user	KNUAE_laneBarcode.html	2024-05-06 11:41:58.327468+00:00	84ae51c1-bceb-4af5-b690-2cf9cce9f1b4	8501a13a-8133-41e0-a739-06f5209c0410
580	1	505660	ATCGGCGAAG+CCTTCTTGGA	HTNW2DSX5	upload_user	LX2D3_laneBarcode.html	2024-05-06 11:45:03.051795+00:00	9f0da740-9e5c-45b2-b4db-b871cdd9d128	65f8ddde-3738-4dfa-bcd0-bc095cb2fbb5
581	1	467240	CTTATTGGCC+GGGGGGGGGG	HTNW2DSX5	upload_user	LX2D3_laneBarcode.html	2024-05-06 11:45:03.051795+00:00	4d81dbed-b98a-4eb5-9659-f16ed0f41cec	65f8ddde-3738-4dfa-bcd0-bc095cb2fbb5
582	1	342040	TACGTGAAGG+GGGGGGGGGG	HTNW2DSX5	upload_user	LX2D3_laneBarcode.html	2024-05-06 11:45:03.051795+00:00	32d64efb-bf0f-4946-9384-6abc853ba954	65f8ddde-3738-4dfa-bcd0-bc095cb2fbb5
583	1	313080	GCAATATTCA+CCTTGGCGCC	HTNW2DSX5	upload_user	LX2D3_laneBarcode.html	2024-05-06 11:45:03.051795+00:00	6bc0720a-d42f-4185-8ec4-d7b6963dac22	65f8ddde-3738-4dfa-bcd0-bc095cb2fbb5
584	1	307960	GAATACCTAT+GGGGGGGGGG	HTNW2DSX5	upload_user	LX2D3_laneBarcode.html	2024-05-06 11:45:03.051795+00:00	b7c8ef99-7f96-4620-98bd-588543eb41ec	65f8ddde-3738-4dfa-bcd0-bc095cb2fbb5
585	1	305560	AGGCAGCTCT+GGGGGGGGGG	HTNW2DSX5	upload_user	LX2D3_laneBarcode.html	2024-05-06 11:45:03.051795+00:00	4c9a8905-9a9d-4f44-b5cb-e91cc7a99b6e	65f8ddde-3738-4dfa-bcd0-bc095cb2fbb5
586	1	277020	GGGGGGGGGG+TATTGCGCTC	HTNW2DSX5	upload_user	LX2D3_laneBarcode.html	2024-05-06 11:45:03.051795+00:00	6f408b73-83cb-480f-af9a-c278bd23162b	65f8ddde-3738-4dfa-bcd0-bc095cb2fbb5
587	1	274800	GGGGGGGGGG+TCAGATTAAC	HTNW2DSX5	upload_user	LX2D3_laneBarcode.html	2024-05-06 11:45:03.051795+00:00	e4999b1b-6608-4da3-99a2-4e2982242b1f	65f8ddde-3738-4dfa-bcd0-bc095cb2fbb5
588	1	260560	GGGGGGGGGG+TACTCTGCGC	HTNW2DSX5	upload_user	LX2D3_laneBarcode.html	2024-05-06 11:45:03.051795+00:00	4e7662a2-fe20-4c99-b9ac-181460f86f46	65f8ddde-3738-4dfa-bcd0-bc095cb2fbb5
589	1	259320	GGGGGGGGGG+TATCGGACCG	HTNW2DSX5	upload_user	LX2D3_laneBarcode.html	2024-05-06 11:45:03.051795+00:00	0935c8c1-57d5-4851-a06b-7eaca4eef1ad	65f8ddde-3738-4dfa-bcd0-bc095cb2fbb5
590	2	464480	CTTATTGGCC+GGGGGGGGGG	HTNW2DSX5	upload_user	LX2D3_laneBarcode.html	2024-05-06 11:45:03.051795+00:00	480b6c37-5609-47b8-97e4-dfd216779850	65f8ddde-3738-4dfa-bcd0-bc095cb2fbb5
591	2	344760	TACGTGAAGG+GGGGGGGGGG	HTNW2DSX5	upload_user	LX2D3_laneBarcode.html	2024-05-06 11:45:03.051795+00:00	393299b4-b5dd-4f96-bb7d-4eb3ad670576	65f8ddde-3738-4dfa-bcd0-bc095cb2fbb5
592	2	334660	ATCGGCGAAG+CCTTCTTGGA	HTNW2DSX5	upload_user	LX2D3_laneBarcode.html	2024-05-06 11:45:03.051795+00:00	cedbd968-a7db-4e6e-8d2b-4f1c4171e8ab	65f8ddde-3738-4dfa-bcd0-bc095cb2fbb5
593	2	313420	GAATACCTAT+GGGGGGGGGG	HTNW2DSX5	upload_user	LX2D3_laneBarcode.html	2024-05-06 11:45:03.051795+00:00	347461de-1f60-49cc-aa3d-cca010378400	65f8ddde-3738-4dfa-bcd0-bc095cb2fbb5
594	2	310160	AGGCAGCTCT+GGGGGGGGGG	HTNW2DSX5	upload_user	LX2D3_laneBarcode.html	2024-05-06 11:45:03.051795+00:00	e9958cdc-a4bd-4080-8339-1f38bc3cf1a9	65f8ddde-3738-4dfa-bcd0-bc095cb2fbb5
595	2	280660	GGGGGGGGGG+TATTGCGCTC	HTNW2DSX5	upload_user	LX2D3_laneBarcode.html	2024-05-06 11:45:03.051795+00:00	25bfd3c3-317b-4647-a782-8b53f193b359	65f8ddde-3738-4dfa-bcd0-bc095cb2fbb5
596	2	278400	GGGGGGGGGG+TCAGATTAAC	HTNW2DSX5	upload_user	LX2D3_laneBarcode.html	2024-05-06 11:45:03.051795+00:00	f72c03f8-dff6-4f59-8cdc-456852663622	65f8ddde-3738-4dfa-bcd0-bc095cb2fbb5
597	2	270040	GGGGGGGGGG+TACTCTGCGC	HTNW2DSX5	upload_user	LX2D3_laneBarcode.html	2024-05-06 11:45:03.051795+00:00	c9b42579-3de2-4fc3-8034-aace62bd8c78	65f8ddde-3738-4dfa-bcd0-bc095cb2fbb5
598	2	261040	GGGGGGGGGG+TATCGGACCG	HTNW2DSX5	upload_user	LX2D3_laneBarcode.html	2024-05-06 11:45:03.051795+00:00	58cc7a24-119e-47d6-a692-f819c8b1fe39	65f8ddde-3738-4dfa-bcd0-bc095cb2fbb5
599	2	251120	GGGGGGGGGG+GTCCACCGCT	HTNW2DSX5	upload_user	LX2D3_laneBarcode.html	2024-05-06 11:45:03.051795+00:00	69f7d580-42fe-4532-b85f-47558495e542	65f8ddde-3738-4dfa-bcd0-bc095cb2fbb5
600	3	461040	CTTATTGGCC+GGGGGGGGGG	HTNW2DSX5	upload_user	LX2D3_laneBarcode.html	2024-05-06 11:45:03.051795+00:00	17f89d08-d9da-4b99-8579-78ac0174662d	65f8ddde-3738-4dfa-bcd0-bc095cb2fbb5
601	3	337680	ATCGGCGAAG+CCTTCTTGGA	HTNW2DSX5	upload_user	LX2D3_laneBarcode.html	2024-05-06 11:45:03.051795+00:00	42cbe92d-c62a-47ea-b5a2-0ea7558d7742	65f8ddde-3738-4dfa-bcd0-bc095cb2fbb5
602	3	334680	TACGTGAAGG+GGGGGGGGGG	HTNW2DSX5	upload_user	LX2D3_laneBarcode.html	2024-05-06 11:45:03.051795+00:00	6680c70b-cf48-4793-b1ed-5169ee598d52	65f8ddde-3738-4dfa-bcd0-bc095cb2fbb5
603	3	306760	GAATACCTAT+GGGGGGGGGG	HTNW2DSX5	upload_user	LX2D3_laneBarcode.html	2024-05-06 11:45:03.051795+00:00	db158142-12e9-452e-a09b-9b4314efa19b	65f8ddde-3738-4dfa-bcd0-bc095cb2fbb5
604	3	297680	AGGCAGCTCT+GGGGGGGGGG	HTNW2DSX5	upload_user	LX2D3_laneBarcode.html	2024-05-06 11:45:03.051795+00:00	804e95c6-743f-4571-9f42-5257a24a0793	65f8ddde-3738-4dfa-bcd0-bc095cb2fbb5
605	3	294400	TCAATGGAGA+GGGGTAGTGC	HTNW2DSX5	upload_user	LX2D3_laneBarcode.html	2024-05-06 11:45:03.051795+00:00	9199e00f-cb43-4f2e-8a61-56ea1f135bd3	65f8ddde-3738-4dfa-bcd0-bc095cb2fbb5
606	3	275000	GGGGGGGGGG+TATTGCGCTC	HTNW2DSX5	upload_user	LX2D3_laneBarcode.html	2024-05-06 11:45:03.051795+00:00	8a9fc3f5-17dd-49a2-a3d8-046b3a757c40	65f8ddde-3738-4dfa-bcd0-bc095cb2fbb5
607	3	269160	GGGGGGGGGG+TACTCTGCGC	HTNW2DSX5	upload_user	LX2D3_laneBarcode.html	2024-05-06 11:45:03.051795+00:00	a6f52e64-e6fd-4567-8b26-2e18e8739d8a	65f8ddde-3738-4dfa-bcd0-bc095cb2fbb5
608	3	266000	GGGGGGGGGG+TCAGATTAAC	HTNW2DSX5	upload_user	LX2D3_laneBarcode.html	2024-05-06 11:45:03.051795+00:00	ef9f0990-d0f1-4a96-a586-d0ee891350b2	65f8ddde-3738-4dfa-bcd0-bc095cb2fbb5
609	3	258240	GGGGGGGGGG+TATCGGACCG	HTNW2DSX5	upload_user	LX2D3_laneBarcode.html	2024-05-06 11:45:03.051795+00:00	6441bf2c-9f80-4ec6-a3ea-d1f6a14ffee1	65f8ddde-3738-4dfa-bcd0-bc095cb2fbb5
610	4	471980	CTTATTGGCC+GGGGGGGGGG	HTNW2DSX5	upload_user	LX2D3_laneBarcode.html	2024-05-06 11:45:03.051795+00:00	b3fd5afe-968b-4eb2-9606-1f2b52db6702	65f8ddde-3738-4dfa-bcd0-bc095cb2fbb5
611	4	346040	TACGTGAAGG+GGGGGGGGGG	HTNW2DSX5	upload_user	LX2D3_laneBarcode.html	2024-05-06 11:45:03.051795+00:00	b586fd44-9ff9-4f34-a0a0-3c35f4fb6849	65f8ddde-3738-4dfa-bcd0-bc095cb2fbb5
612	4	308280	GAATACCTAT+GGGGGGGGGG	HTNW2DSX5	upload_user	LX2D3_laneBarcode.html	2024-05-06 11:45:03.051795+00:00	733ba90f-f40a-4c7e-a25c-894fb0a1a21d	65f8ddde-3738-4dfa-bcd0-bc095cb2fbb5
613	4	307800	AGGCAGCTCT+GGGGGGGGGG	HTNW2DSX5	upload_user	LX2D3_laneBarcode.html	2024-05-06 11:45:03.051795+00:00	98c84323-2006-4b43-884f-b74a59faf9b8	65f8ddde-3738-4dfa-bcd0-bc095cb2fbb5
614	4	307000	TCAATGGAGA+GGGGTAGTGC	HTNW2DSX5	upload_user	LX2D3_laneBarcode.html	2024-05-06 11:45:03.051795+00:00	340be27a-7f3b-4e83-9679-a71bd05a180d	65f8ddde-3738-4dfa-bcd0-bc095cb2fbb5
615	4	277720	GGGGGGGGGG+TATTGCGCTC	HTNW2DSX5	upload_user	LX2D3_laneBarcode.html	2024-05-06 11:45:03.051795+00:00	1071ad15-5214-426b-b7b5-b54cbba680ed	65f8ddde-3738-4dfa-bcd0-bc095cb2fbb5
616	4	271820	GGGGGGGGGG+TCAGATTAAC	HTNW2DSX5	upload_user	LX2D3_laneBarcode.html	2024-05-06 11:45:03.051795+00:00	7d9c879a-1caf-41cc-a6fc-4dffafe8ab87	65f8ddde-3738-4dfa-bcd0-bc095cb2fbb5
617	4	266200	GGGGGGGGGG+TACTCTGCGC	HTNW2DSX5	upload_user	LX2D3_laneBarcode.html	2024-05-06 11:45:03.051795+00:00	cf364ed1-7585-401b-b1e2-57522337f18d	65f8ddde-3738-4dfa-bcd0-bc095cb2fbb5
618	4	259780	GGGGGGGGGG+TATCGGACCG	HTNW2DSX5	upload_user	LX2D3_laneBarcode.html	2024-05-06 11:45:03.051795+00:00	4329a41a-87e8-49f3-bc37-b32f5b8e6379	65f8ddde-3738-4dfa-bcd0-bc095cb2fbb5
619	4	247440	GGGGGGGGGG+GTCCACCGCT	HTNW2DSX5	upload_user	LX2D3_laneBarcode.html	2024-05-06 11:45:03.051795+00:00	78e8c155-d621-4520-9b33-c65295e916db	65f8ddde-3738-4dfa-bcd0-bc095cb2fbb5
620	1	829980	GAATACCTAT+GGGGGGGGGG	H3CFMDSX7	upload_user	LXTBP_laneBarcode.html	2024-05-06 11:46:23.748569+00:00	04634675-bdb3-4059-8f51-ad70b0ee7c55	3795ae8c-d01b-490d-8436-e06cee359ae6
621	1	659000	CTTATTGGCC+GGGGGGGGGG	H3CFMDSX7	upload_user	LXTBP_laneBarcode.html	2024-05-06 11:46:23.748569+00:00	9d489fb2-0b3b-4e3d-b703-512d073f9c58	3795ae8c-d01b-490d-8436-e06cee359ae6
622	1	607040	TACGTGAAGG+GGGGGGGGGG	H3CFMDSX7	upload_user	LXTBP_laneBarcode.html	2024-05-06 11:46:23.748569+00:00	c3df001e-4525-4b0b-a9fa-7424399bcf90	3795ae8c-d01b-490d-8436-e06cee359ae6
623	1	581060	GGGGGGGGGG+CAGCAATCGT	H3CFMDSX7	upload_user	LXTBP_laneBarcode.html	2024-05-06 11:46:23.748569+00:00	9084f7eb-5c99-40ee-a5b6-40ccdc9b9e5a	3795ae8c-d01b-490d-8436-e06cee359ae6
624	1	559060	GGGGGGGGGG+TATCGGACCG	H3CFMDSX7	upload_user	LXTBP_laneBarcode.html	2024-05-06 11:46:23.748569+00:00	7fa08255-cd44-4bac-992b-8efa05ec310b	3795ae8c-d01b-490d-8436-e06cee359ae6
625	1	552220	AACGAGGCCG+GGGGGGGGGG	H3CFMDSX7	upload_user	LXTBP_laneBarcode.html	2024-05-06 11:46:23.748569+00:00	7934386b-5078-4b85-9284-1360d1fa258c	3795ae8c-d01b-490d-8436-e06cee359ae6
626	1	396320	GGCCAATATT+GGGGGGGGGG	H3CFMDSX7	upload_user	LXTBP_laneBarcode.html	2024-05-06 11:46:23.748569+00:00	253b3ecc-93af-4e66-b7d6-4ae50af0b697	3795ae8c-d01b-490d-8436-e06cee359ae6
627	1	384380	GGGGGGGGGG+CTAATAACCG	H3CFMDSX7	upload_user	LXTBP_laneBarcode.html	2024-05-06 11:46:23.748569+00:00	c204b1c2-494d-4d3e-bbf0-ca2605f2007e	3795ae8c-d01b-490d-8436-e06cee359ae6
628	1	350880	GGGGGGGGGG+TATTGCGCTC	H3CFMDSX7	upload_user	LXTBP_laneBarcode.html	2024-05-06 11:46:23.748569+00:00	539449af-c64a-4891-bd73-602016f9a4fb	3795ae8c-d01b-490d-8436-e06cee359ae6
629	1	338060	CGGGCCCGGG+CCGCCCGCGG	H3CFMDSX7	upload_user	LXTBP_laneBarcode.html	2024-05-06 11:46:23.748569+00:00	65015fdf-57f4-4abf-8018-8b7559983b07	3795ae8c-d01b-490d-8436-e06cee359ae6
630	2	828080	GAATACCTAT+GGGGGGGGGG	H3CFMDSX7	upload_user	LXTBP_laneBarcode.html	2024-05-06 11:46:23.748569+00:00	beabd923-05cb-4ef3-a5a2-63d6f471d435	3795ae8c-d01b-490d-8436-e06cee359ae6
631	2	655160	CTTATTGGCC+GGGGGGGGGG	H3CFMDSX7	upload_user	LXTBP_laneBarcode.html	2024-05-06 11:46:23.748569+00:00	b0348962-21ef-488a-8d3d-7d5865d5b024	3795ae8c-d01b-490d-8436-e06cee359ae6
632	2	612100	TACGTGAAGG+GGGGGGGGGG	H3CFMDSX7	upload_user	LXTBP_laneBarcode.html	2024-05-06 11:46:23.748569+00:00	6c74ac13-eab5-4c90-9efc-a14c480d5dd2	3795ae8c-d01b-490d-8436-e06cee359ae6
633	2	590040	GGGGGGGGGG+CAGCAATCGT	H3CFMDSX7	upload_user	LXTBP_laneBarcode.html	2024-05-06 11:46:23.748569+00:00	d5169bb9-b2f0-4fef-aa3c-d0bb0a72e738	3795ae8c-d01b-490d-8436-e06cee359ae6
634	2	567400	GGGGGGGGGG+TATCGGACCG	H3CFMDSX7	upload_user	LXTBP_laneBarcode.html	2024-05-06 11:46:23.748569+00:00	b930f23b-0217-414f-9613-6d3b777e3ca9	3795ae8c-d01b-490d-8436-e06cee359ae6
635	2	546460	AACGAGGCCG+GGGGGGGGGG	H3CFMDSX7	upload_user	LXTBP_laneBarcode.html	2024-05-06 11:46:23.748569+00:00	5c78395a-ba30-44e1-8226-5d5f1686f952	3795ae8c-d01b-490d-8436-e06cee359ae6
636	2	391960	GGGGGGGGGG+CTAATAACCG	H3CFMDSX7	upload_user	LXTBP_laneBarcode.html	2024-05-06 11:46:23.748569+00:00	3a45d749-06cd-440e-b313-2c6b55648efd	3795ae8c-d01b-490d-8436-e06cee359ae6
637	2	376060	GGCCAATATT+GGGGGGGGGG	H3CFMDSX7	upload_user	LXTBP_laneBarcode.html	2024-05-06 11:46:23.748569+00:00	e684fa64-4927-4214-95df-72538e93a197	3795ae8c-d01b-490d-8436-e06cee359ae6
638	2	354880	GGGGGGGGGG+TATTGCGCTC	H3CFMDSX7	upload_user	LXTBP_laneBarcode.html	2024-05-06 11:46:23.748569+00:00	dbf5e0e8-49bc-4cc3-88da-51afa359492c	3795ae8c-d01b-490d-8436-e06cee359ae6
639	2	335780	CGGGCCCGGG+CCGCCCGCGG	H3CFMDSX7	upload_user	LXTBP_laneBarcode.html	2024-05-06 11:46:23.748569+00:00	042fc381-21ff-469a-91b4-513b8cf1f797	3795ae8c-d01b-490d-8436-e06cee359ae6
640	3	831140	GAATACCTAT+GGGGGGGGGG	H3CFMDSX7	upload_user	LXTBP_laneBarcode.html	2024-05-06 11:46:23.748569+00:00	f405e9c2-6b16-4436-b00b-f72ac5ea7d7c	3795ae8c-d01b-490d-8436-e06cee359ae6
641	3	652960	CTTATTGGCC+GGGGGGGGGG	H3CFMDSX7	upload_user	LXTBP_laneBarcode.html	2024-05-06 11:46:23.748569+00:00	73002ef4-721d-4ca9-adbf-7b5d83674fa3	3795ae8c-d01b-490d-8436-e06cee359ae6
642	3	610620	TACGTGAAGG+GGGGGGGGGG	H3CFMDSX7	upload_user	LXTBP_laneBarcode.html	2024-05-06 11:46:23.748569+00:00	874f65bb-f838-44f6-9446-9d3d54510fc0	3795ae8c-d01b-490d-8436-e06cee359ae6
643	3	603000	GGGGGGGGGG+CAGCAATCGT	H3CFMDSX7	upload_user	LXTBP_laneBarcode.html	2024-05-06 11:46:23.748569+00:00	cb13142b-64d1-47e4-a20d-cba5ef5c1e77	3795ae8c-d01b-490d-8436-e06cee359ae6
644	3	573980	GGGGGGGGGG+TATCGGACCG	H3CFMDSX7	upload_user	LXTBP_laneBarcode.html	2024-05-06 11:46:23.748569+00:00	c0c276a0-57c2-415c-a06c-10af22610394	3795ae8c-d01b-490d-8436-e06cee359ae6
645	3	549140	AACGAGGCCG+GGGGGGGGGG	H3CFMDSX7	upload_user	LXTBP_laneBarcode.html	2024-05-06 11:46:23.748569+00:00	2d0ceba8-225b-4c96-b4b5-b592b0e66e18	3795ae8c-d01b-490d-8436-e06cee359ae6
646	3	393200	GGGGGGGGGG+CTAATAACCG	H3CFMDSX7	upload_user	LXTBP_laneBarcode.html	2024-05-06 11:46:23.748569+00:00	6dfa795e-9ad1-484e-9893-83053d4d8d91	3795ae8c-d01b-490d-8436-e06cee359ae6
647	3	378140	GGCCAATATT+GGGGGGGGGG	H3CFMDSX7	upload_user	LXTBP_laneBarcode.html	2024-05-06 11:46:23.748569+00:00	b061313d-93ba-4d62-802a-03dcc29b967f	3795ae8c-d01b-490d-8436-e06cee359ae6
648	3	359120	GGGGGGGGGG+TATTGCGCTC	H3CFMDSX7	upload_user	LXTBP_laneBarcode.html	2024-05-06 11:46:23.748569+00:00	7aa79e11-8fe8-4a97-ae19-fb8e9ca7aa2a	3795ae8c-d01b-490d-8436-e06cee359ae6
649	3	336940	GGGGGGGGGG+CGCTGTCTCA	H3CFMDSX7	upload_user	LXTBP_laneBarcode.html	2024-05-06 11:46:23.748569+00:00	8531d62a-694f-461f-9146-102947dc50c1	3795ae8c-d01b-490d-8436-e06cee359ae6
650	4	832740	GAATACCTAT+GGGGGGGGGG	H3CFMDSX7	upload_user	LXTBP_laneBarcode.html	2024-05-06 11:46:23.748569+00:00	10fb1cc7-bafa-4b59-ad96-3332ae08aa5f	3795ae8c-d01b-490d-8436-e06cee359ae6
651	4	656620	CTTATTGGCC+GGGGGGGGGG	H3CFMDSX7	upload_user	LXTBP_laneBarcode.html	2024-05-06 11:46:23.748569+00:00	1cd4f9b6-7285-4eb6-bf0d-8fd59434f981	3795ae8c-d01b-490d-8436-e06cee359ae6
652	4	611020	TACGTGAAGG+GGGGGGGGGG	H3CFMDSX7	upload_user	LXTBP_laneBarcode.html	2024-05-06 11:46:23.748569+00:00	516b2909-6fd4-4ff7-924d-4bbaf43f0942	3795ae8c-d01b-490d-8436-e06cee359ae6
653	4	594620	GGGGGGGGGG+CAGCAATCGT	H3CFMDSX7	upload_user	LXTBP_laneBarcode.html	2024-05-06 11:46:23.748569+00:00	b4434d21-ba98-46fb-9f17-50c51d5a17a2	3795ae8c-d01b-490d-8436-e06cee359ae6
654	4	568500	GGGGGGGGGG+TATCGGACCG	H3CFMDSX7	upload_user	LXTBP_laneBarcode.html	2024-05-06 11:46:23.748569+00:00	00c84527-82da-484e-8279-9dc6665ef640	3795ae8c-d01b-490d-8436-e06cee359ae6
655	4	548760	AACGAGGCCG+GGGGGGGGGG	H3CFMDSX7	upload_user	LXTBP_laneBarcode.html	2024-05-06 11:46:23.748569+00:00	ff53641e-a9f4-4f5c-8e6d-e67224342c7c	3795ae8c-d01b-490d-8436-e06cee359ae6
656	4	389880	GGCCAATATT+GGGGGGGGGG	H3CFMDSX7	upload_user	LXTBP_laneBarcode.html	2024-05-06 11:46:23.748569+00:00	8df5e974-655a-464a-8d03-2cc62730326d	3795ae8c-d01b-490d-8436-e06cee359ae6
657	4	387600	GGGGGGGGGG+CTAATAACCG	H3CFMDSX7	upload_user	LXTBP_laneBarcode.html	2024-05-06 11:46:23.748569+00:00	f654ae4f-117a-43a4-ad15-2571ffebabd4	3795ae8c-d01b-490d-8436-e06cee359ae6
658	4	354160	GGGGGGGGGG+TATTGCGCTC	H3CFMDSX7	upload_user	LXTBP_laneBarcode.html	2024-05-06 11:46:23.748569+00:00	54900c69-f70b-48eb-83e4-774a46c113ff	3795ae8c-d01b-490d-8436-e06cee359ae6
659	4	329060	CGGGCCCGGG+CCGCCCGCGG	H3CFMDSX7	upload_user	LXTBP_laneBarcode.html	2024-05-06 11:46:23.748569+00:00	fd4672a3-90ae-4f44-a058-548003cd38e3	3795ae8c-d01b-490d-8436-e06cee359ae6
660	1	3086100	TGATGGCTAC+CGGTTGTTGG	HFHMWDSX3	upload_user	O3O4J_laneBarcode.html	2024-05-06 11:47:43.081521+00:00	829f71a9-1355-4e04-b1b3-2afa852b3e31	096101b9-5431-463b-b829-1c29b854e4c4
661	1	3054840	GCAATATTCA+CCTTGGCGCC	HFHMWDSX3	upload_user	O3O4J_laneBarcode.html	2024-05-06 11:47:43.081521+00:00	1f4cd50b-b9c0-4a17-b4de-2b519704e4ac	096101b9-5431-463b-b829-1c29b854e4c4
662	1	1798900	TTAACCTTCG+GGGCTGGCCT	HFHMWDSX3	upload_user	O3O4J_laneBarcode.html	2024-05-06 11:47:43.081521+00:00	45ce03ce-b07f-45ca-8e79-ae28d2348140	096101b9-5431-463b-b829-1c29b854e4c4
663	1	1538040	TGATGGCTAC+GGGGGGGGGG	HFHMWDSX3	upload_user	O3O4J_laneBarcode.html	2024-05-06 11:47:43.081521+00:00	205d8842-107a-441e-a3a3-970fbf5438ce	096101b9-5431-463b-b829-1c29b854e4c4
664	1	1453180	TGATGGCTAC+CGGGTGTTGG	HFHMWDSX3	upload_user	O3O4J_laneBarcode.html	2024-05-06 11:47:43.081521+00:00	7a7bfb2b-dbd7-4bac-99a0-bac736b3f14d	096101b9-5431-463b-b829-1c29b854e4c4
665	1	1282420	AGCGCCACAC+CCGACATTAG	HFHMWDSX3	upload_user	O3O4J_laneBarcode.html	2024-05-06 11:47:43.081521+00:00	108be03e-c0fe-49f0-a8c7-0f361eace76d	096101b9-5431-463b-b829-1c29b854e4c4
666	1	1182380	AGGACAGGCC+CGCGGGAATG	HFHMWDSX3	upload_user	O3O4J_laneBarcode.html	2024-05-06 11:47:43.081521+00:00	98121653-fabf-47ef-9b72-cf1e12775df1	096101b9-5431-463b-b829-1c29b854e4c4
667	1	1160260	CGCAGCAATT+CGAGCGGAAT	HFHMWDSX3	upload_user	O3O4J_laneBarcode.html	2024-05-06 11:47:43.081521+00:00	1f0cfa0c-304b-40c2-943e-144d9393b73e	096101b9-5431-463b-b829-1c29b854e4c4
668	1	1106500	TAATTAGCGT+GGCTTAACCA	HFHMWDSX3	upload_user	O3O4J_laneBarcode.html	2024-05-06 11:47:43.081521+00:00	1f167dc6-b3b8-499d-95f9-23fbb868ba04	096101b9-5431-463b-b829-1c29b854e4c4
669	1	1079880	GTCCACCGCT+GGGAATAGGA	HFHMWDSX3	upload_user	O3O4J_laneBarcode.html	2024-05-06 11:47:43.081521+00:00	379472b1-508b-4f86-8d35-9aeb94ac80b2	096101b9-5431-463b-b829-1c29b854e4c4
670	2	3836600	GCAATATTCA+CCTTGGCGCC	HFHMWDSX3	upload_user	O3O4J_laneBarcode.html	2024-05-06 11:47:43.081521+00:00	9aedbc21-f293-4c2d-8036-ade3c28e35a0	096101b9-5431-463b-b829-1c29b854e4c4
671	2	3630280	TGATGGCTAC+CGGTTGTTGG	HFHMWDSX3	upload_user	O3O4J_laneBarcode.html	2024-05-06 11:47:43.081521+00:00	a259a5da-04ce-48f6-90a3-95476b371c0a	096101b9-5431-463b-b829-1c29b854e4c4
672	2	2100700	TTAACCTTCG+GGGCTGGCCT	HFHMWDSX3	upload_user	O3O4J_laneBarcode.html	2024-05-06 11:47:43.081521+00:00	c7a87267-a47a-4eed-b2e7-1768fbe92296	096101b9-5431-463b-b829-1c29b854e4c4
673	2	1801920	TGATGGCTAC+CGGGTGTTGG	HFHMWDSX3	upload_user	O3O4J_laneBarcode.html	2024-05-06 11:47:43.081521+00:00	3a9c6957-4846-449b-8f76-88422d0ee2a3	096101b9-5431-463b-b829-1c29b854e4c4
674	2	1602440	AGCGCCACAC+CCGACATTAG	HFHMWDSX3	upload_user	O3O4J_laneBarcode.html	2024-05-06 11:47:43.081521+00:00	f673c0f8-8b3a-4799-90e5-e50f394a8379	096101b9-5431-463b-b829-1c29b854e4c4
675	2	1500480	TGATGGCTAC+GGGGGGGGGG	HFHMWDSX3	upload_user	O3O4J_laneBarcode.html	2024-05-06 11:47:43.081521+00:00	0f355380-7458-41c2-af9c-e07df0a8131e	096101b9-5431-463b-b829-1c29b854e4c4
676	2	1421420	CGCAGCAATT+CGAGCGGAAT	HFHMWDSX3	upload_user	O3O4J_laneBarcode.html	2024-05-06 11:47:43.081521+00:00	6884c573-9ad8-477d-9b66-47218a9a6230	096101b9-5431-463b-b829-1c29b854e4c4
677	2	1346480	AGGACAGGCC+CGCGGGAATG	HFHMWDSX3	upload_user	O3O4J_laneBarcode.html	2024-05-06 11:47:43.081521+00:00	1e1946c5-086a-4141-b91b-23a494d54a0f	096101b9-5431-463b-b829-1c29b854e4c4
678	2	1264200	TAATTAGCGT+GGCTTAACCA	HFHMWDSX3	upload_user	O3O4J_laneBarcode.html	2024-05-06 11:47:43.081521+00:00	4812e4ed-3f7f-4c8f-a67a-98045c545e02	096101b9-5431-463b-b829-1c29b854e4c4
679	2	1171740	CTTATTGGCC+CCGTGTTATC	HFHMWDSX3	upload_user	O3O4J_laneBarcode.html	2024-05-06 11:47:43.081521+00:00	16608094-4a1c-4126-85ef-e2c7df7eaaf5	096101b9-5431-463b-b829-1c29b854e4c4
680	3	4237660	GCAATATTCA+CCTTGGCGCC	HFHMWDSX3	upload_user	O3O4J_laneBarcode.html	2024-05-06 11:47:43.081521+00:00	15396bf9-afcd-4edb-af60-f92db4c2849c	096101b9-5431-463b-b829-1c29b854e4c4
681	3	4090500	TGATGGCTAC+CGGTTGTTGG	HFHMWDSX3	upload_user	O3O4J_laneBarcode.html	2024-05-06 11:47:43.081521+00:00	fac830e0-997a-40a7-ace6-213c34943269	096101b9-5431-463b-b829-1c29b854e4c4
682	3	2088640	TGATGGCTAC+CGGGTGTTGG	HFHMWDSX3	upload_user	O3O4J_laneBarcode.html	2024-05-06 11:47:43.081521+00:00	d7f50861-5535-43e2-9ed7-3541aec55dc1	096101b9-5431-463b-b829-1c29b854e4c4
683	3	1998720	AGCGCCACAC+CCGACATTAG	HFHMWDSX3	upload_user	O3O4J_laneBarcode.html	2024-05-06 11:47:43.081521+00:00	9f2a4e43-455e-470f-b3e8-71a258c3a093	096101b9-5431-463b-b829-1c29b854e4c4
684	3	1708520	TTAACCTTCG+GGGCTGGCCT	HFHMWDSX3	upload_user	O3O4J_laneBarcode.html	2024-05-06 11:47:43.081521+00:00	40cebfc0-eb1e-4865-820f-f64bbe27f0ac	096101b9-5431-463b-b829-1c29b854e4c4
685	3	1515520	AGGACAGGCC+CGCGGGAATG	HFHMWDSX3	upload_user	O3O4J_laneBarcode.html	2024-05-06 11:47:43.081521+00:00	9028b373-3e21-47ff-96e1-0593e0f08a7f	096101b9-5431-463b-b829-1c29b854e4c4
686	3	1497340	CGCAGCAATT+CGAGCGGAAT	HFHMWDSX3	upload_user	O3O4J_laneBarcode.html	2024-05-06 11:47:43.081521+00:00	5cbbb929-9d4c-4260-b482-d622873c05d9	096101b9-5431-463b-b829-1c29b854e4c4
687	3	1190140	CTTATTGGCC+CCGTGTTATC	HFHMWDSX3	upload_user	O3O4J_laneBarcode.html	2024-05-06 11:47:43.081521+00:00	f5eabfeb-468e-4eea-9347-edd38ca0a97e	096101b9-5431-463b-b829-1c29b854e4c4
688	3	860800	TTAACGGTGT+CCGGTCCGGA	HFHMWDSX3	upload_user	O3O4J_laneBarcode.html	2024-05-06 11:47:43.081521+00:00	77e47697-f569-4602-b634-6d5245512b82	096101b9-5431-463b-b829-1c29b854e4c4
689	3	839200	TGATGGCTAC+CGGGGGTTGG	HFHMWDSX3	upload_user	O3O4J_laneBarcode.html	2024-05-06 11:47:43.081521+00:00	3dc2c41d-05e4-40d3-b034-94de93f74a99	096101b9-5431-463b-b829-1c29b854e4c4
690	4	4592380	TGATGGCTAC+CGGTTGTTGG	HFHMWDSX3	upload_user	O3O4J_laneBarcode.html	2024-05-06 11:47:43.081521+00:00	5cf6a77b-01dc-49d4-9dc1-8c9b8aa85b27	096101b9-5431-463b-b829-1c29b854e4c4
691	4	3933660	GCAATATTCA+CCTTGGCGCC	HFHMWDSX3	upload_user	O3O4J_laneBarcode.html	2024-05-06 11:47:43.081521+00:00	5dab26be-785c-43e9-8fc5-e6914285d853	096101b9-5431-463b-b829-1c29b854e4c4
692	4	1896180	AGCGCCACAC+CCGACATTAG	HFHMWDSX3	upload_user	O3O4J_laneBarcode.html	2024-05-06 11:47:43.081521+00:00	177364a9-f6ab-46cf-8a50-8ccce1d636df	096101b9-5431-463b-b829-1c29b854e4c4
693	4	1730800	TGATGGCTAC+CGGGTGTTGG	HFHMWDSX3	upload_user	O3O4J_laneBarcode.html	2024-05-06 11:47:43.081521+00:00	0227b7ff-e5bf-40e1-9117-00075c8abdb5	096101b9-5431-463b-b829-1c29b854e4c4
694	4	1522940	TTAACCTTCG+GGGCTGGCCT	HFHMWDSX3	upload_user	O3O4J_laneBarcode.html	2024-05-06 11:47:43.081521+00:00	2e3f3ed0-4700-4501-885c-692acf9c0c84	096101b9-5431-463b-b829-1c29b854e4c4
695	4	1467540	AGGACAGGCC+CGCGGGAATG	HFHMWDSX3	upload_user	O3O4J_laneBarcode.html	2024-05-06 11:47:43.081521+00:00	135cb85d-fa39-4a34-b459-8b1d168a363e	096101b9-5431-463b-b829-1c29b854e4c4
696	4	1339240	CGCAGCAATT+CGAGCGGAAT	HFHMWDSX3	upload_user	O3O4J_laneBarcode.html	2024-05-06 11:47:43.081521+00:00	720e4785-a138-4a0d-a73a-36417c34675d	096101b9-5431-463b-b829-1c29b854e4c4
697	4	1179760	CTTATTGGCC+CCGTGTTATC	HFHMWDSX3	upload_user	O3O4J_laneBarcode.html	2024-05-06 11:47:43.081521+00:00	3a65babe-b5a3-4195-b33b-48859d068502	096101b9-5431-463b-b829-1c29b854e4c4
698	4	876160	TGATGGCTAC+CGGGGGGTGG	HFHMWDSX3	upload_user	O3O4J_laneBarcode.html	2024-05-06 11:47:43.081521+00:00	8755417b-8c67-49db-9745-016215d66367	096101b9-5431-463b-b829-1c29b854e4c4
699	4	866640	TGATGGCTAC+CTGGTGTTGG	HFHMWDSX3	upload_user	O3O4J_laneBarcode.html	2024-05-06 11:47:43.081521+00:00	8ec1799b-8fe3-4521-bc84-fc84479cc95d	096101b9-5431-463b-b829-1c29b854e4c4
700	1	4020600	AATTCTTGGA+CCGTTGACAA	HNMC2DSX5	upload_user	OMKY4_laneBarcode.html	2024-05-06 11:49:04.975868+00:00	baf67ce9-47cb-4fb0-9fbf-65c6f3799343	338019b7-b00b-4b05-8876-daca68811e6f
701	1	3569420	AGCGCCACAC+CCGACATTAG	HNMC2DSX5	upload_user	OMKY4_laneBarcode.html	2024-05-06 11:49:04.975868+00:00	33503a04-238a-4519-8cd9-b455456a7595	338019b7-b00b-4b05-8876-daca68811e6f
702	1	3364560	GCAATATTCA+CCTTGGCGCC	HNMC2DSX5	upload_user	OMKY4_laneBarcode.html	2024-05-06 11:49:04.975868+00:00	9639527f-cd28-41f3-999a-42f3af4d9016	338019b7-b00b-4b05-8876-daca68811e6f
703	1	2600360	ATTGTTCGTC+CCTCTAGAGA	HNMC2DSX5	upload_user	OMKY4_laneBarcode.html	2024-05-06 11:49:04.975868+00:00	b9e3bbdc-85dd-40ea-83e3-f6ac2610b33b	338019b7-b00b-4b05-8876-daca68811e6f
704	1	2341880	CGTGTACCAG+CCCTTATCCT	HNMC2DSX5	upload_user	OMKY4_laneBarcode.html	2024-05-06 11:49:04.975868+00:00	10165883-f11b-47f5-b3dc-fae02f036dd3	338019b7-b00b-4b05-8876-daca68811e6f
705	1	2160480	ATCGGCGAAG+CCTTCTTGGA	HNMC2DSX5	upload_user	OMKY4_laneBarcode.html	2024-05-06 11:49:04.975868+00:00	d83387f4-fcea-4f67-b65e-36f97d93c015	338019b7-b00b-4b05-8876-daca68811e6f
706	1	2047960	TGATGGCTAC+CGGTTGTTGG	HNMC2DSX5	upload_user	OMKY4_laneBarcode.html	2024-05-06 11:49:04.975868+00:00	a743a6c7-7548-4359-a7b8-28b30d2fa779	338019b7-b00b-4b05-8876-daca68811e6f
707	1	1762800	AGGCCGTGGA+CCCGCACGAG	HNMC2DSX5	upload_user	OMKY4_laneBarcode.html	2024-05-06 11:49:04.975868+00:00	37e2fb2d-5d97-4643-9a74-23664c766da0	338019b7-b00b-4b05-8876-daca68811e6f
708	1	1468000	TATCCGAGGC+GGTATTGGCC	HNMC2DSX5	upload_user	OMKY4_laneBarcode.html	2024-05-06 11:49:04.975868+00:00	8480ed6f-0293-49a8-92d3-903e516d082c	338019b7-b00b-4b05-8876-daca68811e6f
709	1	1251360	GTAACTTGGT+CGGTCTGGCG	HNMC2DSX5	upload_user	OMKY4_laneBarcode.html	2024-05-06 11:49:04.975868+00:00	ac0cf005-bab1-48da-ab7b-a10f2dbc7abb	338019b7-b00b-4b05-8876-daca68811e6f
710	2	3872340	AATTCTTGGA+CCGTTGACAA	HNMC2DSX5	upload_user	OMKY4_laneBarcode.html	2024-05-06 11:49:04.975868+00:00	6cb3c571-8314-4dcd-9e88-5a2a83bedcdf	338019b7-b00b-4b05-8876-daca68811e6f
711	2	3570020	AGCGCCACAC+CCGACATTAG	HNMC2DSX5	upload_user	OMKY4_laneBarcode.html	2024-05-06 11:49:04.975868+00:00	c9266147-6f3c-486c-b752-53ede08ca412	338019b7-b00b-4b05-8876-daca68811e6f
712	2	3383940	GCAATATTCA+CCTTGGCGCC	HNMC2DSX5	upload_user	OMKY4_laneBarcode.html	2024-05-06 11:49:04.975868+00:00	efb4c4ab-c2f9-4d59-9ebb-b507c002ee02	338019b7-b00b-4b05-8876-daca68811e6f
713	2	2674160	ATTGTTCGTC+CCTCTAGAGA	HNMC2DSX5	upload_user	OMKY4_laneBarcode.html	2024-05-06 11:49:04.975868+00:00	f5374972-f185-45d3-8b2d-54a032c4851c	338019b7-b00b-4b05-8876-daca68811e6f
714	2	2327800	CGTGTACCAG+CCCTTATCCT	HNMC2DSX5	upload_user	OMKY4_laneBarcode.html	2024-05-06 11:49:04.975868+00:00	fdedddeb-54be-4953-82a6-928bc2504b3a	338019b7-b00b-4b05-8876-daca68811e6f
715	2	2145020	ATCGGCGAAG+CCTTCTTGGA	HNMC2DSX5	upload_user	OMKY4_laneBarcode.html	2024-05-06 11:49:04.975868+00:00	6c67c188-4abd-4926-a262-a7ab941f4972	338019b7-b00b-4b05-8876-daca68811e6f
716	2	1984020	TGATGGCTAC+CGGTTGTTGG	HNMC2DSX5	upload_user	OMKY4_laneBarcode.html	2024-05-06 11:49:04.975868+00:00	7bbba905-eca4-459f-bfe2-f2529e43e3ba	338019b7-b00b-4b05-8876-daca68811e6f
717	2	1759320	AGGCCGTGGA+CCCGCACGAG	HNMC2DSX5	upload_user	OMKY4_laneBarcode.html	2024-05-06 11:49:04.975868+00:00	31a12706-f7e0-4b77-b984-70815bce44c3	338019b7-b00b-4b05-8876-daca68811e6f
718	2	1319500	TATCCGAGGC+GGTATTGGCC	HNMC2DSX5	upload_user	OMKY4_laneBarcode.html	2024-05-06 11:49:04.975868+00:00	856921d4-e83d-4393-ba71-ae6f70f591aa	338019b7-b00b-4b05-8876-daca68811e6f
719	2	1116980	GTAACTTGGT+CGGTCTGGCG	HNMC2DSX5	upload_user	OMKY4_laneBarcode.html	2024-05-06 11:49:04.975868+00:00	a6f6cc37-4cb1-4a60-b31f-ba8b96bec4b6	338019b7-b00b-4b05-8876-daca68811e6f
720	3	3207700	AATTCTTGGA+CCGTTGACAA	HNMC2DSX5	upload_user	OMKY4_laneBarcode.html	2024-05-06 11:49:04.975868+00:00	c5190406-07c8-4ecd-81c7-df6b194a650f	338019b7-b00b-4b05-8876-daca68811e6f
721	3	2836900	AGCGCCACAC+CCGACATTAG	HNMC2DSX5	upload_user	OMKY4_laneBarcode.html	2024-05-06 11:49:04.975868+00:00	e4622c36-36af-4f6a-bcd7-cca160daf96e	338019b7-b00b-4b05-8876-daca68811e6f
722	3	2575300	GCAATATTCA+CCTTGGCGCC	HNMC2DSX5	upload_user	OMKY4_laneBarcode.html	2024-05-06 11:49:04.975868+00:00	dd96b3b6-312f-4757-a25f-159ee552e675	338019b7-b00b-4b05-8876-daca68811e6f
723	3	1930660	ATTGTTCGTC+CCTCTAGAGA	HNMC2DSX5	upload_user	OMKY4_laneBarcode.html	2024-05-06 11:49:04.975868+00:00	7edaf300-2697-486d-b139-d781e96fb2b9	338019b7-b00b-4b05-8876-daca68811e6f
724	3	1778860	TGATGGCTAC+CGGTTGTTGG	HNMC2DSX5	upload_user	OMKY4_laneBarcode.html	2024-05-06 11:49:04.975868+00:00	9910b51d-6bb8-4cb4-abde-df5a09e27d4b	338019b7-b00b-4b05-8876-daca68811e6f
725	3	1703640	CGTGTACCAG+CCCTTATCCT	HNMC2DSX5	upload_user	OMKY4_laneBarcode.html	2024-05-06 11:49:04.975868+00:00	ef80e79c-1f4c-4705-82b2-ffe84870d338	338019b7-b00b-4b05-8876-daca68811e6f
726	3	1595160	ATCGGCGAAG+CCTTCTTGGA	HNMC2DSX5	upload_user	OMKY4_laneBarcode.html	2024-05-06 11:49:04.975868+00:00	0f26fc2e-826b-4102-8717-51ae93e57995	338019b7-b00b-4b05-8876-daca68811e6f
727	3	1247040	AGGCCGTGGA+CCCGCACGAG	HNMC2DSX5	upload_user	OMKY4_laneBarcode.html	2024-05-06 11:49:04.975868+00:00	b27f37c6-793b-44cd-8bc1-111fbba9505c	338019b7-b00b-4b05-8876-daca68811e6f
728	3	1130300	TATCCGAGGC+GGTATTGGCC	HNMC2DSX5	upload_user	OMKY4_laneBarcode.html	2024-05-06 11:49:04.975868+00:00	9b5c7971-63f6-415c-9618-3d0e84699a8f	338019b7-b00b-4b05-8876-daca68811e6f
729	3	1108500	GTAACTTGGT+CGGTCTGGCG	HNMC2DSX5	upload_user	OMKY4_laneBarcode.html	2024-05-06 11:49:04.975868+00:00	3ff7ed85-cdf1-4973-bcf8-9d3c3f76e82f	338019b7-b00b-4b05-8876-daca68811e6f
730	4	2995740	AATTCTTGGA+CCGTTGACAA	HNMC2DSX5	upload_user	OMKY4_laneBarcode.html	2024-05-06 11:49:04.975868+00:00	2756cd83-5620-4c74-b91d-94a267f961a7	338019b7-b00b-4b05-8876-daca68811e6f
731	4	2732400	AGCGCCACAC+CCGACATTAG	HNMC2DSX5	upload_user	OMKY4_laneBarcode.html	2024-05-06 11:49:04.975868+00:00	10db2611-2c83-463b-8ef9-f41f1956c9cd	338019b7-b00b-4b05-8876-daca68811e6f
732	4	2391100	GCAATATTCA+CCTTGGCGCC	HNMC2DSX5	upload_user	OMKY4_laneBarcode.html	2024-05-06 11:49:04.975868+00:00	0f1be705-7187-41fd-9613-af3fea57a1c2	338019b7-b00b-4b05-8876-daca68811e6f
733	4	1854760	ATTGTTCGTC+CCTCTAGAGA	HNMC2DSX5	upload_user	OMKY4_laneBarcode.html	2024-05-06 11:49:04.975868+00:00	5b521a45-f666-473e-8c58-2ff9589de407	338019b7-b00b-4b05-8876-daca68811e6f
734	4	1614700	CGTGTACCAG+CCCTTATCCT	HNMC2DSX5	upload_user	OMKY4_laneBarcode.html	2024-05-06 11:49:04.975868+00:00	f793c9d3-3224-4b8b-846c-f9cf0bedebc5	338019b7-b00b-4b05-8876-daca68811e6f
735	4	1591620	TGATGGCTAC+CGGTTGTTGG	HNMC2DSX5	upload_user	OMKY4_laneBarcode.html	2024-05-06 11:49:04.975868+00:00	89ee4ec9-f380-4da2-8b13-7cf8c21e6bde	338019b7-b00b-4b05-8876-daca68811e6f
736	4	1509260	ATCGGCGAAG+CCTTCTTGGA	HNMC2DSX5	upload_user	OMKY4_laneBarcode.html	2024-05-06 11:49:04.975868+00:00	91a0650c-ae11-4197-b3dc-561554558d48	338019b7-b00b-4b05-8876-daca68811e6f
737	4	1207900	AGGCCGTGGA+CCCGCACGAG	HNMC2DSX5	upload_user	OMKY4_laneBarcode.html	2024-05-06 11:49:04.975868+00:00	e15d9462-00c3-4152-b5ab-aa8e768723d7	338019b7-b00b-4b05-8876-daca68811e6f
738	4	1014280	TATCCGAGGC+GGTATTGGCC	HNMC2DSX5	upload_user	OMKY4_laneBarcode.html	2024-05-06 11:49:04.975868+00:00	9a26e841-6665-4710-b48f-e9d90572f5cd	338019b7-b00b-4b05-8876-daca68811e6f
739	4	964680	GTAACTTGGT+CGGTCTGGCG	HNMC2DSX5	upload_user	OMKY4_laneBarcode.html	2024-05-06 11:49:04.975868+00:00	bea0e215-0071-40a7-a8cc-a3fc858130d2	338019b7-b00b-4b05-8876-daca68811e6f
740	1	2402700	ATGTTGTTGG+GTAACTGAAG	HTT2WDSX5	upload_user	OYHVD_laneBarcode.html	2024-05-06 11:50:38.089027+00:00	0082a55b-6339-4bfb-9fab-9a058d9663f1	450733b3-8ceb-4653-a825-8094407b9083
741	1	2300800	AATTCCATCT+TCATAGATTG	HTT2WDSX5	upload_user	OYHVD_laneBarcode.html	2024-05-06 11:50:38.089027+00:00	198e23f5-678d-430a-abe8-34f1fd684208	450733b3-8ceb-4653-a825-8094407b9083
742	1	869240	TACGTGAAGG+CCGGTTCCTA	HTT2WDSX5	upload_user	OYHVD_laneBarcode.html	2024-05-06 11:50:38.089027+00:00	d87c6f77-4038-465a-a1a0-79080c78470f	450733b3-8ceb-4653-a825-8094407b9083
743	1	691320	AGCGCCACAC+CCGACATTAG	HTT2WDSX5	upload_user	OYHVD_laneBarcode.html	2024-05-06 11:50:38.089027+00:00	e7316fda-9428-4547-a013-73c6d0d7c424	450733b3-8ceb-4653-a825-8094407b9083
744	1	582180	GGGGGGGGGG+GCTGACGTTG	HTT2WDSX5	upload_user	OYHVD_laneBarcode.html	2024-05-06 11:50:38.089027+00:00	323966e0-7469-44b3-9f72-80ed0ca00ff3	450733b3-8ceb-4653-a825-8094407b9083
745	1	553720	GGGGGGGGGG+GTTGGATGAA	HTT2WDSX5	upload_user	OYHVD_laneBarcode.html	2024-05-06 11:50:38.089027+00:00	0fc01818-97a2-4519-96f1-dcd3d846a88a	450733b3-8ceb-4653-a825-8094407b9083
746	1	508640	CCGCGTATAG+CTAATAACCG	HTT2WDSX5	upload_user	OYHVD_laneBarcode.html	2024-05-06 11:50:38.089027+00:00	1408a3df-c0bb-42c4-903b-1a084639831a	450733b3-8ceb-4653-a825-8094407b9083
747	1	473600	GGGGGGGGGG+TCATAGATTG	HTT2WDSX5	upload_user	OYHVD_laneBarcode.html	2024-05-06 11:50:38.089027+00:00	5bd10c96-4eab-4bd3-a610-6f93f517eda0	450733b3-8ceb-4653-a825-8094407b9083
748	1	454080	ATGTTGTTGG+GGGGGGGGGG	HTT2WDSX5	upload_user	OYHVD_laneBarcode.html	2024-05-06 11:50:38.089027+00:00	da9d5f00-4b22-41c4-bb42-eeec6a326811	450733b3-8ceb-4653-a825-8094407b9083
749	1	452300	CCACGCTGAA+GGGGGGGGGG	HTT2WDSX5	upload_user	OYHVD_laneBarcode.html	2024-05-06 11:50:38.089027+00:00	6eb22ca9-ea79-4cb6-8eac-5b870e90fb79	450733b3-8ceb-4653-a825-8094407b9083
750	2	2427160	ATGTTGTTGG+GTAACTGAAG	HTT2WDSX5	upload_user	OYHVD_laneBarcode.html	2024-05-06 11:50:38.089027+00:00	a05129e2-d3d6-4138-a7c4-db3e8ffefab9	450733b3-8ceb-4653-a825-8094407b9083
751	2	2345960	AATTCCATCT+TCATAGATTG	HTT2WDSX5	upload_user	OYHVD_laneBarcode.html	2024-05-06 11:50:38.089027+00:00	e5237b6f-b312-4ebb-9474-1f60535a3594	450733b3-8ceb-4653-a825-8094407b9083
752	2	865860	TACGTGAAGG+CCGGTTCCTA	HTT2WDSX5	upload_user	OYHVD_laneBarcode.html	2024-05-06 11:50:38.089027+00:00	dff2c4ed-8857-4bbc-979a-69671ecd36f0	450733b3-8ceb-4653-a825-8094407b9083
753	2	595520	GGGGGGGGGG+GCTGACGTTG	HTT2WDSX5	upload_user	OYHVD_laneBarcode.html	2024-05-06 11:50:38.089027+00:00	4c626ee5-1063-4dca-a7f3-54f814f53138	450733b3-8ceb-4653-a825-8094407b9083
754	2	567620	GGGGGGGGGG+GTTGGATGAA	HTT2WDSX5	upload_user	OYHVD_laneBarcode.html	2024-05-06 11:50:38.089027+00:00	c32e855e-2941-4f15-a7ce-013daabd6c0f	450733b3-8ceb-4653-a825-8094407b9083
755	2	512460	CCGCGTATAG+CTAATAACCG	HTT2WDSX5	upload_user	OYHVD_laneBarcode.html	2024-05-06 11:50:38.089027+00:00	90df8cb3-69b5-4e38-8756-2ade37bb0b5d	450733b3-8ceb-4653-a825-8094407b9083
756	2	507960	AGCGCCACAC+CCGACATTAG	HTT2WDSX5	upload_user	OYHVD_laneBarcode.html	2024-05-06 11:50:38.089027+00:00	2caccc38-01c0-482f-8574-801e9f9366ba	450733b3-8ceb-4653-a825-8094407b9083
757	2	487180	GGGGGGGGGG+TCATAGATTG	HTT2WDSX5	upload_user	OYHVD_laneBarcode.html	2024-05-06 11:50:38.089027+00:00	a6d74e11-9032-4953-a78f-7a5dc00870a3	450733b3-8ceb-4653-a825-8094407b9083
758	2	454120	GGGGGGGGGG+CTTATTGGCC	HTT2WDSX5	upload_user	OYHVD_laneBarcode.html	2024-05-06 11:50:38.089027+00:00	de2394d6-f73f-472f-8f8f-2e0a01b698c4	450733b3-8ceb-4653-a825-8094407b9083
759	2	452140	ATGTTGTTGG+GGGGGGGGGG	HTT2WDSX5	upload_user	OYHVD_laneBarcode.html	2024-05-06 11:50:38.089027+00:00	ce3dc8ca-9d02-47cd-8a83-87e00cd9e4c8	450733b3-8ceb-4653-a825-8094407b9083
760	3	2459960	ATGTTGTTGG+GTAACTGAAG	HTT2WDSX5	upload_user	OYHVD_laneBarcode.html	2024-05-06 11:50:38.089027+00:00	c20a0b3e-5a1f-4332-a8b2-3d3abdd236fb	450733b3-8ceb-4653-a825-8094407b9083
761	3	2350640	AATTCCATCT+TCATAGATTG	HTT2WDSX5	upload_user	OYHVD_laneBarcode.html	2024-05-06 11:50:38.089027+00:00	5c8397ca-0a43-46c6-96cf-0f9aa4078675	450733b3-8ceb-4653-a825-8094407b9083
762	3	891840	TACGTGAAGG+CCGGTTCCTA	HTT2WDSX5	upload_user	OYHVD_laneBarcode.html	2024-05-06 11:50:38.089027+00:00	f148300c-826d-4401-a74e-506444a73202	450733b3-8ceb-4653-a825-8094407b9083
763	3	606120	GGGGGGGGGG+GCTGACGTTG	HTT2WDSX5	upload_user	OYHVD_laneBarcode.html	2024-05-06 11:50:38.089027+00:00	aabc09a7-594d-452c-9da8-0817b4526da9	450733b3-8ceb-4653-a825-8094407b9083
764	3	581980	GGGGGGGGGG+GTTGGATGAA	HTT2WDSX5	upload_user	OYHVD_laneBarcode.html	2024-05-06 11:50:38.089027+00:00	9e222a0b-8921-44ee-b7ae-e002620cf4d7	450733b3-8ceb-4653-a825-8094407b9083
765	3	516540	CCGCGTATAG+CTAATAACCG	HTT2WDSX5	upload_user	OYHVD_laneBarcode.html	2024-05-06 11:50:38.089027+00:00	ffa1460b-b986-47e0-96bf-d0d0f6c99e2a	450733b3-8ceb-4653-a825-8094407b9083
766	3	491140	GGGGGGGGGG+TCATAGATTG	HTT2WDSX5	upload_user	OYHVD_laneBarcode.html	2024-05-06 11:50:38.089027+00:00	0252beef-d334-4883-9469-3c6026ae14f3	450733b3-8ceb-4653-a825-8094407b9083
767	3	458780	GGGGGGGGGG+CTTATTGGCC	HTT2WDSX5	upload_user	OYHVD_laneBarcode.html	2024-05-06 11:50:38.089027+00:00	5358b418-27c2-4a01-bd1f-caa4afc8cce3	450733b3-8ceb-4653-a825-8094407b9083
768	3	450260	CCACGCTGAA+GGGGGGGGGG	HTT2WDSX5	upload_user	OYHVD_laneBarcode.html	2024-05-06 11:50:38.089027+00:00	9b7a86da-edf9-4ca2-b6d4-6663e5322974	450733b3-8ceb-4653-a825-8094407b9083
769	3	442080	GGGGGGGGGG+AGGTATGGCG	HTT2WDSX5	upload_user	OYHVD_laneBarcode.html	2024-05-06 11:50:38.089027+00:00	0ec55330-2d24-43ac-962b-27528492c28e	450733b3-8ceb-4653-a825-8094407b9083
770	4	2471540	ATGTTGTTGG+GTAACTGAAG	HTT2WDSX5	upload_user	OYHVD_laneBarcode.html	2024-05-06 11:50:38.089027+00:00	df497ba4-7aaa-4340-92ee-7477d12a4049	450733b3-8ceb-4653-a825-8094407b9083
771	4	2354380	AATTCCATCT+TCATAGATTG	HTT2WDSX5	upload_user	OYHVD_laneBarcode.html	2024-05-06 11:50:38.089027+00:00	935d5e32-ce21-4c0b-a730-f5b59a44f3ee	450733b3-8ceb-4653-a825-8094407b9083
772	4	896460	TACGTGAAGG+CCGGTTCCTA	HTT2WDSX5	upload_user	OYHVD_laneBarcode.html	2024-05-06 11:50:38.089027+00:00	06c65f82-9578-4822-a2fb-8e3a41921a9c	450733b3-8ceb-4653-a825-8094407b9083
773	4	605220	GGGGGGGGGG+GCTGACGTTG	HTT2WDSX5	upload_user	OYHVD_laneBarcode.html	2024-05-06 11:50:38.089027+00:00	dac0656e-06fa-4e36-917d-f818e8edc17d	450733b3-8ceb-4653-a825-8094407b9083
774	4	573080	GGGGGGGGGG+GTTGGATGAA	HTT2WDSX5	upload_user	OYHVD_laneBarcode.html	2024-05-06 11:50:38.089027+00:00	4627485a-af2a-42a5-84bb-9f45bff298e4	450733b3-8ceb-4653-a825-8094407b9083
775	4	519720	CCGCGTATAG+CTAATAACCG	HTT2WDSX5	upload_user	OYHVD_laneBarcode.html	2024-05-06 11:50:38.089027+00:00	2c3ccf15-09c2-4544-803d-a7a50d6d6ac2	450733b3-8ceb-4653-a825-8094407b9083
776	4	477800	GGGGGGGGGG+TCATAGATTG	HTT2WDSX5	upload_user	OYHVD_laneBarcode.html	2024-05-06 11:50:38.089027+00:00	72035036-fbda-4bc2-b3c7-e0eef64d487c	450733b3-8ceb-4653-a825-8094407b9083
777	4	469460	CCACGCTGAA+GGGGGGGGGG	HTT2WDSX5	upload_user	OYHVD_laneBarcode.html	2024-05-06 11:50:38.089027+00:00	5302deb2-5e99-4fa7-a5bf-ed6acbe67153	450733b3-8ceb-4653-a825-8094407b9083
778	4	462160	GGGGGGGGGG+CTTATTGGCC	HTT2WDSX5	upload_user	OYHVD_laneBarcode.html	2024-05-06 11:50:38.089027+00:00	555cbb9e-d070-4bba-9c17-8aa67b08e7a2	450733b3-8ceb-4653-a825-8094407b9083
779	4	460480	ATGTTGTTGG+GGGGGGGGGG	HTT2WDSX5	upload_user	OYHVD_laneBarcode.html	2024-05-06 11:50:38.089027+00:00	8cfa162e-33ff-4227-bc1b-6ecc37c79cca	450733b3-8ceb-4653-a825-8094407b9083
780	1	3137100	TGATGGCTAC+CGGTTGTTGG	HTMGLDSX5	upload_user	PABP7_laneBarcode.html	2024-05-06 11:51:30.303022+00:00	73d3ec75-3ac8-4aa4-a7ec-5322db233a61	b44bf87e-6709-436c-9b33-b480685b1579
781	1	2550880	TGATGGCTAC+CGGGTGTTGG	HTMGLDSX5	upload_user	PABP7_laneBarcode.html	2024-05-06 11:51:30.303022+00:00	0624211a-4db0-45c3-b11a-549cf5a25ed9	b44bf87e-6709-436c-9b33-b480685b1579
782	1	1470740	TGATGGCTAC+CTGGTGTTGG	HTMGLDSX5	upload_user	PABP7_laneBarcode.html	2024-05-06 11:51:30.303022+00:00	7ecf6b6b-ba6e-4507-a584-3fb568a5d023	b44bf87e-6709-436c-9b33-b480685b1579
783	1	975740	AGGCAGCTCT+GGGGGGGGGG	HTMGLDSX5	upload_user	PABP7_laneBarcode.html	2024-05-06 11:51:30.303022+00:00	d5191798-37e3-4a7e-a8e4-c3647c41c0a9	b44bf87e-6709-436c-9b33-b480685b1579
784	1	954300	AGGCAGCTCT+CCGGTAGCCG	HTMGLDSX5	upload_user	PABP7_laneBarcode.html	2024-05-06 11:51:30.303022+00:00	d0b38e06-9edb-4aa1-85ce-526e356760df	b44bf87e-6709-436c-9b33-b480685b1579
785	1	935220	TGCCGGTCAG+GGGGGGGGGG	HTMGLDSX5	upload_user	PABP7_laneBarcode.html	2024-05-06 11:51:30.303022+00:00	a2540488-3f02-4fff-8c97-f22065e4efec	b44bf87e-6709-436c-9b33-b480685b1579
786	1	898580	GAACGCAATA+CCCGTAAGAT	HTMGLDSX5	upload_user	PABP7_laneBarcode.html	2024-05-06 11:51:30.303022+00:00	1d2631d9-92d7-4f61-abba-567aef1a2cac	b44bf87e-6709-436c-9b33-b480685b1579
787	1	879120	TAGAATTGGA+GGGGGGGGGG	HTMGLDSX5	upload_user	PABP7_laneBarcode.html	2024-05-06 11:51:30.303022+00:00	53e74cc8-17c2-487b-a4ba-a42cabf1db4c	b44bf87e-6709-436c-9b33-b480685b1579
788	1	856760	CAGCAATCGT+CTACCTCACA	HTMGLDSX5	upload_user	PABP7_laneBarcode.html	2024-05-06 11:51:30.303022+00:00	b53f43cf-7d76-4c67-ba36-c6b8e1aca9f5	b44bf87e-6709-436c-9b33-b480685b1579
789	1	854300	TTCTGTAGAA+GGGGGGGGGG	HTMGLDSX5	upload_user	PABP7_laneBarcode.html	2024-05-06 11:51:30.303022+00:00	8239b014-257b-4f02-962b-1467d7093088	b44bf87e-6709-436c-9b33-b480685b1579
790	2	2579500	TGATGGCTAC+CGGTTGTTGG	HTMGLDSX5	upload_user	PABP7_laneBarcode.html	2024-05-06 11:51:30.303022+00:00	40c2ad54-1a85-4b30-9db5-1fed1cf4876c	b44bf87e-6709-436c-9b33-b480685b1579
791	2	1886660	TGATGGCTAC+CGGGTGTTGG	HTMGLDSX5	upload_user	PABP7_laneBarcode.html	2024-05-06 11:51:30.303022+00:00	22cdb703-3a6b-4f4d-ac6d-e17906e77f0f	b44bf87e-6709-436c-9b33-b480685b1579
792	2	1337100	TGATGGCTAC+CTGGTGTTGG	HTMGLDSX5	upload_user	PABP7_laneBarcode.html	2024-05-06 11:51:30.303022+00:00	7e468eac-e289-458b-8055-d7ecad4bf7c9	b44bf87e-6709-436c-9b33-b480685b1579
793	2	1002000	AGGCAGCTCT+GGGGGGGGGG	HTMGLDSX5	upload_user	PABP7_laneBarcode.html	2024-05-06 11:51:30.303022+00:00	b05c891b-1529-4554-a2f4-fce8b29b6bba	b44bf87e-6709-436c-9b33-b480685b1579
794	2	942740	TGCCGGTCAG+GGGGGGGGGG	HTMGLDSX5	upload_user	PABP7_laneBarcode.html	2024-05-06 11:51:30.303022+00:00	32525887-d702-4fc2-857b-706679ca109d	b44bf87e-6709-436c-9b33-b480685b1579
795	2	910260	TAGAATTGGA+GGGGGGGGGG	HTMGLDSX5	upload_user	PABP7_laneBarcode.html	2024-05-06 11:51:30.303022+00:00	626dbc26-8a1a-4fe3-a8ed-cb5eb3247aae	b44bf87e-6709-436c-9b33-b480685b1579
796	2	897820	TTCTGTAGAA+GGGGGGGGGG	HTMGLDSX5	upload_user	PABP7_laneBarcode.html	2024-05-06 11:51:30.303022+00:00	9bf48ae4-ceb4-4710-81eb-049dc851ebd0	b44bf87e-6709-436c-9b33-b480685b1579
797	2	739640	TAATTAGCGT+GGGGGGGGGG	HTMGLDSX5	upload_user	PABP7_laneBarcode.html	2024-05-06 11:51:30.303022+00:00	c31f03af-472d-4221-a1d5-c584c3b794f6	b44bf87e-6709-436c-9b33-b480685b1579
798	2	735380	AGGCAGCTCT+CCGGTAGCCG	HTMGLDSX5	upload_user	PABP7_laneBarcode.html	2024-05-06 11:51:30.303022+00:00	c1e40764-28b9-4e77-a120-28a713a8c604	b44bf87e-6709-436c-9b33-b480685b1579
799	2	714080	TCTCACACGC+GGGGGGGGGG	HTMGLDSX5	upload_user	PABP7_laneBarcode.html	2024-05-06 11:51:30.303022+00:00	f91a4b9f-32d3-4973-9108-88617ec28f0b	b44bf87e-6709-436c-9b33-b480685b1579
800	3	2202580	TGATGGCTAC+CGGTTGTTGG	HTMGLDSX5	upload_user	PABP7_laneBarcode.html	2024-05-06 11:51:30.303022+00:00	9050a11e-d6be-4395-83cd-1414e6c95d4d	b44bf87e-6709-436c-9b33-b480685b1579
801	3	1325740	TGATGGCTAC+CGGGTGTTGG	HTMGLDSX5	upload_user	PABP7_laneBarcode.html	2024-05-06 11:51:30.303022+00:00	3616ae97-6f79-4fa7-b7a8-502c7ff3bc7f	b44bf87e-6709-436c-9b33-b480685b1579
802	3	1170260	TGATGGCTAC+CTGGTGTTGG	HTMGLDSX5	upload_user	PABP7_laneBarcode.html	2024-05-06 11:51:30.303022+00:00	82468573-5c03-49c8-b7aa-ca9fc0fc33e3	b44bf87e-6709-436c-9b33-b480685b1579
803	3	1028000	AGGCAGCTCT+GGGGGGGGGG	HTMGLDSX5	upload_user	PABP7_laneBarcode.html	2024-05-06 11:51:30.303022+00:00	75e0c398-f065-4de2-9048-aaf264843b60	b44bf87e-6709-436c-9b33-b480685b1579
804	3	943480	TGCCGGTCAG+GGGGGGGGGG	HTMGLDSX5	upload_user	PABP7_laneBarcode.html	2024-05-06 11:51:30.303022+00:00	c3130f02-8c71-492a-a317-d36193bc3fd5	b44bf87e-6709-436c-9b33-b480685b1579
805	3	920940	TAGAATTGGA+GGGGGGGGGG	HTMGLDSX5	upload_user	PABP7_laneBarcode.html	2024-05-06 11:51:30.303022+00:00	888bea2f-d46f-4f8d-bb00-d03b3cca2510	b44bf87e-6709-436c-9b33-b480685b1579
806	3	908760	TTCTGTAGAA+GGGGGGGGGG	HTMGLDSX5	upload_user	PABP7_laneBarcode.html	2024-05-06 11:51:30.303022+00:00	6f44099d-54d8-4c49-bd8a-69091156b8c2	b44bf87e-6709-436c-9b33-b480685b1579
807	3	743020	TAATTAGCGT+GGGGGGGGGG	HTMGLDSX5	upload_user	PABP7_laneBarcode.html	2024-05-06 11:51:30.303022+00:00	ebf15e96-094b-45e3-acf7-6993dd9537c4	b44bf87e-6709-436c-9b33-b480685b1579
808	3	731780	TCTCACACGC+GGGGGGGGGG	HTMGLDSX5	upload_user	PABP7_laneBarcode.html	2024-05-06 11:51:30.303022+00:00	80f029e4-a593-4834-8a04-5ffe57f8aaeb	b44bf87e-6709-436c-9b33-b480685b1579
809	3	721620	GGGGGGGGGG+CGTGTCGTGG	HTMGLDSX5	upload_user	PABP7_laneBarcode.html	2024-05-06 11:51:30.303022+00:00	5b752928-a873-473f-87cc-93dfa0d1d2b7	b44bf87e-6709-436c-9b33-b480685b1579
810	4	1464460	TGATGGCTAC+CGGTTGTTGG	HTMGLDSX5	upload_user	PABP7_laneBarcode.html	2024-05-06 11:51:30.303022+00:00	05e1509c-802e-442f-8411-fa01585bb923	b44bf87e-6709-436c-9b33-b480685b1579
811	4	1016740	AGGCAGCTCT+GGGGGGGGGG	HTMGLDSX5	upload_user	PABP7_laneBarcode.html	2024-05-06 11:51:30.303022+00:00	63605e9f-8d07-47dc-bba7-db75bb10e07c	b44bf87e-6709-436c-9b33-b480685b1579
812	4	960460	TGCCGGTCAG+GGGGGGGGGG	HTMGLDSX5	upload_user	PABP7_laneBarcode.html	2024-05-06 11:51:30.303022+00:00	e3a308f1-dbdd-41a5-b6f0-5ed4122bd711	b44bf87e-6709-436c-9b33-b480685b1579
813	4	921280	TAGAATTGGA+GGGGGGGGGG	HTMGLDSX5	upload_user	PABP7_laneBarcode.html	2024-05-06 11:51:30.303022+00:00	cdd9b317-aad4-4cbd-88f0-b0fb9a7dba09	b44bf87e-6709-436c-9b33-b480685b1579
814	4	907560	TTCTGTAGAA+GGGGGGGGGG	HTMGLDSX5	upload_user	PABP7_laneBarcode.html	2024-05-06 11:51:30.303022+00:00	ae9b2409-f5ff-4987-a79c-ccf5107122af	b44bf87e-6709-436c-9b33-b480685b1579
815	4	895160	TGATGGCTAC+CGGGTGTTGG	HTMGLDSX5	upload_user	PABP7_laneBarcode.html	2024-05-06 11:51:30.303022+00:00	6d6b5718-18d5-4e5e-80be-daef1d5d75ca	b44bf87e-6709-436c-9b33-b480685b1579
816	4	840520	TGATGGCTAC+CTGGTGTTGG	HTMGLDSX5	upload_user	PABP7_laneBarcode.html	2024-05-06 11:51:30.303022+00:00	6fc3e6b6-c727-416d-abc2-db81b94e4913	b44bf87e-6709-436c-9b33-b480685b1579
817	4	751800	TAATTAGCGT+GGGGGGGGGG	HTMGLDSX5	upload_user	PABP7_laneBarcode.html	2024-05-06 11:51:30.303022+00:00	4e9977be-54e3-46e6-a83c-b3620735d10c	b44bf87e-6709-436c-9b33-b480685b1579
818	4	729960	TCTCACACGC+GGGGGGGGGG	HTMGLDSX5	upload_user	PABP7_laneBarcode.html	2024-05-06 11:51:30.303022+00:00	c3e4fd53-10c9-406c-a820-a09d3b22c706	b44bf87e-6709-436c-9b33-b480685b1579
819	4	729880	GGGGGGGGGG+CGTGTCGTGG	HTMGLDSX5	upload_user	PABP7_laneBarcode.html	2024-05-06 11:51:30.303022+00:00	31cccca9-0e6c-47de-940c-683031a88cad	b44bf87e-6709-436c-9b33-b480685b1579
820	1	3557860	GCAATATTCA+CCTTGGCGCC	HNLNLDSX5	upload_user	PCMZH_laneBarcode.html	2024-05-06 11:52:18.157068+00:00	612b35e2-b10c-49b0-b3a1-1babfb12c1bc	fc2e042a-3d5b-45b6-99f3-e8cb757ee1c8
821	1	3464780	ATTGTTCGTC+CCTCTAGAGA	HNLNLDSX5	upload_user	PCMZH_laneBarcode.html	2024-05-06 11:52:18.157068+00:00	1c7d7964-d860-4dfe-9ad2-6baa54b3ea6e	fc2e042a-3d5b-45b6-99f3-e8cb757ee1c8
822	1	2973400	AATTCTTGGA+CCGTTGACAA	HNLNLDSX5	upload_user	PCMZH_laneBarcode.html	2024-05-06 11:52:18.157068+00:00	55f85bc7-33c1-4c55-b325-51d891d5f4ce	fc2e042a-3d5b-45b6-99f3-e8cb757ee1c8
823	1	2727640	GCTGACGTTG+CCTGCGAACA	HNLNLDSX5	upload_user	PCMZH_laneBarcode.html	2024-05-06 11:52:18.157068+00:00	89927264-e318-4417-b111-069a5da6d41e	fc2e042a-3d5b-45b6-99f3-e8cb757ee1c8
824	1	2416800	ATCGGCGAAG+CCTTCTTGGA	HNLNLDSX5	upload_user	PCMZH_laneBarcode.html	2024-05-06 11:52:18.157068+00:00	a3f1dd97-896e-4ebc-b099-599762743808	fc2e042a-3d5b-45b6-99f3-e8cb757ee1c8
825	1	1937960	AGGCCGTGGA+CCCGCACGAG	HNLNLDSX5	upload_user	PCMZH_laneBarcode.html	2024-05-06 11:52:18.157068+00:00	0703b134-bf71-4e07-9cf9-76d9112b5a68	fc2e042a-3d5b-45b6-99f3-e8cb757ee1c8
826	1	1883340	CGTGTACCAG+CCCTTATCCT	HNLNLDSX5	upload_user	PCMZH_laneBarcode.html	2024-05-06 11:52:18.157068+00:00	f4773d55-1d51-4e1c-8523-f950537008a6	fc2e042a-3d5b-45b6-99f3-e8cb757ee1c8
827	1	1599760	GAACGCAATA+CCCGTAAGAT	HNLNLDSX5	upload_user	PCMZH_laneBarcode.html	2024-05-06 11:52:18.157068+00:00	4c9565f9-51df-4824-b32b-9a830e5c9063	fc2e042a-3d5b-45b6-99f3-e8cb757ee1c8
828	1	1013780	TTCCTACAGC+CGACTTCGCC	HNLNLDSX5	upload_user	PCMZH_laneBarcode.html	2024-05-06 11:52:18.157068+00:00	02974afc-77a9-4e60-94c3-b8ee7f775c0d	fc2e042a-3d5b-45b6-99f3-e8cb757ee1c8
829	1	694260	TATCCGAGGC+GGTATTGGCC	HNLNLDSX5	upload_user	PCMZH_laneBarcode.html	2024-05-06 11:52:18.157068+00:00	ff23f4c2-0dbc-4ffa-ad51-da45d5e1fd37	fc2e042a-3d5b-45b6-99f3-e8cb757ee1c8
830	2	3119360	GCAATATTCA+CCTTGGCGCC	HNLNLDSX5	upload_user	PCMZH_laneBarcode.html	2024-05-06 11:52:18.157068+00:00	caa3a38c-f8f9-4ebd-a34e-bbd62e708608	fc2e042a-3d5b-45b6-99f3-e8cb757ee1c8
831	2	3113800	ATTGTTCGTC+CCTCTAGAGA	HNLNLDSX5	upload_user	PCMZH_laneBarcode.html	2024-05-06 11:52:18.157068+00:00	9765caa7-3d48-450d-9124-9d361b125a77	fc2e042a-3d5b-45b6-99f3-e8cb757ee1c8
832	2	2681200	AATTCTTGGA+CCGTTGACAA	HNLNLDSX5	upload_user	PCMZH_laneBarcode.html	2024-05-06 11:52:18.157068+00:00	ee7f61e5-6ae5-4a9d-a8f5-06b8da39e2be	fc2e042a-3d5b-45b6-99f3-e8cb757ee1c8
833	2	2138300	ATCGGCGAAG+CCTTCTTGGA	HNLNLDSX5	upload_user	PCMZH_laneBarcode.html	2024-05-06 11:52:18.157068+00:00	1fcc85aa-e9c8-475a-b657-e4b0f2460933	fc2e042a-3d5b-45b6-99f3-e8cb757ee1c8
834	2	2135820	GCTGACGTTG+CCTGCGAACA	HNLNLDSX5	upload_user	PCMZH_laneBarcode.html	2024-05-06 11:52:18.157068+00:00	62a9a7ef-6653-4e52-87b5-640624eca174	fc2e042a-3d5b-45b6-99f3-e8cb757ee1c8
835	2	1670780	AGGCCGTGGA+CCCGCACGAG	HNLNLDSX5	upload_user	PCMZH_laneBarcode.html	2024-05-06 11:52:18.157068+00:00	e0de800f-cb57-4ee1-83fd-ac7109428e99	fc2e042a-3d5b-45b6-99f3-e8cb757ee1c8
836	2	1561080	CGTGTACCAG+CCCTTATCCT	HNLNLDSX5	upload_user	PCMZH_laneBarcode.html	2024-05-06 11:52:18.157068+00:00	6188b974-32b7-471a-9222-60f4e91fa13d	fc2e042a-3d5b-45b6-99f3-e8cb757ee1c8
837	2	1234100	GAACGCAATA+CCCGTAAGAT	HNLNLDSX5	upload_user	PCMZH_laneBarcode.html	2024-05-06 11:52:18.157068+00:00	efb52c11-e781-43ae-94c5-c14505e6f232	fc2e042a-3d5b-45b6-99f3-e8cb757ee1c8
838	2	870740	TTCCTACAGC+CGACTTCGCC	HNLNLDSX5	upload_user	PCMZH_laneBarcode.html	2024-05-06 11:52:18.157068+00:00	664d3fee-63cc-4332-8d9a-be0dcf69c524	fc2e042a-3d5b-45b6-99f3-e8cb757ee1c8
839	2	794660	TATCCGAGGC+GGTATTGGCC	HNLNLDSX5	upload_user	PCMZH_laneBarcode.html	2024-05-06 11:52:18.157068+00:00	b00326a6-b3f0-4411-a69d-a3a0e6ecfff6	fc2e042a-3d5b-45b6-99f3-e8cb757ee1c8
840	3	1874880	GCAATATTCA+CCTTGGCGCC	HNLNLDSX5	upload_user	PCMZH_laneBarcode.html	2024-05-06 11:52:18.157068+00:00	b58d0ba1-29c8-4d43-969b-3573a4d1e221	fc2e042a-3d5b-45b6-99f3-e8cb757ee1c8
841	3	1810160	ATTGTTCGTC+CCTCTAGAGA	HNLNLDSX5	upload_user	PCMZH_laneBarcode.html	2024-05-06 11:52:18.157068+00:00	c0c12be5-a5b3-46f2-be09-475b9c7900d0	fc2e042a-3d5b-45b6-99f3-e8cb757ee1c8
842	3	1631840	AATTCTTGGA+CCGTTGACAA	HNLNLDSX5	upload_user	PCMZH_laneBarcode.html	2024-05-06 11:52:18.157068+00:00	ddef6c3d-9ac4-4f67-b798-8c7b0f9be1b5	fc2e042a-3d5b-45b6-99f3-e8cb757ee1c8
843	3	1259280	ATCGGCGAAG+CCTTCTTGGA	HNLNLDSX5	upload_user	PCMZH_laneBarcode.html	2024-05-06 11:52:18.157068+00:00	1fd4efa2-656f-495c-8a73-2e81c80883dc	fc2e042a-3d5b-45b6-99f3-e8cb757ee1c8
844	3	1037980	GCTGACGTTG+CCTGCGAACA	HNLNLDSX5	upload_user	PCMZH_laneBarcode.html	2024-05-06 11:52:18.157068+00:00	2ec8b05a-79c4-4fb7-8d3c-ebb4567d8938	fc2e042a-3d5b-45b6-99f3-e8cb757ee1c8
845	3	909020	AGGCCGTGGA+CCCGCACGAG	HNLNLDSX5	upload_user	PCMZH_laneBarcode.html	2024-05-06 11:52:18.157068+00:00	2d30f9db-6910-4a75-bae2-f0659bc7e2a2	fc2e042a-3d5b-45b6-99f3-e8cb757ee1c8
846	3	863360	CGTGTACCAG+CCCTTATCCT	HNLNLDSX5	upload_user	PCMZH_laneBarcode.html	2024-05-06 11:52:18.157068+00:00	c0ca5be6-59f7-41eb-80de-4b69e43b9c49	fc2e042a-3d5b-45b6-99f3-e8cb757ee1c8
847	3	825140	GAACGCAATA+CCCGTAAGAT	HNLNLDSX5	upload_user	PCMZH_laneBarcode.html	2024-05-06 11:52:18.157068+00:00	77615860-5e71-4758-a177-5477d2fde433	fc2e042a-3d5b-45b6-99f3-e8cb757ee1c8
848	3	668660	TATCCGAGGC+GGTATTGGCC	HNLNLDSX5	upload_user	PCMZH_laneBarcode.html	2024-05-06 11:52:18.157068+00:00	b0cc788c-9dc9-4873-9b3d-6f8afb0b1456	fc2e042a-3d5b-45b6-99f3-e8cb757ee1c8
849	3	657000	TTCCTACAGC+CGACTTCGCC	HNLNLDSX5	upload_user	PCMZH_laneBarcode.html	2024-05-06 11:52:18.157068+00:00	eb5f51f4-3eb1-44dc-93aa-e136765f2c90	fc2e042a-3d5b-45b6-99f3-e8cb757ee1c8
850	4	1637340	GCAATATTCA+CCTTGGCGCC	HNLNLDSX5	upload_user	PCMZH_laneBarcode.html	2024-05-06 11:52:18.157068+00:00	cb953d16-9d7a-442b-a413-aec33cf27788	fc2e042a-3d5b-45b6-99f3-e8cb757ee1c8
851	4	1531240	ATTGTTCGTC+CCTCTAGAGA	HNLNLDSX5	upload_user	PCMZH_laneBarcode.html	2024-05-06 11:52:18.157068+00:00	ec766d59-46bc-4af0-87cb-e58d8b2dff02	fc2e042a-3d5b-45b6-99f3-e8cb757ee1c8
852	4	1492480	AATTCTTGGA+CCGTTGACAA	HNLNLDSX5	upload_user	PCMZH_laneBarcode.html	2024-05-06 11:52:18.157068+00:00	56d69216-8749-4bdf-a89a-5cd4dee21f11	fc2e042a-3d5b-45b6-99f3-e8cb757ee1c8
853	4	1117760	ATCGGCGAAG+CCTTCTTGGA	HNLNLDSX5	upload_user	PCMZH_laneBarcode.html	2024-05-06 11:52:18.157068+00:00	0638f707-bfad-4a19-bee6-4bbd96579c4b	fc2e042a-3d5b-45b6-99f3-e8cb757ee1c8
854	4	891040	GCTGACGTTG+CCTGCGAACA	HNLNLDSX5	upload_user	PCMZH_laneBarcode.html	2024-05-06 11:52:18.157068+00:00	90374fb4-59c1-48e3-a4e9-aee60f1a25b0	fc2e042a-3d5b-45b6-99f3-e8cb757ee1c8
855	4	811500	AGGCCGTGGA+CCCGCACGAG	HNLNLDSX5	upload_user	PCMZH_laneBarcode.html	2024-05-06 11:52:18.157068+00:00	03f573bb-ba2e-44ee-8382-eea5549312fe	fc2e042a-3d5b-45b6-99f3-e8cb757ee1c8
856	4	741140	GAACGCAATA+CCCGTAAGAT	HNLNLDSX5	upload_user	PCMZH_laneBarcode.html	2024-05-06 11:52:18.157068+00:00	c052c9ae-19da-47e1-a1a6-267fd6f31342	fc2e042a-3d5b-45b6-99f3-e8cb757ee1c8
857	4	734940	CGTGTACCAG+CCCTTATCCT	HNLNLDSX5	upload_user	PCMZH_laneBarcode.html	2024-05-06 11:52:18.157068+00:00	e8570c8e-f536-4530-840c-d17bcc185cd0	fc2e042a-3d5b-45b6-99f3-e8cb757ee1c8
858	4	583400	TTCCTACAGC+CGACTTCGCC	HNLNLDSX5	upload_user	PCMZH_laneBarcode.html	2024-05-06 11:52:18.157068+00:00	b4218b6d-763d-421e-8284-f03460191a5b	fc2e042a-3d5b-45b6-99f3-e8cb757ee1c8
859	4	577940	TATCCGAGGC+GGTATTGGCC	HNLNLDSX5	upload_user	PCMZH_laneBarcode.html	2024-05-06 11:52:18.157068+00:00	78cd6fea-dabd-49e2-b14e-a5a548ee9baf	fc2e042a-3d5b-45b6-99f3-e8cb757ee1c8
860	1	330460	CTTATTGGCC+GGGGGGGGGG	HTT52DSX5	upload_user	PH4HU_laneBarcode.html	2024-05-06 11:53:02.201815+00:00	7cc18511-22b2-43a1-b2de-8c2634009104	29aa3c29-8c02-465f-abda-dddb87ff9737
861	1	295440	GGGGGGGGGG+GTCCACCGCT	HTT52DSX5	upload_user	PH4HU_laneBarcode.html	2024-05-06 11:53:02.201815+00:00	418e2a9c-f3e3-44cd-8bd1-3919f9521bbc	29aa3c29-8c02-465f-abda-dddb87ff9737
862	1	280760	GGGGGGGGGG+CGCTGTCTCA	HTT52DSX5	upload_user	PH4HU_laneBarcode.html	2024-05-06 11:53:02.201815+00:00	0a62faa6-b8b9-46b8-911a-24a7dc6d93ea	29aa3c29-8c02-465f-abda-dddb87ff9737
863	1	276520	GGGGGGGGGG+TACTCTGCGC	HTT52DSX5	upload_user	PH4HU_laneBarcode.html	2024-05-06 11:53:02.201815+00:00	8e28cb11-c28c-4dc7-8d7a-f0593739a674	29aa3c29-8c02-465f-abda-dddb87ff9737
864	1	274700	TGATGGCTAC+CGGTTGTTGG	HTT52DSX5	upload_user	PH4HU_laneBarcode.html	2024-05-06 11:53:02.201815+00:00	3df04901-b4e1-42c5-a65c-5b5dd0e47dc4	29aa3c29-8c02-465f-abda-dddb87ff9737
865	1	262700	AGGCAGCTCT+GGGGGGGGGG	HTT52DSX5	upload_user	PH4HU_laneBarcode.html	2024-05-06 11:53:02.201815+00:00	1aa4f8b5-2faf-42bc-8e92-584c3e809ad3	29aa3c29-8c02-465f-abda-dddb87ff9737
866	1	253980	GGGGGGGGGG+CGAATCTATA	HTT52DSX5	upload_user	PH4HU_laneBarcode.html	2024-05-06 11:53:02.201815+00:00	c47d1081-cfbc-4794-af27-8c415b64cba6	29aa3c29-8c02-465f-abda-dddb87ff9737
867	1	229820	GGGGGGGGGG+ATACTTGTTC	HTT52DSX5	upload_user	PH4HU_laneBarcode.html	2024-05-06 11:53:02.201815+00:00	7a1f560b-7101-47d4-8874-53b1232e1ac0	29aa3c29-8c02-465f-abda-dddb87ff9737
868	1	226700	GGGGGGGGGG+CCGTTCAAGG	HTT52DSX5	upload_user	PH4HU_laneBarcode.html	2024-05-06 11:53:02.201815+00:00	3836eb72-7372-49f9-87d9-26cf15baac30	29aa3c29-8c02-465f-abda-dddb87ff9737
869	1	209360	TACGTGAAGG+GGGGGGGGGG	HTT52DSX5	upload_user	PH4HU_laneBarcode.html	2024-05-06 11:53:02.201815+00:00	98bc3004-1a07-45eb-b690-57552dc7d4f3	29aa3c29-8c02-465f-abda-dddb87ff9737
870	2	332760	CTTATTGGCC+GGGGGGGGGG	HTT52DSX5	upload_user	PH4HU_laneBarcode.html	2024-05-06 11:53:02.201815+00:00	96be60fb-fea8-4ade-ac72-87913f69c4b3	29aa3c29-8c02-465f-abda-dddb87ff9737
871	2	302360	GGGGGGGGGG+GTCCACCGCT	HTT52DSX5	upload_user	PH4HU_laneBarcode.html	2024-05-06 11:53:02.201815+00:00	afea3d37-baf4-46c6-ad7a-bb67a437df18	29aa3c29-8c02-465f-abda-dddb87ff9737
872	2	288540	GGGGGGGGGG+TACTCTGCGC	HTT52DSX5	upload_user	PH4HU_laneBarcode.html	2024-05-06 11:53:02.201815+00:00	2a25ac89-957b-4aa0-910b-68c39a5131b3	29aa3c29-8c02-465f-abda-dddb87ff9737
873	2	284100	GGGGGGGGGG+CGCTGTCTCA	HTT52DSX5	upload_user	PH4HU_laneBarcode.html	2024-05-06 11:53:02.201815+00:00	deea1c2d-3d5c-499b-90f0-0001c741647b	29aa3c29-8c02-465f-abda-dddb87ff9737
874	2	273940	GGGGGGGGGG+CGAATCTATA	HTT52DSX5	upload_user	PH4HU_laneBarcode.html	2024-05-06 11:53:02.201815+00:00	468c3073-0fc7-441c-8ef0-5760a38c27ad	29aa3c29-8c02-465f-abda-dddb87ff9737
875	2	261680	AGGCAGCTCT+GGGGGGGGGG	HTT52DSX5	upload_user	PH4HU_laneBarcode.html	2024-05-06 11:53:02.201815+00:00	34532143-355c-449e-b585-aa057cbede08	29aa3c29-8c02-465f-abda-dddb87ff9737
876	2	245880	GGGGGGGGGG+ATACTTGTTC	HTT52DSX5	upload_user	PH4HU_laneBarcode.html	2024-05-06 11:53:02.201815+00:00	29b55374-87c2-41f3-b2da-0588e0d01bf4	29aa3c29-8c02-465f-abda-dddb87ff9737
877	2	239560	GGGGGGGGGG+CCGTTCAAGG	HTT52DSX5	upload_user	PH4HU_laneBarcode.html	2024-05-06 11:53:02.201815+00:00	3a687a43-7b00-4fcb-b562-43d264fd7686	29aa3c29-8c02-465f-abda-dddb87ff9737
878	2	212160	GGGGGGGGGG+ACTTGTTATC	HTT52DSX5	upload_user	PH4HU_laneBarcode.html	2024-05-06 11:53:02.201815+00:00	fc6933f9-595c-4639-962a-55f9dd46a8d0	29aa3c29-8c02-465f-abda-dddb87ff9737
879	2	205640	TGATGGCTAC+CGGTTGTTGG	HTT52DSX5	upload_user	PH4HU_laneBarcode.html	2024-05-06 11:53:02.201815+00:00	af6a2eb7-605d-4275-ad72-012eb21ca4bb	29aa3c29-8c02-465f-abda-dddb87ff9737
880	3	329580	CTTATTGGCC+GGGGGGGGGG	HTT52DSX5	upload_user	PH4HU_laneBarcode.html	2024-05-06 11:53:02.201815+00:00	cfe51fb2-a3d8-4a6f-b3d9-d27ccc86b607	29aa3c29-8c02-465f-abda-dddb87ff9737
881	3	316560	GGGGGGGGGG+GTCCACCGCT	HTT52DSX5	upload_user	PH4HU_laneBarcode.html	2024-05-06 11:53:02.201815+00:00	259ff7b3-4df5-451b-90d3-5dee768cbeb0	29aa3c29-8c02-465f-abda-dddb87ff9737
882	3	306420	GGGGGGGGGG+TACTCTGCGC	HTT52DSX5	upload_user	PH4HU_laneBarcode.html	2024-05-06 11:53:02.201815+00:00	c4846d68-f97f-43ab-a671-81f7a922e8ff	29aa3c29-8c02-465f-abda-dddb87ff9737
883	3	289040	GGGGGGGGGG+CGCTGTCTCA	HTT52DSX5	upload_user	PH4HU_laneBarcode.html	2024-05-06 11:53:02.201815+00:00	286f50df-01f9-44df-814a-024ed8d6f519	29aa3c29-8c02-465f-abda-dddb87ff9737
884	3	283920	GGGGGGGGGG+CGAATCTATA	HTT52DSX5	upload_user	PH4HU_laneBarcode.html	2024-05-06 11:53:02.201815+00:00	ea121be1-f326-418c-af54-0bb0a1f75461	29aa3c29-8c02-465f-abda-dddb87ff9737
885	3	256760	AGGCAGCTCT+GGGGGGGGGG	HTT52DSX5	upload_user	PH4HU_laneBarcode.html	2024-05-06 11:53:02.201815+00:00	c13d5a89-d542-4637-92b9-878115e32bab	29aa3c29-8c02-465f-abda-dddb87ff9737
886	3	254960	GGGGGGGGGG+ATACTTGTTC	HTT52DSX5	upload_user	PH4HU_laneBarcode.html	2024-05-06 11:53:02.201815+00:00	3d7540e1-5a82-4bc2-9aed-08387a01e8f0	29aa3c29-8c02-465f-abda-dddb87ff9737
887	3	254620	GGGGGGGGGG+CCGTTCAAGG	HTT52DSX5	upload_user	PH4HU_laneBarcode.html	2024-05-06 11:53:02.201815+00:00	15625c8a-fda9-42d7-a4d6-451642908571	29aa3c29-8c02-465f-abda-dddb87ff9737
888	3	238620	TGATGGCTAC+CGGTTGTTGG	HTT52DSX5	upload_user	PH4HU_laneBarcode.html	2024-05-06 11:53:02.201815+00:00	38d4844a-00ba-4ff9-9660-864bf6294864	29aa3c29-8c02-465f-abda-dddb87ff9737
889	3	228540	GGGGGGGGGG+ACTTGTTATC	HTT52DSX5	upload_user	PH4HU_laneBarcode.html	2024-05-06 11:53:02.201815+00:00	867a5b59-c9d4-44b1-b229-088bada78353	29aa3c29-8c02-465f-abda-dddb87ff9737
890	4	334460	CTTATTGGCC+GGGGGGGGGG	HTT52DSX5	upload_user	PH4HU_laneBarcode.html	2024-05-06 11:53:02.201815+00:00	851ef17b-936c-4dde-bab4-d5fa92227545	29aa3c29-8c02-465f-abda-dddb87ff9737
891	4	306320	GGGGGGGGGG+GTCCACCGCT	HTT52DSX5	upload_user	PH4HU_laneBarcode.html	2024-05-06 11:53:02.201815+00:00	ae75f7fe-2e64-4fe0-b2d9-71390e53b0c9	29aa3c29-8c02-465f-abda-dddb87ff9737
892	4	291160	GGGGGGGGGG+TACTCTGCGC	HTT52DSX5	upload_user	PH4HU_laneBarcode.html	2024-05-06 11:53:02.201815+00:00	a3d011f8-1bb6-4321-907f-caee2c0d124c	29aa3c29-8c02-465f-abda-dddb87ff9737
893	4	288460	GGGGGGGGGG+CGCTGTCTCA	HTT52DSX5	upload_user	PH4HU_laneBarcode.html	2024-05-06 11:53:02.201815+00:00	c0bcee27-0a9e-4b05-9393-b010a79de383	29aa3c29-8c02-465f-abda-dddb87ff9737
894	4	272120	GGGGGGGGGG+CGAATCTATA	HTT52DSX5	upload_user	PH4HU_laneBarcode.html	2024-05-06 11:53:02.201815+00:00	a7744c40-2323-4cb1-b20d-665a51dc5fa3	29aa3c29-8c02-465f-abda-dddb87ff9737
895	4	259880	AGGCAGCTCT+GGGGGGGGGG	HTT52DSX5	upload_user	PH4HU_laneBarcode.html	2024-05-06 11:53:02.201815+00:00	cf82c0af-1972-4b41-849c-1ea37ecdeea7	29aa3c29-8c02-465f-abda-dddb87ff9737
896	4	245520	GGGGGGGGGG+ATACTTGTTC	HTT52DSX5	upload_user	PH4HU_laneBarcode.html	2024-05-06 11:53:02.201815+00:00	106926fa-90a4-4713-8425-252e5a21ab47	29aa3c29-8c02-465f-abda-dddb87ff9737
897	4	240000	GGGGGGGGGG+CCGTTCAAGG	HTT52DSX5	upload_user	PH4HU_laneBarcode.html	2024-05-06 11:53:02.201815+00:00	23c45b02-b1da-4248-9d1e-00706b271b93	29aa3c29-8c02-465f-abda-dddb87ff9737
898	4	221280	GGGGGGGGGG+ACTTGTTATC	HTT52DSX5	upload_user	PH4HU_laneBarcode.html	2024-05-06 11:53:02.201815+00:00	63b4819e-1abc-47d4-9f77-78ce3a02967f	29aa3c29-8c02-465f-abda-dddb87ff9737
899	4	206840	GGGGGGGGGG+CTAATAACCG	HTT52DSX5	upload_user	PH4HU_laneBarcode.html	2024-05-06 11:53:02.201815+00:00	6eab9660-96f3-4fe7-bd60-ebccd902bc6e	29aa3c29-8c02-465f-abda-dddb87ff9737
900	1	744320	ATCGGCGAAG+CCTTCTTGGA	HTMWGDSX5	upload_user	QXT5U_laneBarcode.html	2024-05-06 11:54:11.082623+00:00	520970cc-6c86-49e6-a86d-0f134b5d27df	9879526f-af4d-4b82-a73f-9ddcff49da40
901	1	500160	CTTATTGGCC+GGGGGGGGGG	HTMWGDSX5	upload_user	QXT5U_laneBarcode.html	2024-05-06 11:54:11.082623+00:00	fc3a90cb-c7b6-433e-a6bf-1f1e441c6022	9879526f-af4d-4b82-a73f-9ddcff49da40
902	1	432060	TCAATGGAGA+GGGGTAGTGC	HTMWGDSX5	upload_user	QXT5U_laneBarcode.html	2024-05-06 11:54:11.082623+00:00	015d5d0e-fda1-4750-a9e3-e2f77c8d6e39	9879526f-af4d-4b82-a73f-9ddcff49da40
903	1	385480	GCAATATTCA+CCTTGGCGCC	HTMWGDSX5	upload_user	QXT5U_laneBarcode.html	2024-05-06 11:54:11.082623+00:00	7fcf4a2f-5014-4690-bf97-c0a46bac2509	9879526f-af4d-4b82-a73f-9ddcff49da40
904	1	343380	GAACGCAATA+CCCGTAAGAT	HTMWGDSX5	upload_user	QXT5U_laneBarcode.html	2024-05-06 11:54:11.082623+00:00	b65d816c-295f-4ccb-9527-56dfabb567a2	9879526f-af4d-4b82-a73f-9ddcff49da40
905	1	321300	GAATACCTAT+GGGGGGGGGG	HTMWGDSX5	upload_user	QXT5U_laneBarcode.html	2024-05-06 11:54:11.082623+00:00	36f9ded8-e3f1-4f6c-a3fe-4e935344a0d6	9879526f-af4d-4b82-a73f-9ddcff49da40
906	1	296500	NNNNNNNNNN+NNNNNNNNNN	HTMWGDSX5	upload_user	QXT5U_laneBarcode.html	2024-05-06 11:54:11.082623+00:00	8b6d6e0d-f43f-4694-a992-cd066a2b16d6	9879526f-af4d-4b82-a73f-9ddcff49da40
907	1	281560	GGGGGGGGGG+TACTCTGCGC	HTMWGDSX5	upload_user	QXT5U_laneBarcode.html	2024-05-06 11:54:11.082623+00:00	d08f7d5a-04d9-4a6f-8f33-2e7ed0bb2425	9879526f-af4d-4b82-a73f-9ddcff49da40
908	1	277720	TACGTGAAGG+GGGGGGGGGG	HTMWGDSX5	upload_user	QXT5U_laneBarcode.html	2024-05-06 11:54:11.082623+00:00	19e6ea4c-c7f3-4b61-83e1-1c20e435f86b	9879526f-af4d-4b82-a73f-9ddcff49da40
909	1	276980	GGGGGGGGGG+GTCCACCGCT	HTMWGDSX5	upload_user	QXT5U_laneBarcode.html	2024-05-06 11:54:11.082623+00:00	14a2ee5e-ff81-4ad3-a399-8dc738e1f783	9879526f-af4d-4b82-a73f-9ddcff49da40
910	2	558640	ATCGGCGAAG+CCTTCTTGGA	HTMWGDSX5	upload_user	QXT5U_laneBarcode.html	2024-05-06 11:54:11.082623+00:00	c1062c34-807e-466b-ac04-a6877de87a7f	9879526f-af4d-4b82-a73f-9ddcff49da40
911	2	508920	CTTATTGGCC+GGGGGGGGGG	HTMWGDSX5	upload_user	QXT5U_laneBarcode.html	2024-05-06 11:54:11.082623+00:00	bd8e4da5-a97d-49db-811f-49a0e42e5322	9879526f-af4d-4b82-a73f-9ddcff49da40
912	2	339420	TCAATGGAGA+GGGGTAGTGC	HTMWGDSX5	upload_user	QXT5U_laneBarcode.html	2024-05-06 11:54:11.082623+00:00	961cfbd9-cce6-4fcf-bfac-64ab24669bc0	9879526f-af4d-4b82-a73f-9ddcff49da40
913	2	323200	GAATACCTAT+GGGGGGGGGG	HTMWGDSX5	upload_user	QXT5U_laneBarcode.html	2024-05-06 11:54:11.082623+00:00	7c4123c4-d2f7-4373-b85b-61a279b569fb	9879526f-af4d-4b82-a73f-9ddcff49da40
914	2	297900	NNNNNNNNNN+NNNNNNNNNN	HTMWGDSX5	upload_user	QXT5U_laneBarcode.html	2024-05-06 11:54:11.082623+00:00	88d4e1f8-cd0a-47b9-a817-92a23ca54185	9879526f-af4d-4b82-a73f-9ddcff49da40
915	2	290140	GGGGGGGGGG+GTCCACCGCT	HTMWGDSX5	upload_user	QXT5U_laneBarcode.html	2024-05-06 11:54:11.082623+00:00	96a01d2a-7b86-484d-93e7-914b3e01ce40	9879526f-af4d-4b82-a73f-9ddcff49da40
916	2	288700	GGGGGGGGGG+TACTCTGCGC	HTMWGDSX5	upload_user	QXT5U_laneBarcode.html	2024-05-06 11:54:11.082623+00:00	b4418c2d-faef-4e58-9696-8bb0441ac63f	9879526f-af4d-4b82-a73f-9ddcff49da40
917	2	284020	GAACGCAATA+CCCGTAAGAT	HTMWGDSX5	upload_user	QXT5U_laneBarcode.html	2024-05-06 11:54:11.082623+00:00	9bfd9eed-6d81-40d7-909c-28749567b595	9879526f-af4d-4b82-a73f-9ddcff49da40
918	2	278080	TACGTGAAGG+GGGGGGGGGG	HTMWGDSX5	upload_user	QXT5U_laneBarcode.html	2024-05-06 11:54:11.082623+00:00	8d163fd9-fdc7-4470-aee4-56ff16e9051b	9879526f-af4d-4b82-a73f-9ddcff49da40
919	2	269300	GGGGGGGGGG+TGGCCTCTGT	HTMWGDSX5	upload_user	QXT5U_laneBarcode.html	2024-05-06 11:54:11.082623+00:00	e63bfd70-b69b-4bb6-a150-4aabc70186b7	9879526f-af4d-4b82-a73f-9ddcff49da40
920	3	717080	ATCGGCGAAG+CCTTCTTGGA	HTMWGDSX5	upload_user	QXT5U_laneBarcode.html	2024-05-06 11:54:11.082623+00:00	718029e9-20dc-4c4c-8338-1edae18c0f80	9879526f-af4d-4b82-a73f-9ddcff49da40
921	3	489540	CTTATTGGCC+GGGGGGGGGG	HTMWGDSX5	upload_user	QXT5U_laneBarcode.html	2024-05-06 11:54:11.082623+00:00	7eff4933-5f37-4b28-9fa9-85a8596594d2	9879526f-af4d-4b82-a73f-9ddcff49da40
922	3	339500	GCAATATTCA+CCTTGGCGCC	HTMWGDSX5	upload_user	QXT5U_laneBarcode.html	2024-05-06 11:54:11.082623+00:00	03c0ae46-0551-433d-9588-c19c14125fdc	9879526f-af4d-4b82-a73f-9ddcff49da40
923	3	331380	TCAATGGAGA+GGGGTAGTGC	HTMWGDSX5	upload_user	QXT5U_laneBarcode.html	2024-05-06 11:54:11.082623+00:00	468ff6bc-9b8b-4855-98b7-5eac7b49cd75	9879526f-af4d-4b82-a73f-9ddcff49da40
924	3	317960	GAATACCTAT+GGGGGGGGGG	HTMWGDSX5	upload_user	QXT5U_laneBarcode.html	2024-05-06 11:54:11.082623+00:00	4682df1a-7d47-4f06-92ac-3b43471c2ca0	9879526f-af4d-4b82-a73f-9ddcff49da40
925	3	300420	GGGGGGGGGG+GTCCACCGCT	HTMWGDSX5	upload_user	QXT5U_laneBarcode.html	2024-05-06 11:54:11.082623+00:00	7bf3966a-109b-4efb-97fa-d90a3c647c3a	9879526f-af4d-4b82-a73f-9ddcff49da40
926	3	297100	GGGGGGGGGG+TACTCTGCGC	HTMWGDSX5	upload_user	QXT5U_laneBarcode.html	2024-05-06 11:54:11.082623+00:00	b46077a9-8efd-4bc4-bad8-5d4793bee080	9879526f-af4d-4b82-a73f-9ddcff49da40
927	3	276920	TACGTGAAGG+GGGGGGGGGG	HTMWGDSX5	upload_user	QXT5U_laneBarcode.html	2024-05-06 11:54:11.082623+00:00	82e7b0e4-bb94-4118-b472-34f7eeb4541d	9879526f-af4d-4b82-a73f-9ddcff49da40
928	3	271340	GAACGCAATA+CCCGTAAGAT	HTMWGDSX5	upload_user	QXT5U_laneBarcode.html	2024-05-06 11:54:11.082623+00:00	28499336-0d83-462e-a9b7-3c2e69547386	9879526f-af4d-4b82-a73f-9ddcff49da40
929	3	265280	GGGGGGGGGG+TGGCCTCTGT	HTMWGDSX5	upload_user	QXT5U_laneBarcode.html	2024-05-06 11:54:11.082623+00:00	10334bf0-c39e-4039-94a5-bf7b61edd1b4	9879526f-af4d-4b82-a73f-9ddcff49da40
930	4	505640	CTTATTGGCC+GGGGGGGGGG	HTMWGDSX5	upload_user	QXT5U_laneBarcode.html	2024-05-06 11:54:11.082623+00:00	346095a4-f94e-40f3-8fb8-8881ba8c22d8	9879526f-af4d-4b82-a73f-9ddcff49da40
931	4	435420	ATCGGCGAAG+CCTTCTTGGA	HTMWGDSX5	upload_user	QXT5U_laneBarcode.html	2024-05-06 11:54:11.082623+00:00	32fcfb2e-8afb-462c-bae0-4b9c94fa923c	9879526f-af4d-4b82-a73f-9ddcff49da40
932	4	331860	TCAATGGAGA+GGGGTAGTGC	HTMWGDSX5	upload_user	QXT5U_laneBarcode.html	2024-05-06 11:54:11.082623+00:00	96ecad6d-2f23-4135-85a0-0ff0bcf12d20	9879526f-af4d-4b82-a73f-9ddcff49da40
933	4	326360	GAATACCTAT+GGGGGGGGGG	HTMWGDSX5	upload_user	QXT5U_laneBarcode.html	2024-05-06 11:54:11.082623+00:00	c440f6bf-0d4f-4fcd-8157-e5074e6e41ed	9879526f-af4d-4b82-a73f-9ddcff49da40
934	4	293500	GGGGGGGGGG+TACTCTGCGC	HTMWGDSX5	upload_user	QXT5U_laneBarcode.html	2024-05-06 11:54:11.082623+00:00	f65a1304-8de4-4c1c-b8ec-07710f670ab9	9879526f-af4d-4b82-a73f-9ddcff49da40
935	4	290900	GGGGGGGGGG+GTCCACCGCT	HTMWGDSX5	upload_user	QXT5U_laneBarcode.html	2024-05-06 11:54:11.082623+00:00	c8eb6860-f00c-4619-b501-9f844b7dd367	9879526f-af4d-4b82-a73f-9ddcff49da40
936	4	277060	TACGTGAAGG+GGGGGGGGGG	HTMWGDSX5	upload_user	QXT5U_laneBarcode.html	2024-05-06 11:54:11.082623+00:00	1600734d-5190-4def-bc17-7a57a59f84c8	9879526f-af4d-4b82-a73f-9ddcff49da40
937	4	272220	GGGGGGGGGG+TGGCCTCTGT	HTMWGDSX5	upload_user	QXT5U_laneBarcode.html	2024-05-06 11:54:11.082623+00:00	6f31afc9-1f90-45f0-86d9-803d5002817c	9879526f-af4d-4b82-a73f-9ddcff49da40
938	4	264860	GGGGGGGGGG+TTAACCTTCG	HTMWGDSX5	upload_user	QXT5U_laneBarcode.html	2024-05-06 11:54:11.082623+00:00	1a690e16-b3fc-4bb5-a54c-ed27862b7f77	9879526f-af4d-4b82-a73f-9ddcff49da40
939	4	242960	GGGGGGGGGG+CAGCACGGAG	HTMWGDSX5	upload_user	QXT5U_laneBarcode.html	2024-05-06 11:54:11.082623+00:00	26e0c196-c1b8-42b7-9e4c-217bf2051094	9879526f-af4d-4b82-a73f-9ddcff49da40
940	1	637120	NNNNNNNNNN+NNNNNNNNNN	HTNTGDSX5	upload_user	SYBP6_MYUGL_1_laneBarcode.html	2024-05-06 11:55:17.839617+00:00	48219ead-d619-4bba-9b44-f9e16d994f0c	cbc281ea-cedd-4dc4-927f-f14add32485f
941	1	504920	ATCGGCGAAG+CCTTCTTGGA	HTNTGDSX5	upload_user	SYBP6_MYUGL_1_laneBarcode.html	2024-05-06 11:55:17.839617+00:00	2fab2fa2-1c91-481d-a8e2-c83ef03cc77f	cbc281ea-cedd-4dc4-927f-f14add32485f
942	1	466280	GCAATATTCA+CCTTGGCGCC	HTNTGDSX5	upload_user	SYBP6_MYUGL_1_laneBarcode.html	2024-05-06 11:55:17.839617+00:00	e0c8e127-85ce-4159-b950-62104bd7e9ba	cbc281ea-cedd-4dc4-927f-f14add32485f
943	1	454920	CTTATTGGCC+GGGGGGGGGG	HTNTGDSX5	upload_user	SYBP6_MYUGL_1_laneBarcode.html	2024-05-06 11:55:17.839617+00:00	422a5c66-85ac-4713-84e6-6dab5e713366	cbc281ea-cedd-4dc4-927f-f14add32485f
944	1	429080	AGCGCCACAC+CCGACATTAG	HTNTGDSX5	upload_user	SYBP6_MYUGL_1_laneBarcode.html	2024-05-06 11:55:17.839617+00:00	56b88557-00d2-4d3f-9ff0-6352489afe0f	cbc281ea-cedd-4dc4-927f-f14add32485f
945	1	427900	AATTCTTGGA+CCGTTGACAA	HTNTGDSX5	upload_user	SYBP6_MYUGL_1_laneBarcode.html	2024-05-06 11:55:17.839617+00:00	771fe99e-fa6f-42d9-a368-1161ba7e3d17	cbc281ea-cedd-4dc4-927f-f14add32485f
946	1	415880	TGATGGCTAC+CGGTTGTTGG	HTNTGDSX5	upload_user	SYBP6_MYUGL_1_laneBarcode.html	2024-05-06 11:55:17.839617+00:00	fe1506a6-649b-4b34-b9e4-d669a40e80ac	cbc281ea-cedd-4dc4-927f-f14add32485f
947	1	402840	TTCCTACAGC+CGACTTCGCC	HTNTGDSX5	upload_user	SYBP6_MYUGL_1_laneBarcode.html	2024-05-06 11:55:17.839617+00:00	0285d226-124d-4d3f-b812-32fca1804df2	cbc281ea-cedd-4dc4-927f-f14add32485f
948	1	354000	CGTGTACCAG+CCCTTATCCT	HTNTGDSX5	upload_user	SYBP6_MYUGL_1_laneBarcode.html	2024-05-06 11:55:17.839617+00:00	8e1c966a-c764-4e6e-ae74-d5543af4ac9d	cbc281ea-cedd-4dc4-927f-f14add32485f
949	1	346400	AACGAGGCCG+GGGGGGGGGG	HTNTGDSX5	upload_user	SYBP6_MYUGL_1_laneBarcode.html	2024-05-06 11:55:17.839617+00:00	763a2c29-213d-4e89-ab80-f6f30457c81f	cbc281ea-cedd-4dc4-927f-f14add32485f
950	2	1554860	GCAATATTCA+CCTTGGCGCC	HTNTGDSX5	upload_user	SYBP6_MYUGL_1_laneBarcode.html	2024-05-06 11:55:17.839617+00:00	721716b1-0f6c-48db-a7e2-fccc5a902064	cbc281ea-cedd-4dc4-927f-f14add32485f
951	2	1484060	ATCGGCGAAG+CCTTCTTGGA	HTNTGDSX5	upload_user	SYBP6_MYUGL_1_laneBarcode.html	2024-05-06 11:55:17.839617+00:00	50f14f1d-9b53-4b9c-b373-8c0ffbe8249b	cbc281ea-cedd-4dc4-927f-f14add32485f
952	2	1442420	CGTGTACCAG+CCCTTATCCT	HTNTGDSX5	upload_user	SYBP6_MYUGL_1_laneBarcode.html	2024-05-06 11:55:17.839617+00:00	92cf50cc-b516-46e1-94f9-151a6311aff6	cbc281ea-cedd-4dc4-927f-f14add32485f
953	2	1136520	AGCGCCACAC+CCGACATTAG	HTNTGDSX5	upload_user	SYBP6_MYUGL_1_laneBarcode.html	2024-05-06 11:55:17.839617+00:00	03dff804-27c2-400f-bfe0-2dd1551dd57b	cbc281ea-cedd-4dc4-927f-f14add32485f
954	2	1048800	AATTCTTGGA+CCGTTGACAA	HTNTGDSX5	upload_user	SYBP6_MYUGL_1_laneBarcode.html	2024-05-06 11:55:17.839617+00:00	e93bca64-15f9-4a99-894c-76777e916611	cbc281ea-cedd-4dc4-927f-f14add32485f
955	2	996240	ATTGTTCGTC+CCTCTAGAGA	HTNTGDSX5	upload_user	SYBP6_MYUGL_1_laneBarcode.html	2024-05-06 11:55:17.839617+00:00	af3b61e9-715d-42bd-b0b1-d2b67e4e2408	cbc281ea-cedd-4dc4-927f-f14add32485f
956	2	861680	AGGCCGTGGA+CCCGCACGAG	HTNTGDSX5	upload_user	SYBP6_MYUGL_1_laneBarcode.html	2024-05-06 11:55:17.839617+00:00	c6ca5a63-e587-4b3e-b815-859019d97b24	cbc281ea-cedd-4dc4-927f-f14add32485f
957	2	788700	TGATGGCTAC+CGGTTGTTGG	HTNTGDSX5	upload_user	SYBP6_MYUGL_1_laneBarcode.html	2024-05-06 11:55:17.839617+00:00	4eb59bb5-235b-4729-89ba-3807a1ecdff3	cbc281ea-cedd-4dc4-927f-f14add32485f
958	2	678340	TTCCTACAGC+CGACTTCGCC	HTNTGDSX5	upload_user	SYBP6_MYUGL_1_laneBarcode.html	2024-05-06 11:55:17.839617+00:00	6ec2dc2a-8d76-4ccd-991a-45a886bdb8dc	cbc281ea-cedd-4dc4-927f-f14add32485f
959	2	670120	NNNNNNNNNN+NNNNNNNNNN	HTNTGDSX5	upload_user	SYBP6_MYUGL_1_laneBarcode.html	2024-05-06 11:55:17.839617+00:00	d239671b-c30e-4fcb-a7da-c5301b7841ad	cbc281ea-cedd-4dc4-927f-f14add32485f
960	3	573800	ATCGGCGAAG+CCTTCTTGGA	HTNTGDSX5	upload_user	SYBP6_MYUGL_1_laneBarcode.html	2024-05-06 11:55:17.839617+00:00	37ccb27e-7c1c-4132-a135-d094e7af7144	cbc281ea-cedd-4dc4-927f-f14add32485f
961	3	555800	NNNNNNNNNN+NNNNNNNNNN	HTNTGDSX5	upload_user	SYBP6_MYUGL_1_laneBarcode.html	2024-05-06 11:55:17.839617+00:00	74651ccc-db4d-4141-a06c-671bce596b6f	cbc281ea-cedd-4dc4-927f-f14add32485f
962	3	527740	TGATGGCTAC+CGGTTGTTGG	HTNTGDSX5	upload_user	SYBP6_MYUGL_1_laneBarcode.html	2024-05-06 11:55:17.839617+00:00	e85ec815-3c01-42fb-ae45-6e43945c6aef	cbc281ea-cedd-4dc4-927f-f14add32485f
963	3	519500	GCAATATTCA+CCTTGGCGCC	HTNTGDSX5	upload_user	SYBP6_MYUGL_1_laneBarcode.html	2024-05-06 11:55:17.839617+00:00	fe729a32-af9c-4c7d-8bc8-ce2fdb367b3f	cbc281ea-cedd-4dc4-927f-f14add32485f
964	3	515120	AGCGCCACAC+CCGACATTAG	HTNTGDSX5	upload_user	SYBP6_MYUGL_1_laneBarcode.html	2024-05-06 11:55:17.839617+00:00	aab6b54e-b9b0-4026-ae16-a02372837edb	cbc281ea-cedd-4dc4-927f-f14add32485f
965	3	467980	AATTCTTGGA+CCGTTGACAA	HTNTGDSX5	upload_user	SYBP6_MYUGL_1_laneBarcode.html	2024-05-06 11:55:17.839617+00:00	a8cfa1fe-a7d2-42c8-a841-a4ee564deb29	cbc281ea-cedd-4dc4-927f-f14add32485f
966	3	449460	CTTATTGGCC+GGGGGGGGGG	HTNTGDSX5	upload_user	SYBP6_MYUGL_1_laneBarcode.html	2024-05-06 11:55:17.839617+00:00	f23063b4-7c8f-4def-a5d5-e000225c5efb	cbc281ea-cedd-4dc4-927f-f14add32485f
967	3	435640	CGTGTACCAG+CCCTTATCCT	HTNTGDSX5	upload_user	SYBP6_MYUGL_1_laneBarcode.html	2024-05-06 11:55:17.839617+00:00	68134af4-2325-41ce-8828-c9978f605428	cbc281ea-cedd-4dc4-927f-f14add32485f
968	3	340660	TTCCTACAGC+CGACTTCGCC	HTNTGDSX5	upload_user	SYBP6_MYUGL_1_laneBarcode.html	2024-05-06 11:55:17.839617+00:00	18a685e2-5e7f-4d90-973f-8d26c94d8d9b	cbc281ea-cedd-4dc4-927f-f14add32485f
969	3	340480	AACGAGGCCG+GGGGGGGGGG	HTNTGDSX5	upload_user	SYBP6_MYUGL_1_laneBarcode.html	2024-05-06 11:55:17.839617+00:00	0a9d895b-6fa9-44c5-a3f1-9756666c305a	cbc281ea-cedd-4dc4-927f-f14add32485f
970	4	554140	NNNNNNNNNN+NNNNNNNNNN	HTNTGDSX5	upload_user	SYBP6_MYUGL_1_laneBarcode.html	2024-05-06 11:55:17.839617+00:00	a9d3c9f4-454c-4df4-8235-cc753addae60	cbc281ea-cedd-4dc4-927f-f14add32485f
971	4	457900	CTTATTGGCC+GGGGGGGGGG	HTNTGDSX5	upload_user	SYBP6_MYUGL_1_laneBarcode.html	2024-05-06 11:55:17.839617+00:00	3deda3ae-62f2-448c-bf26-f673b75c00c9	cbc281ea-cedd-4dc4-927f-f14add32485f
972	4	401980	TGATGGCTAC+CGGTTGTTGG	HTNTGDSX5	upload_user	SYBP6_MYUGL_1_laneBarcode.html	2024-05-06 11:55:17.839617+00:00	6d7a8aa1-758e-41f9-bd27-dded3719d635	cbc281ea-cedd-4dc4-927f-f14add32485f
973	4	348560	TTCCTACAGC+CGACTTCGCC	HTNTGDSX5	upload_user	SYBP6_MYUGL_1_laneBarcode.html	2024-05-06 11:55:17.839617+00:00	d603c016-186a-4dbf-b6d2-44819b619843	cbc281ea-cedd-4dc4-927f-f14add32485f
974	4	342360	AACGAGGCCG+GGGGGGGGGG	HTNTGDSX5	upload_user	SYBP6_MYUGL_1_laneBarcode.html	2024-05-06 11:55:17.839617+00:00	c75ec251-7f11-4dfd-a20b-ce8625b98ab5	cbc281ea-cedd-4dc4-927f-f14add32485f
975	4	326660	ATCGGCGAAG+CCTTCTTGGA	HTNTGDSX5	upload_user	SYBP6_MYUGL_1_laneBarcode.html	2024-05-06 11:55:17.839617+00:00	36a52908-ec7c-4093-addf-20cc89341304	cbc281ea-cedd-4dc4-927f-f14add32485f
976	4	323860	AGCGCCACAC+CCGACATTAG	HTNTGDSX5	upload_user	SYBP6_MYUGL_1_laneBarcode.html	2024-05-06 11:55:17.839617+00:00	14fb46bf-602c-46ec-9648-1dd731c52322	cbc281ea-cedd-4dc4-927f-f14add32485f
977	4	321000	GAATACCTAT+GGGGGGGGGG	HTNTGDSX5	upload_user	SYBP6_MYUGL_1_laneBarcode.html	2024-05-06 11:55:17.839617+00:00	3b12b87a-e521-43eb-8bee-f03032dbdab5	cbc281ea-cedd-4dc4-927f-f14add32485f
978	4	285780	AATTCTTGGA+CCGTTGACAA	HTNTGDSX5	upload_user	SYBP6_MYUGL_1_laneBarcode.html	2024-05-06 11:55:17.839617+00:00	57245071-7480-44bd-aa44-f69c4ff6bebb	cbc281ea-cedd-4dc4-927f-f14add32485f
979	4	276400	TACGTGAAGG+GGGGGGGGGG	HTNTGDSX5	upload_user	SYBP6_MYUGL_1_laneBarcode.html	2024-05-06 11:55:17.839617+00:00	6b0bf6eb-bb3b-458c-982c-075cfc02f7ff	cbc281ea-cedd-4dc4-927f-f14add32485f
980	1	494400	CTTATTGGCC+GGGGGGGGGG	HTT3LDSX5	upload_user	SYBP6_MYUGL_2_laneBarcode.html	2024-05-06 11:55:46.461815+00:00	d08a4e07-fd3b-4162-b0a7-33501fb14d14	eb7b73b6-fd07-47c6-992a-a933f5d480cf
981	1	360620	AACGAGGCCG+GGGGGGGGGG	HTT3LDSX5	upload_user	SYBP6_MYUGL_2_laneBarcode.html	2024-05-06 11:55:46.461815+00:00	8c9aeb28-3677-4496-bcfb-2b94c1be8cae	eb7b73b6-fd07-47c6-992a-a933f5d480cf
982	1	335540	GAATACCTAT+GGGGGGGGGG	HTT3LDSX5	upload_user	SYBP6_MYUGL_2_laneBarcode.html	2024-05-06 11:55:46.461815+00:00	3c9087ba-c4b1-42b7-bdeb-146bdc66657a	eb7b73b6-fd07-47c6-992a-a933f5d480cf
983	1	294660	TACGTGAAGG+GGGGGGGGGG	HTT3LDSX5	upload_user	SYBP6_MYUGL_2_laneBarcode.html	2024-05-06 11:55:46.461815+00:00	5f3b4883-d0c6-48b3-86c9-9390bc4e0680	eb7b73b6-fd07-47c6-992a-a933f5d480cf
984	1	282540	GGGGGGGGGG+TGGCCTCTGT	HTT3LDSX5	upload_user	SYBP6_MYUGL_2_laneBarcode.html	2024-05-06 11:55:46.461815+00:00	1d363d79-1108-400e-bcd8-212e2f2c7fb1	eb7b73b6-fd07-47c6-992a-a933f5d480cf
985	1	258860	TGATGGCTAC+CGGTTGTTGG	HTT3LDSX5	upload_user	SYBP6_MYUGL_2_laneBarcode.html	2024-05-06 11:55:46.461815+00:00	15b71773-44db-49fb-bdd4-e54aeb8778b1	eb7b73b6-fd07-47c6-992a-a933f5d480cf
986	1	249440	GGGGGGGGGG+ATACTTGTTC	HTT3LDSX5	upload_user	SYBP6_MYUGL_2_laneBarcode.html	2024-05-06 11:55:46.461815+00:00	6bc37c9e-ed40-4b04-b4a0-07c9c57ce0d2	eb7b73b6-fd07-47c6-992a-a933f5d480cf
987	1	242620	GGGGGGGGGG+ACGGTCAGGA	HTT3LDSX5	upload_user	SYBP6_MYUGL_2_laneBarcode.html	2024-05-06 11:55:46.461815+00:00	c5645c7f-9c5a-43de-9a29-4409f849d8aa	eb7b73b6-fd07-47c6-992a-a933f5d480cf
988	1	235160	GGGGGGGGGG+TGTCTGGCCT	HTT3LDSX5	upload_user	SYBP6_MYUGL_2_laneBarcode.html	2024-05-06 11:55:46.461815+00:00	d7d0a139-9b79-48f0-a642-48e31d50f28b	eb7b73b6-fd07-47c6-992a-a933f5d480cf
989	1	234100	GGGGGGGGGG+CAGCAATCGT	HTT3LDSX5	upload_user	SYBP6_MYUGL_2_laneBarcode.html	2024-05-06 11:55:46.461815+00:00	43b9a4e2-9f16-4e96-8dc7-dc3060019b8e	eb7b73b6-fd07-47c6-992a-a933f5d480cf
990	2	496600	CTTATTGGCC+GGGGGGGGGG	HTT3LDSX5	upload_user	SYBP6_MYUGL_2_laneBarcode.html	2024-05-06 11:55:46.461815+00:00	764e6b00-3b5d-4f02-bc6a-9c233a3b0b51	eb7b73b6-fd07-47c6-992a-a933f5d480cf
991	2	363580	AACGAGGCCG+GGGGGGGGGG	HTT3LDSX5	upload_user	SYBP6_MYUGL_2_laneBarcode.html	2024-05-06 11:55:46.461815+00:00	01529583-a11b-4cf9-8544-bd6d6d23c02d	eb7b73b6-fd07-47c6-992a-a933f5d480cf
992	2	332720	GAATACCTAT+GGGGGGGGGG	HTT3LDSX5	upload_user	SYBP6_MYUGL_2_laneBarcode.html	2024-05-06 11:55:46.461815+00:00	26c2c13f-418b-4448-a1ec-da94e59d51a6	eb7b73b6-fd07-47c6-992a-a933f5d480cf
993	2	297420	TACGTGAAGG+GGGGGGGGGG	HTT3LDSX5	upload_user	SYBP6_MYUGL_2_laneBarcode.html	2024-05-06 11:55:46.461815+00:00	4933a6fa-5e84-4f59-81f6-b8b0610afef3	eb7b73b6-fd07-47c6-992a-a933f5d480cf
994	2	282940	GGGGGGGGGG+TGGCCTCTGT	HTT3LDSX5	upload_user	SYBP6_MYUGL_2_laneBarcode.html	2024-05-06 11:55:46.461815+00:00	7e7ec152-5e06-4c28-9db8-ae6424a15783	eb7b73b6-fd07-47c6-992a-a933f5d480cf
995	2	252700	TGATGGCTAC+CGGTTGTTGG	HTT3LDSX5	upload_user	SYBP6_MYUGL_2_laneBarcode.html	2024-05-06 11:55:46.461815+00:00	4a4e92a5-8ebd-496f-b7e0-4ce1b72f6a41	eb7b73b6-fd07-47c6-992a-a933f5d480cf
996	2	250640	GGGGGGGGGG+ATACTTGTTC	HTT3LDSX5	upload_user	SYBP6_MYUGL_2_laneBarcode.html	2024-05-06 11:55:46.461815+00:00	29de24a4-3afb-486f-9f0a-9b3d0d84a1aa	eb7b73b6-fd07-47c6-992a-a933f5d480cf
997	2	238900	GGGGGGGGGG+CAGCAATCGT	HTT3LDSX5	upload_user	SYBP6_MYUGL_2_laneBarcode.html	2024-05-06 11:55:46.461815+00:00	01385f94-c20f-4ed5-8963-f616a0e21cd9	eb7b73b6-fd07-47c6-992a-a933f5d480cf
998	2	238280	GGGGGGGGGG+ACGGTCAGGA	HTT3LDSX5	upload_user	SYBP6_MYUGL_2_laneBarcode.html	2024-05-06 11:55:46.461815+00:00	478dd072-26bc-4f6c-b721-786e21ee0359	eb7b73b6-fd07-47c6-992a-a933f5d480cf
999	2	236660	GGGGGGGGGG+TGTCTGGCCT	HTT3LDSX5	upload_user	SYBP6_MYUGL_2_laneBarcode.html	2024-05-06 11:55:46.461815+00:00	b626a757-cd49-4506-bd2a-e5ccf4913234	eb7b73b6-fd07-47c6-992a-a933f5d480cf
1000	3	488180	CTTATTGGCC+GGGGGGGGGG	HTT3LDSX5	upload_user	SYBP6_MYUGL_2_laneBarcode.html	2024-05-06 11:55:46.461815+00:00	0e6f7a62-eb98-409f-af67-0d111b61eb07	eb7b73b6-fd07-47c6-992a-a933f5d480cf
1001	3	353580	AACGAGGCCG+GGGGGGGGGG	HTT3LDSX5	upload_user	SYBP6_MYUGL_2_laneBarcode.html	2024-05-06 11:55:46.461815+00:00	befc131f-7440-4dcb-8c77-11a1063983fa	eb7b73b6-fd07-47c6-992a-a933f5d480cf
1002	3	334400	GAATACCTAT+GGGGGGGGGG	HTT3LDSX5	upload_user	SYBP6_MYUGL_2_laneBarcode.html	2024-05-06 11:55:46.461815+00:00	d0400ffe-3fc7-40b8-a055-c017e8d439dc	eb7b73b6-fd07-47c6-992a-a933f5d480cf
1003	3	288120	TACGTGAAGG+GGGGGGGGGG	HTT3LDSX5	upload_user	SYBP6_MYUGL_2_laneBarcode.html	2024-05-06 11:55:46.461815+00:00	f18350e5-5cb7-4c0a-808d-5f194da382b9	eb7b73b6-fd07-47c6-992a-a933f5d480cf
1004	3	284480	GGGGGGGGGG+TGGCCTCTGT	HTT3LDSX5	upload_user	SYBP6_MYUGL_2_laneBarcode.html	2024-05-06 11:55:46.461815+00:00	aea06fbb-04cb-4010-a87b-c41f3b0fefbf	eb7b73b6-fd07-47c6-992a-a933f5d480cf
1005	3	244860	GGGGGGGGGG+ATACTTGTTC	HTT3LDSX5	upload_user	SYBP6_MYUGL_2_laneBarcode.html	2024-05-06 11:55:46.461815+00:00	e3759f16-8cd7-4327-af9a-7dbfc26380f2	eb7b73b6-fd07-47c6-992a-a933f5d480cf
1006	3	239880	TGATGGCTAC+CGGTTGTTGG	HTT3LDSX5	upload_user	SYBP6_MYUGL_2_laneBarcode.html	2024-05-06 11:55:46.461815+00:00	f298f1b5-3aeb-4585-94bb-654a7fd26364	eb7b73b6-fd07-47c6-992a-a933f5d480cf
1007	3	238100	GGGGGGGGGG+CAGCAATCGT	HTT3LDSX5	upload_user	SYBP6_MYUGL_2_laneBarcode.html	2024-05-06 11:55:46.461815+00:00	6f61db3a-53f3-4123-8332-4ce95aa242e6	eb7b73b6-fd07-47c6-992a-a933f5d480cf
1008	3	238100	GGGGGGGGGG+ACGGTCAGGA	HTT3LDSX5	upload_user	SYBP6_MYUGL_2_laneBarcode.html	2024-05-06 11:55:46.461815+00:00	1ec25d07-d3d2-437b-8ede-68d3f80e4ced	eb7b73b6-fd07-47c6-992a-a933f5d480cf
1009	3	235360	GGGGGGGGGG+TGTCTGGCCT	HTT3LDSX5	upload_user	SYBP6_MYUGL_2_laneBarcode.html	2024-05-06 11:55:46.461815+00:00	22e4f6f2-6cf9-43d3-8b34-d2c0f401d4d1	eb7b73b6-fd07-47c6-992a-a933f5d480cf
1010	4	495000	CTTATTGGCC+GGGGGGGGGG	HTT3LDSX5	upload_user	SYBP6_MYUGL_2_laneBarcode.html	2024-05-06 11:55:46.461815+00:00	e7d4efb8-6a02-4144-972d-2cb2907414cf	eb7b73b6-fd07-47c6-992a-a933f5d480cf
1011	4	358600	AACGAGGCCG+GGGGGGGGGG	HTT3LDSX5	upload_user	SYBP6_MYUGL_2_laneBarcode.html	2024-05-06 11:55:46.461815+00:00	0b511698-455f-4507-aba9-e2596e51f3f5	eb7b73b6-fd07-47c6-992a-a933f5d480cf
1012	4	332180	GAATACCTAT+GGGGGGGGGG	HTT3LDSX5	upload_user	SYBP6_MYUGL_2_laneBarcode.html	2024-05-06 11:55:46.461815+00:00	324e19b4-b4c1-45b2-9758-bfaaad39a97f	eb7b73b6-fd07-47c6-992a-a933f5d480cf
1013	4	288160	TACGTGAAGG+GGGGGGGGGG	HTT3LDSX5	upload_user	SYBP6_MYUGL_2_laneBarcode.html	2024-05-06 11:55:46.461815+00:00	387ac710-d7aa-4c46-bd2b-494cfe802e7e	eb7b73b6-fd07-47c6-992a-a933f5d480cf
1014	4	281680	GGGGGGGGGG+TGGCCTCTGT	HTT3LDSX5	upload_user	SYBP6_MYUGL_2_laneBarcode.html	2024-05-06 11:55:46.461815+00:00	8a8fb94f-d7dc-4afc-98bf-66e234d2f466	eb7b73b6-fd07-47c6-992a-a933f5d480cf
1015	4	252620	GGGGGGGGGG+ATACTTGTTC	HTT3LDSX5	upload_user	SYBP6_MYUGL_2_laneBarcode.html	2024-05-06 11:55:46.461815+00:00	30eeb922-742d-4568-bdb4-0a17538facaa	eb7b73b6-fd07-47c6-992a-a933f5d480cf
1016	4	239500	GGGGGGGGGG+ACGGTCAGGA	HTT3LDSX5	upload_user	SYBP6_MYUGL_2_laneBarcode.html	2024-05-06 11:55:46.461815+00:00	a6df72c5-5b16-47c6-ab75-c4e9327f0f47	eb7b73b6-fd07-47c6-992a-a933f5d480cf
1017	4	236420	GGGGGGGGGG+TGTCTGGCCT	HTT3LDSX5	upload_user	SYBP6_MYUGL_2_laneBarcode.html	2024-05-06 11:55:46.461815+00:00	415f71c3-2247-46d8-ab29-d60566b537c2	eb7b73b6-fd07-47c6-992a-a933f5d480cf
1018	4	233520	GGGGGGGGGG+CAGCAATCGT	HTT3LDSX5	upload_user	SYBP6_MYUGL_2_laneBarcode.html	2024-05-06 11:55:46.461815+00:00	29d0df02-9aa1-4f50-8d2c-47fa7842ec53	eb7b73b6-fd07-47c6-992a-a933f5d480cf
1019	4	219560	GGGGGGGGGG+TCAGAAGGCG	HTT3LDSX5	upload_user	SYBP6_MYUGL_2_laneBarcode.html	2024-05-06 11:55:46.461815+00:00	7020aba6-7d31-4c77-b1df-9c1f8a7c51d7	eb7b73b6-fd07-47c6-992a-a933f5d480cf
1020	1	1115320	NNNNNNNNNN+NNNNNNNNNN	H5FHNDSX7	upload_user	VHKYZ_laneBarcode.html	2024-05-06 12:00:05.048174+00:00	6896a9eb-3bad-4d57-a445-4f2ba78ae10e	c5ac18ec-d0d3-4424-8a23-6df9d35016d1
1021	1	575520	GGGGGGGGGG+ATCCAGGTAT	H5FHNDSX7	upload_user	VHKYZ_laneBarcode.html	2024-05-06 12:00:05.048174+00:00	b2694dba-9ad6-40a8-a731-e15705ae2d25	c5ac18ec-d0d3-4424-8a23-6df9d35016d1
1022	1	501400	TGATGGCTAC+CGGTTGTTGG	H5FHNDSX7	upload_user	VHKYZ_laneBarcode.html	2024-05-06 12:00:05.048174+00:00	2ae7bf37-b01e-427c-ac87-c5250d21b568	c5ac18ec-d0d3-4424-8a23-6df9d35016d1
1023	1	458060	GGGGGGGGGG+CAGCAATCGT	H5FHNDSX7	upload_user	VHKYZ_laneBarcode.html	2024-05-06 12:00:05.048174+00:00	c4fb5aae-ba43-4e89-b06b-3857640b4351	c5ac18ec-d0d3-4424-8a23-6df9d35016d1
1024	1	449200	GGGGGGGGGG+ATACTTGTTC	H5FHNDSX7	upload_user	VHKYZ_laneBarcode.html	2024-05-06 12:00:05.048174+00:00	dd82e184-a1b8-4123-9fab-a13fc5a6a2bc	c5ac18ec-d0d3-4424-8a23-6df9d35016d1
1025	1	429380	GGGGGGGGGG+AATGCGAACA	H5FHNDSX7	upload_user	VHKYZ_laneBarcode.html	2024-05-06 12:00:05.048174+00:00	e73900e6-262d-449c-b94e-2aa4059e6499	c5ac18ec-d0d3-4424-8a23-6df9d35016d1
1026	1	404400	GGGGGGGGGG+TCAGATTAAC	H5FHNDSX7	upload_user	VHKYZ_laneBarcode.html	2024-05-06 12:00:05.048174+00:00	16fdb605-214f-4c54-ba1c-b8d4b9e5288c	c5ac18ec-d0d3-4424-8a23-6df9d35016d1
1027	1	399780	TCAATGGAGA+GGGGTAGTGC	H5FHNDSX7	upload_user	VHKYZ_laneBarcode.html	2024-05-06 12:00:05.048174+00:00	0313372f-5014-4424-8cac-674ff5d9e5b1	c5ac18ec-d0d3-4424-8a23-6df9d35016d1
1028	1	397560	GGGGGGGGGG+CTGAGCCGGT	H5FHNDSX7	upload_user	VHKYZ_laneBarcode.html	2024-05-06 12:00:05.048174+00:00	20642487-7ea0-46f2-830a-d30c0d02c988	c5ac18ec-d0d3-4424-8a23-6df9d35016d1
1029	1	396560	TTCGGTGTGA+GGGGGGGGGG	H5FHNDSX7	upload_user	VHKYZ_laneBarcode.html	2024-05-06 12:00:05.048174+00:00	6630be5f-de1c-4d6e-8475-5f51a2a028d0	c5ac18ec-d0d3-4424-8a23-6df9d35016d1
1030	2	1215440	NNNNNNNNNN+NNNNNNNNNN	H5FHNDSX7	upload_user	VHKYZ_laneBarcode.html	2024-05-06 12:00:05.048174+00:00	49d22f89-106d-464c-a678-019df2597a94	c5ac18ec-d0d3-4424-8a23-6df9d35016d1
1031	2	618760	TGATGGCTAC+CGGTTGTTGG	H5FHNDSX7	upload_user	VHKYZ_laneBarcode.html	2024-05-06 12:00:05.048174+00:00	8a761a77-3ac4-4225-9382-07459b1322b0	c5ac18ec-d0d3-4424-8a23-6df9d35016d1
1032	2	603660	GGGGGGGGGG+ATCCAGGTAT	H5FHNDSX7	upload_user	VHKYZ_laneBarcode.html	2024-05-06 12:00:05.048174+00:00	3d309d4d-fc3f-446f-8aeb-ac4528f5b984	c5ac18ec-d0d3-4424-8a23-6df9d35016d1
1033	2	511440	TCAATGGAGA+GGGGTAGTGC	H5FHNDSX7	upload_user	VHKYZ_laneBarcode.html	2024-05-06 12:00:05.048174+00:00	82be5958-4a3c-4d46-84d0-bb9836132dda	c5ac18ec-d0d3-4424-8a23-6df9d35016d1
1034	2	473020	GGGGGGGGGG+CAGCAATCGT	H5FHNDSX7	upload_user	VHKYZ_laneBarcode.html	2024-05-06 12:00:05.048174+00:00	73bbb42b-dbd4-4f8a-993a-53446e3b20b3	c5ac18ec-d0d3-4424-8a23-6df9d35016d1
1035	2	452840	GGGGGGGGGG+ATACTTGTTC	H5FHNDSX7	upload_user	VHKYZ_laneBarcode.html	2024-05-06 12:00:05.048174+00:00	d12d155c-2b84-4da8-8202-57bff1c430ca	c5ac18ec-d0d3-4424-8a23-6df9d35016d1
1036	2	428900	GGGGGGGGGG+AATGCGAACA	H5FHNDSX7	upload_user	VHKYZ_laneBarcode.html	2024-05-06 12:00:05.048174+00:00	3bfb565b-cd3a-4fba-8b38-6e5c425a6249	c5ac18ec-d0d3-4424-8a23-6df9d35016d1
1037	2	399740	GGGGGGGGGG+TCAGATTAAC	H5FHNDSX7	upload_user	VHKYZ_laneBarcode.html	2024-05-06 12:00:05.048174+00:00	81dc0e5c-e139-4252-b43e-53a99e3eaf43	c5ac18ec-d0d3-4424-8a23-6df9d35016d1
1038	2	397160	GGGGGGGGGG+CTGAGCCGGT	H5FHNDSX7	upload_user	VHKYZ_laneBarcode.html	2024-05-06 12:00:05.048174+00:00	20ac17d5-bf4c-4387-889f-5c46ed6cfb6b	c5ac18ec-d0d3-4424-8a23-6df9d35016d1
1039	2	391980	TTCGGTGTGA+GGGGGGGGGG	H5FHNDSX7	upload_user	VHKYZ_laneBarcode.html	2024-05-06 12:00:05.048174+00:00	e52d6d6b-e192-4ab5-8544-0a73bad3afeb	c5ac18ec-d0d3-4424-8a23-6df9d35016d1
1040	3	1190500	NNNNNNNNNN+NNNNNNNNNN	H5FHNDSX7	upload_user	VHKYZ_laneBarcode.html	2024-05-06 12:00:05.048174+00:00	5620d4d3-c98c-4455-853c-65ede8b9171e	c5ac18ec-d0d3-4424-8a23-6df9d35016d1
1041	3	777620	TGATGGCTAC+CGGTTGTTGG	H5FHNDSX7	upload_user	VHKYZ_laneBarcode.html	2024-05-06 12:00:05.048174+00:00	c1b9a839-86eb-4552-be79-565aa5f068be	c5ac18ec-d0d3-4424-8a23-6df9d35016d1
1042	3	606460	GGGGGGGGGG+ATCCAGGTAT	H5FHNDSX7	upload_user	VHKYZ_laneBarcode.html	2024-05-06 12:00:05.048174+00:00	e03e7d77-53fc-4075-8150-2c4a8fb7b000	c5ac18ec-d0d3-4424-8a23-6df9d35016d1
1043	3	474900	GGGGGGGGGG+CAGCAATCGT	H5FHNDSX7	upload_user	VHKYZ_laneBarcode.html	2024-05-06 12:00:05.048174+00:00	b88d3ad3-3da8-40dd-94df-6657df529dcc	c5ac18ec-d0d3-4424-8a23-6df9d35016d1
1044	3	454060	GGGGGGGGGG+ATACTTGTTC	H5FHNDSX7	upload_user	VHKYZ_laneBarcode.html	2024-05-06 12:00:05.048174+00:00	7c3eac03-2902-4ffc-91d1-bdf7293ad701	c5ac18ec-d0d3-4424-8a23-6df9d35016d1
1045	3	430620	GGGGGGGGGG+AATGCGAACA	H5FHNDSX7	upload_user	VHKYZ_laneBarcode.html	2024-05-06 12:00:05.048174+00:00	c9af144a-3ef1-4a75-b374-3a06927c8896	c5ac18ec-d0d3-4424-8a23-6df9d35016d1
1046	3	405360	GGGGGGGGGG+CTGAGCCGGT	H5FHNDSX7	upload_user	VHKYZ_laneBarcode.html	2024-05-06 12:00:05.048174+00:00	7f9a1a0e-b0c9-46b5-a02e-3c8461f5a0dc	c5ac18ec-d0d3-4424-8a23-6df9d35016d1
1047	3	404800	GGGGGGGGGG+TCAGATTAAC	H5FHNDSX7	upload_user	VHKYZ_laneBarcode.html	2024-05-06 12:00:05.048174+00:00	76531cca-4958-49b3-b04b-b9961c404ecf	c5ac18ec-d0d3-4424-8a23-6df9d35016d1
1048	3	385760	TTCGGTGTGA+GGGGGGGGGG	H5FHNDSX7	upload_user	VHKYZ_laneBarcode.html	2024-05-06 12:00:05.048174+00:00	622f9ed4-26aa-43e5-8c2e-53dacad0e841	c5ac18ec-d0d3-4424-8a23-6df9d35016d1
1049	3	379760	GGGGGGGGGG+TCGGCGGTTA	H5FHNDSX7	upload_user	VHKYZ_laneBarcode.html	2024-05-06 12:00:05.048174+00:00	4a44fd19-6bf9-4014-8ea3-0a6350bf9cc7	c5ac18ec-d0d3-4424-8a23-6df9d35016d1
1050	4	1176200	NNNNNNNNNN+NNNNNNNNNN	H5FHNDSX7	upload_user	VHKYZ_laneBarcode.html	2024-05-06 12:00:05.048174+00:00	7a5f83af-a4b9-48dd-b862-f28991cc88f6	c5ac18ec-d0d3-4424-8a23-6df9d35016d1
1051	4	619720	TGATGGCTAC+CGGTTGTTGG	H5FHNDSX7	upload_user	VHKYZ_laneBarcode.html	2024-05-06 12:00:05.048174+00:00	ea3a70b9-d27e-4fa5-a259-619e937d9d24	c5ac18ec-d0d3-4424-8a23-6df9d35016d1
1052	4	587620	GGGGGGGGGG+ATCCAGGTAT	H5FHNDSX7	upload_user	VHKYZ_laneBarcode.html	2024-05-06 12:00:05.048174+00:00	08a313e7-da64-4b7d-9e93-a6b0cead7ae7	c5ac18ec-d0d3-4424-8a23-6df9d35016d1
1053	4	469660	GGGGGGGGGG+CAGCAATCGT	H5FHNDSX7	upload_user	VHKYZ_laneBarcode.html	2024-05-06 12:00:05.048174+00:00	204ecc0c-ca9b-411f-af5f-ce04d46ac403	c5ac18ec-d0d3-4424-8a23-6df9d35016d1
1054	4	453600	GGGGGGGGGG+ATACTTGTTC	H5FHNDSX7	upload_user	VHKYZ_laneBarcode.html	2024-05-06 12:00:05.048174+00:00	98cefd97-9c82-4f9b-b37c-a21e79cbe8fe	c5ac18ec-d0d3-4424-8a23-6df9d35016d1
1055	4	429480	GGGGGGGGGG+AATGCGAACA	H5FHNDSX7	upload_user	VHKYZ_laneBarcode.html	2024-05-06 12:00:05.048174+00:00	bbf64a1d-e1ab-41ef-8af2-5b76d3566bfa	c5ac18ec-d0d3-4424-8a23-6df9d35016d1
1056	4	406440	GGGGGGGGGG+TCAGATTAAC	H5FHNDSX7	upload_user	VHKYZ_laneBarcode.html	2024-05-06 12:00:05.048174+00:00	99493ecc-7996-47e6-be90-5be13ceb5b19	c5ac18ec-d0d3-4424-8a23-6df9d35016d1
1057	4	397740	GGGGGGGGGG+CTGAGCCGGT	H5FHNDSX7	upload_user	VHKYZ_laneBarcode.html	2024-05-06 12:00:05.048174+00:00	0c4e5f9f-15a8-4e2a-8faf-6adde5d4bf75	c5ac18ec-d0d3-4424-8a23-6df9d35016d1
1058	4	392360	TTCGGTGTGA+GGGGGGGGGG	H5FHNDSX7	upload_user	VHKYZ_laneBarcode.html	2024-05-06 12:00:05.048174+00:00	12f79dad-6857-45a5-b527-0b6511f6dc70	c5ac18ec-d0d3-4424-8a23-6df9d35016d1
1059	4	382680	AACGAGGCCG+GGGGGGGGGG	H5FHNDSX7	upload_user	VHKYZ_laneBarcode.html	2024-05-06 12:00:05.048174+00:00	d639dce9-3788-4d38-b107-357be4f6e62a	c5ac18ec-d0d3-4424-8a23-6df9d35016d1
1060	1	4387280	ATCGGCGAAG+CCTTCTTGGA	HNLNHDSX5	upload_user	VMIW2_laneBarcode.html	2024-05-06 12:01:00.251635+00:00	b1a92f4f-af71-4ef0-81bc-f5a871b445e0	7df0389d-4ed5-4fe1-a5fe-5eda35c90618
1061	1	3682420	AGGCCGTGGA+CCCGCACGAG	HNLNHDSX5	upload_user	VMIW2_laneBarcode.html	2024-05-06 12:01:00.251635+00:00	cfd76261-0583-408a-8a60-b2fe7253a3af	7df0389d-4ed5-4fe1-a5fe-5eda35c90618
1062	1	2950940	TGATGGCTAC+CGGTTGTTGG	HNLNHDSX5	upload_user	VMIW2_laneBarcode.html	2024-05-06 12:01:00.251635+00:00	ff95247a-6ec9-4fa3-a8c9-581b4713ed0d	7df0389d-4ed5-4fe1-a5fe-5eda35c90618
1063	1	2589880	GCTGACGTTG+CCTGCGAACA	HNLNHDSX5	upload_user	VMIW2_laneBarcode.html	2024-05-06 12:01:00.251635+00:00	c9f01354-9bc3-468d-bb87-86f49e370ce4	7df0389d-4ed5-4fe1-a5fe-5eda35c90618
1064	1	1695760	TCAATGGAGA+GGGGTAGTGC	HNLNHDSX5	upload_user	VMIW2_laneBarcode.html	2024-05-06 12:01:00.251635+00:00	6c1ae56c-cdbe-416c-8d7d-6ad045da4ddb	7df0389d-4ed5-4fe1-a5fe-5eda35c90618
1065	1	1431420	TGATGGCTAC+CGGGTGTTGG	HNLNHDSX5	upload_user	VMIW2_laneBarcode.html	2024-05-06 12:01:00.251635+00:00	78e54fa1-253b-4c5e-8190-87f77ccc5af9	7df0389d-4ed5-4fe1-a5fe-5eda35c90618
1066	1	1143980	CCAGGCACCA+GCATTAGCGT	HNLNHDSX5	upload_user	VMIW2_laneBarcode.html	2024-05-06 12:01:00.251635+00:00	fc375ac5-f9e1-4f01-aa53-3d5bbea71858	7df0389d-4ed5-4fe1-a5fe-5eda35c90618
1067	1	1064240	GAACGCAATA+CCCGTAAGAT	HNLNHDSX5	upload_user	VMIW2_laneBarcode.html	2024-05-06 12:01:00.251635+00:00	04a0694d-0398-464d-9c59-1fa1f47bbb54	7df0389d-4ed5-4fe1-a5fe-5eda35c90618
1068	1	1015160	ATCGGCGAAG+CCGTCTTGGA	HNLNHDSX5	upload_user	VMIW2_laneBarcode.html	2024-05-06 12:01:00.251635+00:00	ce12b5ac-2b21-48bf-aef0-f23044c45bf6	7df0389d-4ed5-4fe1-a5fe-5eda35c90618
1069	1	835620	GATATTGTGT+CCCGGGTGGT	HNLNHDSX5	upload_user	VMIW2_laneBarcode.html	2024-05-06 12:01:00.251635+00:00	eefe69f5-3da9-48b5-a46b-f54161e6ca7d	7df0389d-4ed5-4fe1-a5fe-5eda35c90618
1070	2	4214680	ATCGGCGAAG+CCTTCTTGGA	HNLNHDSX5	upload_user	VMIW2_laneBarcode.html	2024-05-06 12:01:00.251635+00:00	9fecf519-bdaf-474d-b4f6-cdc2260aa9c7	7df0389d-4ed5-4fe1-a5fe-5eda35c90618
1071	2	3751220	AGGCCGTGGA+CCCGCACGAG	HNLNHDSX5	upload_user	VMIW2_laneBarcode.html	2024-05-06 12:01:00.251635+00:00	e3b434ce-2168-485a-a183-5999cca2a4f8	7df0389d-4ed5-4fe1-a5fe-5eda35c90618
1072	2	2731020	TGATGGCTAC+CGGTTGTTGG	HNLNHDSX5	upload_user	VMIW2_laneBarcode.html	2024-05-06 12:01:00.251635+00:00	72ec136f-159d-46dd-945e-a37f1cdf5f06	7df0389d-4ed5-4fe1-a5fe-5eda35c90618
1073	2	2391100	GCTGACGTTG+CCTGCGAACA	HNLNHDSX5	upload_user	VMIW2_laneBarcode.html	2024-05-06 12:01:00.251635+00:00	d275c9cb-d854-4782-b993-de4fc476078b	7df0389d-4ed5-4fe1-a5fe-5eda35c90618
1074	2	1750700	TCAATGGAGA+GGGGTAGTGC	HNLNHDSX5	upload_user	VMIW2_laneBarcode.html	2024-05-06 12:01:00.251635+00:00	f80aaa8f-5cd0-4f73-b223-01cc569d52bc	7df0389d-4ed5-4fe1-a5fe-5eda35c90618
1075	2	1288700	CCAGGCACCA+GCATTAGCGT	HNLNHDSX5	upload_user	VMIW2_laneBarcode.html	2024-05-06 12:01:00.251635+00:00	00151574-98f8-4bbb-a252-a7632c0772c1	7df0389d-4ed5-4fe1-a5fe-5eda35c90618
1076	2	1271600	TGATGGCTAC+CGGGTGTTGG	HNLNHDSX5	upload_user	VMIW2_laneBarcode.html	2024-05-06 12:01:00.251635+00:00	f624a563-3986-4c2a-8ef8-ab48f91c8585	7df0389d-4ed5-4fe1-a5fe-5eda35c90618
1077	2	1069600	GAACGCAATA+CCCGTAAGAT	HNLNHDSX5	upload_user	VMIW2_laneBarcode.html	2024-05-06 12:01:00.251635+00:00	1c3fe3b9-13d4-4270-b38b-3a87b675bd97	7df0389d-4ed5-4fe1-a5fe-5eda35c90618
1078	2	909280	ATCGGCGAAG+CCGTCTTGGA	HNLNHDSX5	upload_user	VMIW2_laneBarcode.html	2024-05-06 12:01:00.251635+00:00	401a9eff-612b-496f-9796-40ef7da672fd	7df0389d-4ed5-4fe1-a5fe-5eda35c90618
1079	2	896100	TGATGGCTAC+CTGGTGTTGG	HNLNHDSX5	upload_user	VMIW2_laneBarcode.html	2024-05-06 12:01:00.251635+00:00	7b826571-b18a-48eb-8373-cae25e5be7d8	7df0389d-4ed5-4fe1-a5fe-5eda35c90618
1080	3	4668900	ATCGGCGAAG+CCTTCTTGGA	HNLNHDSX5	upload_user	VMIW2_laneBarcode.html	2024-05-06 12:01:00.251635+00:00	588504ac-f009-4e12-a392-c89392d8f3f1	7df0389d-4ed5-4fe1-a5fe-5eda35c90618
1081	3	4159800	AGGCCGTGGA+CCCGCACGAG	HNLNHDSX5	upload_user	VMIW2_laneBarcode.html	2024-05-06 12:01:00.251635+00:00	82c97b6a-483d-4029-aeab-1db576b93d89	7df0389d-4ed5-4fe1-a5fe-5eda35c90618
1082	3	2966400	TGATGGCTAC+CGGTTGTTGG	HNLNHDSX5	upload_user	VMIW2_laneBarcode.html	2024-05-06 12:01:00.251635+00:00	2c52285e-9034-4ea3-afe6-e9d8725f2773	7df0389d-4ed5-4fe1-a5fe-5eda35c90618
1083	3	2632840	GCTGACGTTG+CCTGCGAACA	HNLNHDSX5	upload_user	VMIW2_laneBarcode.html	2024-05-06 12:01:00.251635+00:00	b392c117-cb3f-4a08-9e86-9144fbe86b8e	7df0389d-4ed5-4fe1-a5fe-5eda35c90618
1084	3	1645340	CCAGGCACCA+GCATTAGCGT	HNLNHDSX5	upload_user	VMIW2_laneBarcode.html	2024-05-06 12:01:00.251635+00:00	f1d51b48-1bb4-4fac-b4fb-1993957620c1	7df0389d-4ed5-4fe1-a5fe-5eda35c90618
1085	3	1454240	TCAATGGAGA+GGGGTAGTGC	HNLNHDSX5	upload_user	VMIW2_laneBarcode.html	2024-05-06 12:01:00.251635+00:00	d34fd6ac-77be-4e48-99d4-f51ecd1f9dc4	7df0389d-4ed5-4fe1-a5fe-5eda35c90618
1086	3	1440740	TGATGGCTAC+CGGGTGTTGG	HNLNHDSX5	upload_user	VMIW2_laneBarcode.html	2024-05-06 12:01:00.251635+00:00	c7355ada-635e-4147-9f7a-e69304a80136	7df0389d-4ed5-4fe1-a5fe-5eda35c90618
1087	3	1303060	GAACGCAATA+CCCGTAAGAT	HNLNHDSX5	upload_user	VMIW2_laneBarcode.html	2024-05-06 12:01:00.251635+00:00	a7c7d8b5-58e9-4c7c-ba18-4f4a8dd4f0c9	7df0389d-4ed5-4fe1-a5fe-5eda35c90618
1088	3	1024600	TGATGGCTAC+CTGGTGTTGG	HNLNHDSX5	upload_user	VMIW2_laneBarcode.html	2024-05-06 12:01:00.251635+00:00	16bf8ee3-7e38-4432-aef4-506917bcd4eb	7df0389d-4ed5-4fe1-a5fe-5eda35c90618
1089	3	885840	ATCGGCGAAG+CCGTCTTGGA	HNLNHDSX5	upload_user	VMIW2_laneBarcode.html	2024-05-06 12:01:00.251635+00:00	f5016355-6182-48b0-b095-383bf47efdad	7df0389d-4ed5-4fe1-a5fe-5eda35c90618
1090	4	5086640	ATCGGCGAAG+CCTTCTTGGA	HNLNHDSX5	upload_user	VMIW2_laneBarcode.html	2024-05-06 12:01:00.251635+00:00	c6ea0dfd-6877-4467-9086-1f3c372a9d2b	7df0389d-4ed5-4fe1-a5fe-5eda35c90618
1091	4	4518760	AGGCCGTGGA+CCCGCACGAG	HNLNHDSX5	upload_user	VMIW2_laneBarcode.html	2024-05-06 12:01:00.251635+00:00	9210c676-444e-4304-8c07-104681c22324	7df0389d-4ed5-4fe1-a5fe-5eda35c90618
1092	4	2812900	GCTGACGTTG+CCTGCGAACA	HNLNHDSX5	upload_user	VMIW2_laneBarcode.html	2024-05-06 12:01:00.251635+00:00	c16e9294-2bb9-4e15-a873-93d1008d85ca	7df0389d-4ed5-4fe1-a5fe-5eda35c90618
1093	4	2551840	TGATGGCTAC+CGGTTGTTGG	HNLNHDSX5	upload_user	VMIW2_laneBarcode.html	2024-05-06 12:01:00.251635+00:00	23d0a790-09ac-4d2e-b2bb-300f866e9972	7df0389d-4ed5-4fe1-a5fe-5eda35c90618
1094	4	2170040	TGATGGCTAC+CGGGTGTTGG	HNLNHDSX5	upload_user	VMIW2_laneBarcode.html	2024-05-06 12:01:00.251635+00:00	2ac331c3-a80c-4534-b0fb-fc52285c0222	7df0389d-4ed5-4fe1-a5fe-5eda35c90618
1095	4	1396580	CCAGGCACCA+GCATTAGCGT	HNLNHDSX5	upload_user	VMIW2_laneBarcode.html	2024-05-06 12:01:00.251635+00:00	b19d91f7-33f9-41ea-9a2f-61fd5708c631	7df0389d-4ed5-4fe1-a5fe-5eda35c90618
1096	4	1292260	TCAATGGAGA+GGGGTAGTGC	HNLNHDSX5	upload_user	VMIW2_laneBarcode.html	2024-05-06 12:01:00.251635+00:00	1eabe04a-97dd-46ee-93b0-259c0e67ba8a	7df0389d-4ed5-4fe1-a5fe-5eda35c90618
1097	4	1187140	GAACGCAATA+CCCGTAAGAT	HNLNHDSX5	upload_user	VMIW2_laneBarcode.html	2024-05-06 12:01:00.251635+00:00	0ec572a7-e3bc-49a5-ba30-7792a459f7f2	7df0389d-4ed5-4fe1-a5fe-5eda35c90618
1098	4	932660	CTTATTGGCC+CGTTGTTATC	HNLNHDSX5	upload_user	VMIW2_laneBarcode.html	2024-05-06 12:01:00.251635+00:00	2a412b18-12ae-46b7-8971-25ab95ec1808	7df0389d-4ed5-4fe1-a5fe-5eda35c90618
1099	4	783980	GAATACCTAT+CGTCTATTGT	HNLNHDSX5	upload_user	VMIW2_laneBarcode.html	2024-05-06 12:01:00.251635+00:00	35e3942f-0e39-49db-8ad8-2aefbc153e48	7df0389d-4ed5-4fe1-a5fe-5eda35c90618
1100	1	3276660	AGTACTCATG+GTTGTAGTGC	HTNVWDSX5	upload_user	YYGUC_laneBarcode.html	2024-05-06 12:02:52.381208+00:00	2b22c7dd-7afe-494f-b6e0-8d3a2d4f2c48	c6fcbb1c-8218-40aa-b3e4-b28d941bbc13
1101	1	2731300	TCAATGGAGA+ACAGTAAGAT	HTNVWDSX5	upload_user	YYGUC_laneBarcode.html	2024-05-06 12:02:52.381208+00:00	d4c319a9-1354-4055-8412-04a471ea7eec	c6fcbb1c-8218-40aa-b3e4-b28d941bbc13
1102	1	2584700	GAACGCAATA+GTTGTAGTGC	HTNVWDSX5	upload_user	YYGUC_laneBarcode.html	2024-05-06 12:02:52.381208+00:00	995fb87d-596b-4efd-b98b-c96d28a91e95	c6fcbb1c-8218-40aa-b3e4-b28d941bbc13
1103	1	2572540	TGCCGGTCAG+CACAACTTAA	HTNVWDSX5	upload_user	YYGUC_laneBarcode.html	2024-05-06 12:02:52.381208+00:00	edfb28d6-bee6-45c9-aa10-27d1acec7eb3	c6fcbb1c-8218-40aa-b3e4-b28d941bbc13
1104	1	2052120	CACTCAATTC+TTGTATCAGG	HTNVWDSX5	upload_user	YYGUC_laneBarcode.html	2024-05-06 12:02:52.381208+00:00	c6601d66-d793-4711-b666-c5b9cc116017	c6fcbb1c-8218-40aa-b3e4-b28d941bbc13
1105	1	1936480	ATCGGCGAAG+CCTTCTTGGA	HTNVWDSX5	upload_user	YYGUC_laneBarcode.html	2024-05-06 12:02:52.381208+00:00	c8bdd724-d845-4518-92e9-a1b96656167f	c6fcbb1c-8218-40aa-b3e4-b28d941bbc13
1106	1	1291020	TCAATGGAGA+ACCACGACAT	HTNVWDSX5	upload_user	YYGUC_laneBarcode.html	2024-05-06 12:02:52.381208+00:00	a786a564-9792-4ab0-843f-0454867e30dd	c6fcbb1c-8218-40aa-b3e4-b28d941bbc13
1107	1	1193820	TATGATGGCC+TATCGGACCG	HTNVWDSX5	upload_user	YYGUC_laneBarcode.html	2024-05-06 12:02:52.381208+00:00	2b055252-cc1e-4d50-929a-e9bec641bd16	c6fcbb1c-8218-40aa-b3e4-b28d941bbc13
1108	1	1169760	GGCCAATATT+TATGACAATC	HTNVWDSX5	upload_user	YYGUC_laneBarcode.html	2024-05-06 12:02:52.381208+00:00	b528b855-ee3a-4e1e-9b54-07d48ed70dbb	c6fcbb1c-8218-40aa-b3e4-b28d941bbc13
1109	1	1036720	AGGCAGCTCT+GGGGGGGGGG	HTNVWDSX5	upload_user	YYGUC_laneBarcode.html	2024-05-06 12:02:52.381208+00:00	50af5894-5899-4651-98aa-b5c5e66cee51	c6fcbb1c-8218-40aa-b3e4-b28d941bbc13
1110	2	3429460	AGTACTCATG+GTTGTAGTGC	HTNVWDSX5	upload_user	YYGUC_laneBarcode.html	2024-05-06 12:02:52.381208+00:00	f51373be-f63a-4abb-a48f-94f47f924a4f	c6fcbb1c-8218-40aa-b3e4-b28d941bbc13
1111	2	2824500	TCAATGGAGA+ACAGTAAGAT	HTNVWDSX5	upload_user	YYGUC_laneBarcode.html	2024-05-06 12:02:52.381208+00:00	7eee3456-a425-4ee5-afb7-957a9c1a7e17	c6fcbb1c-8218-40aa-b3e4-b28d941bbc13
1112	2	2729920	GAACGCAATA+GTTGTAGTGC	HTNVWDSX5	upload_user	YYGUC_laneBarcode.html	2024-05-06 12:02:52.381208+00:00	609081f5-b913-4a56-ac25-29ecb45859f2	c6fcbb1c-8218-40aa-b3e4-b28d941bbc13
1113	2	2654400	TGCCGGTCAG+CACAACTTAA	HTNVWDSX5	upload_user	YYGUC_laneBarcode.html	2024-05-06 12:02:52.381208+00:00	b7b45837-3ccc-4845-94c9-9f171d53d7d0	c6fcbb1c-8218-40aa-b3e4-b28d941bbc13
1114	2	2121360	CACTCAATTC+TTGTATCAGG	HTNVWDSX5	upload_user	YYGUC_laneBarcode.html	2024-05-06 12:02:52.381208+00:00	458a1ff3-1676-4076-80e2-b52633f78c6b	c6fcbb1c-8218-40aa-b3e4-b28d941bbc13
1115	2	1916480	ATCGGCGAAG+CCTTCTTGGA	HTNVWDSX5	upload_user	YYGUC_laneBarcode.html	2024-05-06 12:02:52.381208+00:00	bbc640a2-e708-42dc-a706-e10aaf7e7ffe	c6fcbb1c-8218-40aa-b3e4-b28d941bbc13
1116	2	1325080	TCAATGGAGA+ACCACGACAT	HTNVWDSX5	upload_user	YYGUC_laneBarcode.html	2024-05-06 12:02:52.381208+00:00	ee534764-8a02-4736-a937-f8eb3eaea257	c6fcbb1c-8218-40aa-b3e4-b28d941bbc13
1117	2	1247240	TATGATGGCC+TATCGGACCG	HTNVWDSX5	upload_user	YYGUC_laneBarcode.html	2024-05-06 12:02:52.381208+00:00	9a95d8e8-7809-4d9c-900f-ca6c6ecce8b6	c6fcbb1c-8218-40aa-b3e4-b28d941bbc13
1118	2	1197100	GGCCAATATT+TATGACAATC	HTNVWDSX5	upload_user	YYGUC_laneBarcode.html	2024-05-06 12:02:52.381208+00:00	1a2400d1-8e0f-4cf1-adb9-d42a96a6ec18	c6fcbb1c-8218-40aa-b3e4-b28d941bbc13
1119	2	1091280	TCAATGGAGA+GGGGTAGTGC	HTNVWDSX5	upload_user	YYGUC_laneBarcode.html	2024-05-06 12:02:52.381208+00:00	4eaa3ad2-2e59-49c5-bee5-11a57bcab441	c6fcbb1c-8218-40aa-b3e4-b28d941bbc13
1120	3	3449060	AGTACTCATG+GTTGTAGTGC	HTNVWDSX5	upload_user	YYGUC_laneBarcode.html	2024-05-06 12:02:52.381208+00:00	f4059e3f-ed2f-48de-878d-25e338bef33c	c6fcbb1c-8218-40aa-b3e4-b28d941bbc13
1121	3	3069400	TCAATGGAGA+ACAGTAAGAT	HTNVWDSX5	upload_user	YYGUC_laneBarcode.html	2024-05-06 12:02:52.381208+00:00	14956d70-8c96-4f94-96e2-d8ba587df7b2	c6fcbb1c-8218-40aa-b3e4-b28d941bbc13
1122	3	2775900	GAACGCAATA+GTTGTAGTGC	HTNVWDSX5	upload_user	YYGUC_laneBarcode.html	2024-05-06 12:02:52.381208+00:00	5801238f-ce68-42df-bcfa-4cfec7611be4	c6fcbb1c-8218-40aa-b3e4-b28d941bbc13
1123	3	2638620	TGCCGGTCAG+CACAACTTAA	HTNVWDSX5	upload_user	YYGUC_laneBarcode.html	2024-05-06 12:02:52.381208+00:00	0b82896c-b05b-4142-9890-147c4ccba416	c6fcbb1c-8218-40aa-b3e4-b28d941bbc13
1124	3	2120660	CACTCAATTC+TTGTATCAGG	HTNVWDSX5	upload_user	YYGUC_laneBarcode.html	2024-05-06 12:02:52.381208+00:00	6a25f7ad-d96b-4666-9328-93093d0b0d8e	c6fcbb1c-8218-40aa-b3e4-b28d941bbc13
1125	3	1427900	TCAATGGAGA+ACCACGACAT	HTNVWDSX5	upload_user	YYGUC_laneBarcode.html	2024-05-06 12:02:52.381208+00:00	938b3b7e-09bf-4f85-b560-4da5bc93a0e2	c6fcbb1c-8218-40aa-b3e4-b28d941bbc13
1126	3	1243100	TATGATGGCC+TATCGGACCG	HTNVWDSX5	upload_user	YYGUC_laneBarcode.html	2024-05-06 12:02:52.381208+00:00	907e3201-4771-4d7d-acbb-f89d99515915	c6fcbb1c-8218-40aa-b3e4-b28d941bbc13
1127	3	1189820	GGCCAATATT+TATGACAATC	HTNVWDSX5	upload_user	YYGUC_laneBarcode.html	2024-05-06 12:02:52.381208+00:00	9e4c6f98-e4fe-45c0-b523-a882ec9c89ff	c6fcbb1c-8218-40aa-b3e4-b28d941bbc13
1128	3	1085200	AGTACTCATG+ACAGTAAGAT	HTNVWDSX5	upload_user	YYGUC_laneBarcode.html	2024-05-06 12:02:52.381208+00:00	90a62501-3942-4425-a60f-bae3606bbf33	c6fcbb1c-8218-40aa-b3e4-b28d941bbc13
1129	3	1062040	AGGCAGCTCT+GGGGGGGGGG	HTNVWDSX5	upload_user	YYGUC_laneBarcode.html	2024-05-06 12:02:52.381208+00:00	a9ea4197-b9b0-4894-a20c-93c542a8d6a2	c6fcbb1c-8218-40aa-b3e4-b28d941bbc13
1130	4	3489320	AGTACTCATG+GTTGTAGTGC	HTNVWDSX5	upload_user	YYGUC_laneBarcode.html	2024-05-06 12:02:52.381208+00:00	85f166a3-f4c1-4510-a16d-fdbd00ccd866	c6fcbb1c-8218-40aa-b3e4-b28d941bbc13
1131	4	3113180	TCAATGGAGA+ACAGTAAGAT	HTNVWDSX5	upload_user	YYGUC_laneBarcode.html	2024-05-06 12:02:52.381208+00:00	3cffa6c8-9be7-46bc-9c34-8a8d00e045b5	c6fcbb1c-8218-40aa-b3e4-b28d941bbc13
1132	4	2796400	GAACGCAATA+GTTGTAGTGC	HTNVWDSX5	upload_user	YYGUC_laneBarcode.html	2024-05-06 12:02:52.381208+00:00	b9234b9e-3698-477f-8bf0-4d3351a6f1cb	c6fcbb1c-8218-40aa-b3e4-b28d941bbc13
1133	4	2640240	TGCCGGTCAG+CACAACTTAA	HTNVWDSX5	upload_user	YYGUC_laneBarcode.html	2024-05-06 12:02:52.381208+00:00	ad2f19fa-f33e-4850-b6c1-9a468b3107f5	c6fcbb1c-8218-40aa-b3e4-b28d941bbc13
1134	4	2122100	CACTCAATTC+TTGTATCAGG	HTNVWDSX5	upload_user	YYGUC_laneBarcode.html	2024-05-06 12:02:52.381208+00:00	8183715c-f602-4828-bdee-1f145da085dc	c6fcbb1c-8218-40aa-b3e4-b28d941bbc13
1135	4	1437980	TCAATGGAGA+ACCACGACAT	HTNVWDSX5	upload_user	YYGUC_laneBarcode.html	2024-05-06 12:02:52.381208+00:00	fa46b711-ea92-4f1c-a330-0f4fb0d76461	c6fcbb1c-8218-40aa-b3e4-b28d941bbc13
1136	4	1245060	TATGATGGCC+TATCGGACCG	HTNVWDSX5	upload_user	YYGUC_laneBarcode.html	2024-05-06 12:02:52.381208+00:00	8554b445-c314-4179-a7cf-883dd66b2d44	c6fcbb1c-8218-40aa-b3e4-b28d941bbc13
1137	4	1193380	GGCCAATATT+TATGACAATC	HTNVWDSX5	upload_user	YYGUC_laneBarcode.html	2024-05-06 12:02:52.381208+00:00	4a88fcb3-f8c4-48aa-b2cf-6a6d7697f2ab	c6fcbb1c-8218-40aa-b3e4-b28d941bbc13
1138	4	1096600	AGTACTCATG+ACAGTAAGAT	HTNVWDSX5	upload_user	YYGUC_laneBarcode.html	2024-05-06 12:02:52.381208+00:00	1f474f01-3978-4d5f-bd22-c0f3661c3225	c6fcbb1c-8218-40aa-b3e4-b28d941bbc13
1139	4	1063140	AGGCAGCTCT+GGGGGGGGGG	HTNVWDSX5	upload_user	YYGUC_laneBarcode.html	2024-05-06 12:02:52.381208+00:00	1105814a-e403-4310-8413-760a23b960bb	c6fcbb1c-8218-40aa-b3e4-b28d941bbc13
1140	1	1039040	GGGGGGGGGG+TACTCTGCGC	HNLVKDSX5	upload_user	ZQYDF_laneBarcode.html	2024-05-06 12:03:39.121232+00:00	808da56c-11d7-411a-868f-c6cf4d905cd8	f24c6cf7-a1b7-4eba-b15e-fee6fffbabe4
1141	1	534580	GGGGGGGGGG+CGAATCTATA	HNLVKDSX5	upload_user	ZQYDF_laneBarcode.html	2024-05-06 12:03:39.121232+00:00	012a73a8-b62c-47af-adb6-b5f40898556c	f24c6cf7-a1b7-4eba-b15e-fee6fffbabe4
1142	1	527260	GGGGGGGGGG+ACGGTCAGGA	HNLVKDSX5	upload_user	ZQYDF_laneBarcode.html	2024-05-06 12:03:39.121232+00:00	072c1f16-a508-4877-82c4-a2a725e2423a	f24c6cf7-a1b7-4eba-b15e-fee6fffbabe4
1143	1	515540	GGGGGGGGGG+CCTCCGGTTG	HNLVKDSX5	upload_user	ZQYDF_laneBarcode.html	2024-05-06 12:03:39.121232+00:00	668076f5-2f90-4942-a10b-ba58d48531b9	f24c6cf7-a1b7-4eba-b15e-fee6fffbabe4
1144	1	514820	GGGGGGGGGG+TGGACCGCCA	HNLVKDSX5	upload_user	ZQYDF_laneBarcode.html	2024-05-06 12:03:39.121232+00:00	d37fbda7-faae-4b45-a5df-4f44d34ffb24	f24c6cf7-a1b7-4eba-b15e-fee6fffbabe4
1145	1	490000	GGGGGGGGGG+GTCCACCGCT	HNLVKDSX5	upload_user	ZQYDF_laneBarcode.html	2024-05-06 12:03:39.121232+00:00	02c29437-8516-48fe-a785-476fde2a1411	f24c6cf7-a1b7-4eba-b15e-fee6fffbabe4
1146	1	477200	GGGGGGGGGG+CTTATTGGCC	HNLVKDSX5	upload_user	ZQYDF_laneBarcode.html	2024-05-06 12:03:39.121232+00:00	87fe1d56-731d-480a-a34d-dd1894cc74b6	f24c6cf7-a1b7-4eba-b15e-fee6fffbabe4
1147	1	471180	GGGGGGGGGG+TGTCTGGCCT	HNLVKDSX5	upload_user	ZQYDF_laneBarcode.html	2024-05-06 12:03:39.121232+00:00	bd813985-97e5-40e5-8ed9-8e699ca16da3	f24c6cf7-a1b7-4eba-b15e-fee6fffbabe4
1148	1	463620	GGGGGGGGGG+CCGTTCAAGG	HNLVKDSX5	upload_user	ZQYDF_laneBarcode.html	2024-05-06 12:03:39.121232+00:00	b0a5333b-bb6c-4e60-93d7-93c53a035ac8	f24c6cf7-a1b7-4eba-b15e-fee6fffbabe4
1149	1	441340	GGGGGGGGGG+TAGGCTCGCG	HNLVKDSX5	upload_user	ZQYDF_laneBarcode.html	2024-05-06 12:03:39.121232+00:00	7527d5d7-91a5-43b9-b5a7-b6b2c91ebf01	f24c6cf7-a1b7-4eba-b15e-fee6fffbabe4
1150	2	1211300	GGGGGGGGGG+TACTCTGCGC	HNLVKDSX5	upload_user	ZQYDF_laneBarcode.html	2024-05-06 12:03:39.121232+00:00	2199a25d-5709-4cd5-890c-19738ac8da41	f24c6cf7-a1b7-4eba-b15e-fee6fffbabe4
1151	2	579820	GGGGGGGGGG+CGAATCTATA	HNLVKDSX5	upload_user	ZQYDF_laneBarcode.html	2024-05-06 12:03:39.121232+00:00	8f3db855-38cb-42cb-ac5e-215a1f37e74c	f24c6cf7-a1b7-4eba-b15e-fee6fffbabe4
1152	2	561400	GGGGGGGGGG+TGGACCGCCA	HNLVKDSX5	upload_user	ZQYDF_laneBarcode.html	2024-05-06 12:03:39.121232+00:00	6b5e7d32-b11d-49e2-bf6b-8b20481cb009	f24c6cf7-a1b7-4eba-b15e-fee6fffbabe4
1153	2	538580	GGGGGGGGGG+ACGGTCAGGA	HNLVKDSX5	upload_user	ZQYDF_laneBarcode.html	2024-05-06 12:03:39.121232+00:00	5e93e2db-8c71-4aa4-bb29-e2b1356ec436	f24c6cf7-a1b7-4eba-b15e-fee6fffbabe4
1154	2	525040	GGGGGGGGGG+CCTCCGGTTG	HNLVKDSX5	upload_user	ZQYDF_laneBarcode.html	2024-05-06 12:03:39.121232+00:00	cae490b5-35df-411c-a795-d8f86055ae94	f24c6cf7-a1b7-4eba-b15e-fee6fffbabe4
1155	2	512600	GGGGGGGGGG+CTTATTGGCC	HNLVKDSX5	upload_user	ZQYDF_laneBarcode.html	2024-05-06 12:03:39.121232+00:00	6abd8868-8ee3-4f00-b951-53bf6fc5bafd	f24c6cf7-a1b7-4eba-b15e-fee6fffbabe4
1156	2	511780	GGGGGGGGGG+GTCCACCGCT	HNLVKDSX5	upload_user	ZQYDF_laneBarcode.html	2024-05-06 12:03:39.121232+00:00	60faa847-1953-4b43-bd14-1f02c2e65036	f24c6cf7-a1b7-4eba-b15e-fee6fffbabe4
1157	2	511240	GGGGGGGGGG+CCGTTCAAGG	HNLVKDSX5	upload_user	ZQYDF_laneBarcode.html	2024-05-06 12:03:39.121232+00:00	4a17d76a-2cf8-4fa1-954d-3d3a4ce306c4	f24c6cf7-a1b7-4eba-b15e-fee6fffbabe4
1158	2	487820	GGGGGGGGGG+TGTCTGGCCT	HNLVKDSX5	upload_user	ZQYDF_laneBarcode.html	2024-05-06 12:03:39.121232+00:00	4689a962-0db2-4ab9-9798-75969af60e19	f24c6cf7-a1b7-4eba-b15e-fee6fffbabe4
1159	2	448540	GGGGGGGGGG+AACTTATCCT	HNLVKDSX5	upload_user	ZQYDF_laneBarcode.html	2024-05-06 12:03:39.121232+00:00	af350a09-321f-43d9-87a8-6301752ae188	f24c6cf7-a1b7-4eba-b15e-fee6fffbabe4
1160	3	1373480	GGGGGGGGGG+TACTCTGCGC	HNLVKDSX5	upload_user	ZQYDF_laneBarcode.html	2024-05-06 12:03:39.121232+00:00	ce89b0c5-012e-4f37-b328-50aeff6fe825	f24c6cf7-a1b7-4eba-b15e-fee6fffbabe4
1161	3	634300	GGGGGGGGGG+CGAATCTATA	HNLVKDSX5	upload_user	ZQYDF_laneBarcode.html	2024-05-06 12:03:39.121232+00:00	fe1eb6cf-0d81-4a52-9fa0-14abb334a464	f24c6cf7-a1b7-4eba-b15e-fee6fffbabe4
1162	3	587040	GGGGGGGGGG+TGGACCGCCA	HNLVKDSX5	upload_user	ZQYDF_laneBarcode.html	2024-05-06 12:03:39.121232+00:00	11c987cc-2ebf-4648-be14-234be54c14fc	f24c6cf7-a1b7-4eba-b15e-fee6fffbabe4
1163	3	559700	GGGGGGGGGG+CCGTTCAAGG	HNLVKDSX5	upload_user	ZQYDF_laneBarcode.html	2024-05-06 12:03:39.121232+00:00	7c2cab72-a194-42d0-9f5e-d2aeca718838	f24c6cf7-a1b7-4eba-b15e-fee6fffbabe4
1164	3	552920	GGGGGGGGGG+CTTATTGGCC	HNLVKDSX5	upload_user	ZQYDF_laneBarcode.html	2024-05-06 12:03:39.121232+00:00	18170b8a-5d0f-4a3c-9135-add648bd6d58	f24c6cf7-a1b7-4eba-b15e-fee6fffbabe4
1165	3	541280	GGGGGGGGGG+ACGGTCAGGA	HNLVKDSX5	upload_user	ZQYDF_laneBarcode.html	2024-05-06 12:03:39.121232+00:00	679e438d-71dc-4d71-ab1b-34d4c40e7059	f24c6cf7-a1b7-4eba-b15e-fee6fffbabe4
1166	3	533500	GGGGGGGGGG+GTCCACCGCT	HNLVKDSX5	upload_user	ZQYDF_laneBarcode.html	2024-05-06 12:03:39.121232+00:00	0faec249-ac09-4ecb-b026-a56a93c43cf7	f24c6cf7-a1b7-4eba-b15e-fee6fffbabe4
1167	3	530740	GGGGGGGGGG+CCTCCGGTTG	HNLVKDSX5	upload_user	ZQYDF_laneBarcode.html	2024-05-06 12:03:39.121232+00:00	ce78607a-0fe2-446d-8f34-3a76f41e1a37	f24c6cf7-a1b7-4eba-b15e-fee6fffbabe4
1168	3	503900	GGGGGGGGGG+TGTCTGGCCT	HNLVKDSX5	upload_user	ZQYDF_laneBarcode.html	2024-05-06 12:03:39.121232+00:00	2c06c6c9-c0a4-46d4-bcee-8dc66aa8d866	f24c6cf7-a1b7-4eba-b15e-fee6fffbabe4
1169	3	459940	GGGGGGGGGG+ATACAAGCAA	HNLVKDSX5	upload_user	ZQYDF_laneBarcode.html	2024-05-06 12:03:39.121232+00:00	a567a356-4e7a-4a8b-8695-4f367a913442	f24c6cf7-a1b7-4eba-b15e-fee6fffbabe4
1170	4	1266660	GGGGGGGGGG+TACTCTGCGC	HNLVKDSX5	upload_user	ZQYDF_laneBarcode.html	2024-05-06 12:03:39.121232+00:00	c80ad634-e3a0-4e50-8586-f188e7691fbd	f24c6cf7-a1b7-4eba-b15e-fee6fffbabe4
1171	4	596700	GGGGGGGGGG+CGAATCTATA	HNLVKDSX5	upload_user	ZQYDF_laneBarcode.html	2024-05-06 12:03:39.121232+00:00	4d394ab8-031d-4387-9379-8809692a8340	f24c6cf7-a1b7-4eba-b15e-fee6fffbabe4
1172	4	565400	GGGGGGGGGG+TGGACCGCCA	HNLVKDSX5	upload_user	ZQYDF_laneBarcode.html	2024-05-06 12:03:39.121232+00:00	a59371c8-18e9-4b2d-b920-7c806a4927a6	f24c6cf7-a1b7-4eba-b15e-fee6fffbabe4
1173	4	538100	GGGGGGGGGG+ACGGTCAGGA	HNLVKDSX5	upload_user	ZQYDF_laneBarcode.html	2024-05-06 12:03:39.121232+00:00	32655ac1-9b2f-4a6a-bd4e-1e2a5b718b4d	f24c6cf7-a1b7-4eba-b15e-fee6fffbabe4
1174	4	525560	GGGGGGGGGG+CCGTTCAAGG	HNLVKDSX5	upload_user	ZQYDF_laneBarcode.html	2024-05-06 12:03:39.121232+00:00	3540155c-61e0-4df0-9934-3b8121fd0582	f24c6cf7-a1b7-4eba-b15e-fee6fffbabe4
1175	4	524260	GGGGGGGGGG+CCTCCGGTTG	HNLVKDSX5	upload_user	ZQYDF_laneBarcode.html	2024-05-06 12:03:39.121232+00:00	c7f615c6-6fb9-4679-87d1-f8bb0107210f	f24c6cf7-a1b7-4eba-b15e-fee6fffbabe4
1176	4	522380	GGGGGGGGGG+CTTATTGGCC	HNLVKDSX5	upload_user	ZQYDF_laneBarcode.html	2024-05-06 12:03:39.121232+00:00	16da6db7-7a12-4e87-92d3-627da6ea5f1c	f24c6cf7-a1b7-4eba-b15e-fee6fffbabe4
1177	4	521340	GGGGGGGGGG+GTCCACCGCT	HNLVKDSX5	upload_user	ZQYDF_laneBarcode.html	2024-05-06 12:03:39.121232+00:00	467ceb0f-0405-4654-82c0-b7f91505dd07	f24c6cf7-a1b7-4eba-b15e-fee6fffbabe4
1178	4	488240	GGGGGGGGGG+TGTCTGGCCT	HNLVKDSX5	upload_user	ZQYDF_laneBarcode.html	2024-05-06 12:03:39.121232+00:00	3c311fa1-4d76-4e15-8f4d-475a46d11410	f24c6cf7-a1b7-4eba-b15e-fee6fffbabe4
1179	4	450400	GGGGGGGGGG+ATACAAGCAA	HNLVKDSX5	upload_user	ZQYDF_laneBarcode.html	2024-05-06 12:03:39.121232+00:00	66dea2c2-5c81-4277-81df-b9c3ddf18d09	f24c6cf7-a1b7-4eba-b15e-fee6fffbabe4
1180	1	483960	GGGGGGGGGG+CGCCATATCT	H37VGDSX7	upload_user	laneBarcode.html	2024-05-06 12:39:05.854769+00:00	589a14f5-c69c-4dda-a5bc-8dae8a465127	f42a4a6e-ea93-479d-acec-4f8f6daf03ab
1181	1	423600	GGGGGGGGGG+TCAGAAGGCG	H37VGDSX7	upload_user	laneBarcode.html	2024-05-06 12:39:05.854769+00:00	ffe0760b-0681-4b10-a11a-93b1599dfbcf	f42a4a6e-ea93-479d-acec-4f8f6daf03ab
1182	1	410260	NNNNNNNNNN+NNNNNNNNNN	H37VGDSX7	upload_user	laneBarcode.html	2024-05-06 12:39:05.854769+00:00	bde91fe7-b066-4c8d-9294-2646fd2dc335	f42a4a6e-ea93-479d-acec-4f8f6daf03ab
1183	1	409320	GGGGGGGGGG+TGTCTGGCCT	H37VGDSX7	upload_user	laneBarcode.html	2024-05-06 12:39:05.854769+00:00	01ec1021-2cba-4c5c-9639-a7111c702892	f42a4a6e-ea93-479d-acec-4f8f6daf03ab
1184	1	372840	GGGGGGGGGG+ACGGTCAGGA	H37VGDSX7	upload_user	laneBarcode.html	2024-05-06 12:39:05.854769+00:00	3355f344-e440-466d-9ea6-12caf1d5dfe1	f42a4a6e-ea93-479d-acec-4f8f6daf03ab
1185	1	362180	GGGGGGGGGG+CCTCCGGTTG	H37VGDSX7	upload_user	laneBarcode.html	2024-05-06 12:39:05.854769+00:00	d6657d70-4a76-42b4-8524-e124673f67e8	f42a4a6e-ea93-479d-acec-4f8f6daf03ab
1186	1	358980	GGGGGGGGGG+TCCGCCAATT	H37VGDSX7	upload_user	laneBarcode.html	2024-05-06 12:39:05.854769+00:00	61fca1c3-7c5d-41bb-bca7-d6bce7f99fdb	f42a4a6e-ea93-479d-acec-4f8f6daf03ab
1187	1	334780	CGCGCGGGCG+CGCCCGCGCG	H37VGDSX7	upload_user	laneBarcode.html	2024-05-06 12:39:05.854769+00:00	0dfecd99-88ce-4416-bc32-dfc09fc6ac0e	f42a4a6e-ea93-479d-acec-4f8f6daf03ab
1188	1	315740	GGGGGGGGGG+ACATATCCAG	H37VGDSX7	upload_user	laneBarcode.html	2024-05-06 12:39:05.854769+00:00	e50e0be8-4bdd-454a-9d0f-213e647a6e40	f42a4a6e-ea93-479d-acec-4f8f6daf03ab
1189	1	300460	GGGGGGGGGG+CTTATTGGCC	H37VGDSX7	upload_user	laneBarcode.html	2024-05-06 12:39:05.854769+00:00	c3de25e4-e983-4026-ba16-36ec97e164f7	f42a4a6e-ea93-479d-acec-4f8f6daf03ab
1190	2	519060	NNNNNNNNNN+NNNNNNNNNN	H37VGDSX7	upload_user	laneBarcode.html	2024-05-06 12:39:05.854769+00:00	31e27d3f-f439-4056-9282-854602177353	f42a4a6e-ea93-479d-acec-4f8f6daf03ab
1191	2	503740	GGGGGGGGGG+CGCCATATCT	H37VGDSX7	upload_user	laneBarcode.html	2024-05-06 12:39:05.854769+00:00	9543689f-03d1-4e33-a720-381f9a7b14cb	f42a4a6e-ea93-479d-acec-4f8f6daf03ab
1192	2	428820	GGGGGGGGGG+TCAGAAGGCG	H37VGDSX7	upload_user	laneBarcode.html	2024-05-06 12:39:05.854769+00:00	90fa2731-0820-4bea-a194-6064edbb98d4	f42a4a6e-ea93-479d-acec-4f8f6daf03ab
1193	2	416040	GGGGGGGGGG+TGTCTGGCCT	H37VGDSX7	upload_user	laneBarcode.html	2024-05-06 12:39:05.854769+00:00	5c703780-d6c2-4436-9679-8bd4eaa598c5	f42a4a6e-ea93-479d-acec-4f8f6daf03ab
1194	2	385320	GGGGGGGGGG+CCTCCGGTTG	H37VGDSX7	upload_user	laneBarcode.html	2024-05-06 12:39:05.854769+00:00	db328ab9-1d8c-418a-ac90-94e5d950e0a7	f42a4a6e-ea93-479d-acec-4f8f6daf03ab
1195	2	375920	GGGGGGGGGG+ACGGTCAGGA	H37VGDSX7	upload_user	laneBarcode.html	2024-05-06 12:39:05.854769+00:00	d5480037-2391-4e38-9857-a381ee0bb27f	f42a4a6e-ea93-479d-acec-4f8f6daf03ab
1196	2	369500	GGGGGGGGGG+TCCGCCAATT	H37VGDSX7	upload_user	laneBarcode.html	2024-05-06 12:39:05.854769+00:00	240b16f4-51f7-451a-a352-c7ad64fa1d09	f42a4a6e-ea93-479d-acec-4f8f6daf03ab
1197	2	361460	CGCGCGGGCG+CGCCCGCGCG	H37VGDSX7	upload_user	laneBarcode.html	2024-05-06 12:39:05.854769+00:00	44007184-d799-48db-a66b-cd6a6ab616e2	f42a4a6e-ea93-479d-acec-4f8f6daf03ab
1198	2	323980	GGGGGGGGGG+ACATATCCAG	H37VGDSX7	upload_user	laneBarcode.html	2024-05-06 12:39:05.854769+00:00	ff90e96d-6135-4a5b-8b93-28afc3645a77	f42a4a6e-ea93-479d-acec-4f8f6daf03ab
1199	2	310160	GGGGGGGGGG+CTTATTGGCC	H37VGDSX7	upload_user	laneBarcode.html	2024-05-06 12:39:05.854769+00:00	a7565e8a-4b9e-4eb2-a54d-012b45ddb11d	f42a4a6e-ea93-479d-acec-4f8f6daf03ab
1200	3	554200	NNNNNNNNNN+NNNNNNNNNN	H37VGDSX7	upload_user	laneBarcode.html	2024-05-06 12:39:05.854769+00:00	1ccddd7a-c52e-4024-8876-37c629786b07	f42a4a6e-ea93-479d-acec-4f8f6daf03ab
1201	3	523400	GGGGGGGGGG+CGCCATATCT	H37VGDSX7	upload_user	laneBarcode.html	2024-05-06 12:39:05.854769+00:00	06366021-aba6-402b-8052-b305e521e9a4	f42a4a6e-ea93-479d-acec-4f8f6daf03ab
1202	3	452560	GGGGGGGGGG+TCAGAAGGCG	H37VGDSX7	upload_user	laneBarcode.html	2024-05-06 12:39:05.854769+00:00	6f652147-fbaf-413f-a7e2-ec66a0b41343	f42a4a6e-ea93-479d-acec-4f8f6daf03ab
1203	3	435820	GGGGGGGGGG+TGTCTGGCCT	H37VGDSX7	upload_user	laneBarcode.html	2024-05-06 12:39:05.854769+00:00	979f8272-edb6-4523-bbee-96781b559fcb	f42a4a6e-ea93-479d-acec-4f8f6daf03ab
1204	3	396880	GGGGGGGGGG+CCTCCGGTTG	H37VGDSX7	upload_user	laneBarcode.html	2024-05-06 12:39:05.854769+00:00	c9ef4544-a0ab-4d53-86c6-3b0483f6c32b	f42a4a6e-ea93-479d-acec-4f8f6daf03ab
1205	3	394140	CGCGCGGGCG+CGCCCGCGCG	H37VGDSX7	upload_user	laneBarcode.html	2024-05-06 12:39:05.854769+00:00	bdfcb53f-fcad-4f42-8bfd-50a988cd6f46	f42a4a6e-ea93-479d-acec-4f8f6daf03ab
1206	3	389200	GGGGGGGGGG+ACGGTCAGGA	H37VGDSX7	upload_user	laneBarcode.html	2024-05-06 12:39:05.854769+00:00	da3aa620-ada6-43a4-908c-7b4ca5b1f051	f42a4a6e-ea93-479d-acec-4f8f6daf03ab
1207	3	379720	GGGGGGGGGG+TCCGCCAATT	H37VGDSX7	upload_user	laneBarcode.html	2024-05-06 12:39:05.854769+00:00	c3313022-5a4f-4cb4-9cde-e55e8c7ae4a7	f42a4a6e-ea93-479d-acec-4f8f6daf03ab
1208	3	347160	GGGGGGGGGG+ACATATCCAG	H37VGDSX7	upload_user	laneBarcode.html	2024-05-06 12:39:05.854769+00:00	285a8bad-1286-494f-855f-12c9f1e7321e	f42a4a6e-ea93-479d-acec-4f8f6daf03ab
1209	3	326200	GGGGGGGGGG+CTTATTGGCC	H37VGDSX7	upload_user	laneBarcode.html	2024-05-06 12:39:05.854769+00:00	7e29f065-9bea-4ab0-9c00-f729e998ae08	f42a4a6e-ea93-479d-acec-4f8f6daf03ab
1210	4	600980	NNNNNNNNNN+NNNNNNNNNN	H37VGDSX7	upload_user	laneBarcode.html	2024-05-06 12:39:05.854769+00:00	89ae4c15-acee-4e42-9f02-9b3fea4c6d16	f42a4a6e-ea93-479d-acec-4f8f6daf03ab
1211	4	527460	GGGGGGGGGG+CGCCATATCT	H37VGDSX7	upload_user	laneBarcode.html	2024-05-06 12:39:05.854769+00:00	72d586b3-2eb7-4ba1-ae4c-f4f3a7bb81b2	f42a4a6e-ea93-479d-acec-4f8f6daf03ab
1212	4	445700	GGGGGGGGGG+TCAGAAGGCG	H37VGDSX7	upload_user	laneBarcode.html	2024-05-06 12:39:05.854769+00:00	bad03201-3431-4356-8781-ff1ef497d924	f42a4a6e-ea93-479d-acec-4f8f6daf03ab
1213	4	436680	GGGGGGGGGG+TGTCTGGCCT	H37VGDSX7	upload_user	laneBarcode.html	2024-05-06 12:39:05.854769+00:00	5b1cd309-a03d-43a6-8235-ef63c4300c02	f42a4a6e-ea93-479d-acec-4f8f6daf03ab
1214	4	410820	CGCGCGGGCG+CGCCCGCGCG	H37VGDSX7	upload_user	laneBarcode.html	2024-05-06 12:39:05.854769+00:00	a2847a5f-990f-4cf2-b5d2-6e6c55afba78	f42a4a6e-ea93-479d-acec-4f8f6daf03ab
1215	4	394700	GGGGGGGGGG+ACGGTCAGGA	H37VGDSX7	upload_user	laneBarcode.html	2024-05-06 12:39:05.854769+00:00	f8bd0f47-2dfa-46cf-8a4b-1e53adf3d551	f42a4a6e-ea93-479d-acec-4f8f6daf03ab
1216	4	391460	GGGGGGGGGG+CCTCCGGTTG	H37VGDSX7	upload_user	laneBarcode.html	2024-05-06 12:39:05.854769+00:00	d19c3990-3c0e-49dc-82d3-ce4f979ade0e	f42a4a6e-ea93-479d-acec-4f8f6daf03ab
1217	4	378260	GGGGGGGGGG+TCCGCCAATT	H37VGDSX7	upload_user	laneBarcode.html	2024-05-06 12:39:05.854769+00:00	98c26cf5-8315-4b80-bc4d-b18d1a7b4516	f42a4a6e-ea93-479d-acec-4f8f6daf03ab
1218	4	344280	GGGGGGGGGG+ACATATCCAG	H37VGDSX7	upload_user	laneBarcode.html	2024-05-06 12:39:05.854769+00:00	44d9f024-fb86-413c-83c7-c5bff25ffce9	f42a4a6e-ea93-479d-acec-4f8f6daf03ab
1219	4	324260	GGGGGGGGGG+CTTATTGGCC	H37VGDSX7	upload_user	laneBarcode.html	2024-05-06 12:39:05.854769+00:00	e35be76f-b1fd-473d-bd9c-91ce35d75cdf	f42a4a6e-ea93-479d-acec-4f8f6daf03ab
1220	1	769240	CTTATTGGCC+GGGGGGGGGG	H3CFWDSX7	upload_user	OWLWN_laneBarcode.html	2024-05-06 12:42:34.201728+00:00	b70592e3-6ca4-4f27-939a-ba6e836563cf	399abd8e-ec7c-4f61-8c0b-ce08c1c50e9f
1221	1	536940	GAATACCTAT+GGGGGGGGGG	H3CFWDSX7	upload_user	OWLWN_laneBarcode.html	2024-05-06 12:42:34.201728+00:00	396b5c58-3f97-403a-8c3d-7be12ff932d5	399abd8e-ec7c-4f61-8c0b-ce08c1c50e9f
1222	1	480280	GGGGGGGGGG+CGATGCGGTT	H3CFWDSX7	upload_user	OWLWN_laneBarcode.html	2024-05-06 12:42:34.201728+00:00	d0910337-0cba-465a-8fec-c103f1c51e59	399abd8e-ec7c-4f61-8c0b-ce08c1c50e9f
1223	1	466160	GGGGGGGGGG+ATACTTGTTC	H3CFWDSX7	upload_user	OWLWN_laneBarcode.html	2024-05-06 12:42:34.201728+00:00	9f36e86e-2427-4b94-b909-57f805ce2a66	399abd8e-ec7c-4f61-8c0b-ce08c1c50e9f
1224	1	428740	AACGAGGCCG+GGGGGGGGGG	H3CFWDSX7	upload_user	OWLWN_laneBarcode.html	2024-05-06 12:42:34.201728+00:00	85a96a62-2c55-4820-8e27-76adfbfd2446	399abd8e-ec7c-4f61-8c0b-ce08c1c50e9f
1225	1	409300	GGGGGGGGGG+AATGCGAACA	H3CFWDSX7	upload_user	OWLWN_laneBarcode.html	2024-05-06 12:42:34.201728+00:00	0660fd08-ca94-4c3e-8077-ec48947303e3	399abd8e-ec7c-4f61-8c0b-ce08c1c50e9f
1226	1	359980	GGGGGGGGGG+CGCTGTCTCA	H3CFWDSX7	upload_user	OWLWN_laneBarcode.html	2024-05-06 12:42:34.201728+00:00	6587cd5a-42ef-4672-9c31-f7f72dbcfa44	399abd8e-ec7c-4f61-8c0b-ce08c1c50e9f
1227	1	352360	GGGGGGGGGG+CAGCACGGAG	H3CFWDSX7	upload_user	OWLWN_laneBarcode.html	2024-05-06 12:42:34.201728+00:00	b9f24d18-9a30-4e3d-bbf7-7179b0159b24	399abd8e-ec7c-4f61-8c0b-ce08c1c50e9f
1228	1	350760	GGGGGGGGGG+TCAGATTAAC	H3CFWDSX7	upload_user	OWLWN_laneBarcode.html	2024-05-06 12:42:34.201728+00:00	c21b2d31-cc33-4d6b-9356-58809d7a2ed1	399abd8e-ec7c-4f61-8c0b-ce08c1c50e9f
1229	1	349260	GGGGGGGGGG+ACGAACAACA	H3CFWDSX7	upload_user	OWLWN_laneBarcode.html	2024-05-06 12:42:34.201728+00:00	889b8178-be15-4f16-9bfc-50a9a9204179	399abd8e-ec7c-4f61-8c0b-ce08c1c50e9f
1230	2	778240	CTTATTGGCC+GGGGGGGGGG	H3CFWDSX7	upload_user	OWLWN_laneBarcode.html	2024-05-06 12:42:34.201728+00:00	ba140d83-b4bd-4382-b412-b0397ea3d198	399abd8e-ec7c-4f61-8c0b-ce08c1c50e9f
1231	2	544300	GAATACCTAT+GGGGGGGGGG	H3CFWDSX7	upload_user	OWLWN_laneBarcode.html	2024-05-06 12:42:34.201728+00:00	15167d76-bf3a-4bf2-a987-4b8ec2d066ec	399abd8e-ec7c-4f61-8c0b-ce08c1c50e9f
1232	2	512180	GGGGGGGGGG+CGATGCGGTT	H3CFWDSX7	upload_user	OWLWN_laneBarcode.html	2024-05-06 12:42:34.201728+00:00	30f8bb41-ca80-4e27-be93-cf3048e26c99	399abd8e-ec7c-4f61-8c0b-ce08c1c50e9f
1233	2	477580	GGGGGGGGGG+ATACTTGTTC	H3CFWDSX7	upload_user	OWLWN_laneBarcode.html	2024-05-06 12:42:34.201728+00:00	48d24591-4707-47aa-8dc5-32e48c9c06e8	399abd8e-ec7c-4f61-8c0b-ce08c1c50e9f
1234	2	435840	AACGAGGCCG+GGGGGGGGGG	H3CFWDSX7	upload_user	OWLWN_laneBarcode.html	2024-05-06 12:42:34.201728+00:00	b7795d99-7908-43bc-9877-67ab4614ffac	399abd8e-ec7c-4f61-8c0b-ce08c1c50e9f
1235	2	408140	GGGGGGGGGG+AATGCGAACA	H3CFWDSX7	upload_user	OWLWN_laneBarcode.html	2024-05-06 12:42:34.201728+00:00	c44998ca-3919-40a3-ab39-b114bb1c7db2	399abd8e-ec7c-4f61-8c0b-ce08c1c50e9f
1236	2	363480	GGGGGGGGGG+CAGCACGGAG	H3CFWDSX7	upload_user	OWLWN_laneBarcode.html	2024-05-06 12:42:34.201728+00:00	a1593a7a-91fd-4620-8c1e-034d1b92f804	399abd8e-ec7c-4f61-8c0b-ce08c1c50e9f
1237	2	357200	GGGGGGGGGG+CGCTGTCTCA	H3CFWDSX7	upload_user	OWLWN_laneBarcode.html	2024-05-06 12:42:34.201728+00:00	c31aa9c2-d065-4045-a91c-dd82a3d07d4f	399abd8e-ec7c-4f61-8c0b-ce08c1c50e9f
1238	2	353760	GGGGGGGGGG+ACGAACAACA	H3CFWDSX7	upload_user	OWLWN_laneBarcode.html	2024-05-06 12:42:34.201728+00:00	b30a280a-3e34-45f1-b219-6212b5ad8c70	399abd8e-ec7c-4f61-8c0b-ce08c1c50e9f
1239	2	351340	GGGGGGGGGG+TCAGATTAAC	H3CFWDSX7	upload_user	OWLWN_laneBarcode.html	2024-05-06 12:42:34.201728+00:00	b1c49c12-bd3c-4188-a114-cc9d222d1b8d	399abd8e-ec7c-4f61-8c0b-ce08c1c50e9f
1240	3	756520	CTTATTGGCC+GGGGGGGGGG	H3CFWDSX7	upload_user	OWLWN_laneBarcode.html	2024-05-06 12:42:34.201728+00:00	7f3f3b40-56d5-4e03-87bc-3d1188a72507	399abd8e-ec7c-4f61-8c0b-ce08c1c50e9f
1241	3	538640	GAATACCTAT+GGGGGGGGGG	H3CFWDSX7	upload_user	OWLWN_laneBarcode.html	2024-05-06 12:42:34.201728+00:00	a6cf3eb3-98ca-4c43-8fd8-3ce35794bb78	399abd8e-ec7c-4f61-8c0b-ce08c1c50e9f
1242	3	503320	GGGGGGGGGG+CGATGCGGTT	H3CFWDSX7	upload_user	OWLWN_laneBarcode.html	2024-05-06 12:42:34.201728+00:00	716650bb-41d1-432a-a0a5-e8971cff58b5	399abd8e-ec7c-4f61-8c0b-ce08c1c50e9f
1243	3	465240	GGGGGGGGGG+ATACTTGTTC	H3CFWDSX7	upload_user	OWLWN_laneBarcode.html	2024-05-06 12:42:34.201728+00:00	6def39d8-8383-4f11-b081-e066c7084276	399abd8e-ec7c-4f61-8c0b-ce08c1c50e9f
1244	3	429220	AACGAGGCCG+GGGGGGGGGG	H3CFWDSX7	upload_user	OWLWN_laneBarcode.html	2024-05-06 12:42:34.201728+00:00	254bfda0-07a3-47a8-91b3-3b3afc19b8e3	399abd8e-ec7c-4f61-8c0b-ce08c1c50e9f
1245	3	413520	GGGGGGGGGG+AATGCGAACA	H3CFWDSX7	upload_user	OWLWN_laneBarcode.html	2024-05-06 12:42:34.201728+00:00	fd21b731-a138-40fd-b91a-bfc78e61e080	399abd8e-ec7c-4f61-8c0b-ce08c1c50e9f
1246	3	399400	ATCGGCGAAG+CCTTCTTGGA	H3CFWDSX7	upload_user	OWLWN_laneBarcode.html	2024-05-06 12:42:34.201728+00:00	0172ae4c-5c38-4dff-8abc-f34a1954f449	399abd8e-ec7c-4f61-8c0b-ce08c1c50e9f
1247	3	358600	GGGGGGGGGG+CAGCACGGAG	H3CFWDSX7	upload_user	OWLWN_laneBarcode.html	2024-05-06 12:42:34.201728+00:00	c5850e3d-845b-4cf3-b20e-fac04531ed2e	399abd8e-ec7c-4f61-8c0b-ce08c1c50e9f
1248	3	355960	GGGGGGGGGG+TCAGATTAAC	H3CFWDSX7	upload_user	OWLWN_laneBarcode.html	2024-05-06 12:42:34.201728+00:00	4490d027-a1f2-4b26-911e-b0cf3d080859	399abd8e-ec7c-4f61-8c0b-ce08c1c50e9f
1249	3	355960	GGGGGGGGGG+CGCTGTCTCA	H3CFWDSX7	upload_user	OWLWN_laneBarcode.html	2024-05-06 12:42:34.201728+00:00	574a8e24-387e-406a-85fc-7dc011b760c8	399abd8e-ec7c-4f61-8c0b-ce08c1c50e9f
1250	4	769680	CTTATTGGCC+GGGGGGGGGG	H3CFWDSX7	upload_user	OWLWN_laneBarcode.html	2024-05-06 12:42:34.201728+00:00	c5dda3dd-f059-4266-9cf2-7a48c180f488	399abd8e-ec7c-4f61-8c0b-ce08c1c50e9f
1251	4	545240	GAATACCTAT+GGGGGGGGGG	H3CFWDSX7	upload_user	OWLWN_laneBarcode.html	2024-05-06 12:42:34.201728+00:00	57d3ab78-7c01-49f4-8ce2-1e9d37ca9e8c	399abd8e-ec7c-4f61-8c0b-ce08c1c50e9f
1252	4	491580	GGGGGGGGGG+CGATGCGGTT	H3CFWDSX7	upload_user	OWLWN_laneBarcode.html	2024-05-06 12:42:34.201728+00:00	6b4dc055-8c9a-4f69-b774-948b187ad570	399abd8e-ec7c-4f61-8c0b-ce08c1c50e9f
1253	4	470240	GGGGGGGGGG+ATACTTGTTC	H3CFWDSX7	upload_user	OWLWN_laneBarcode.html	2024-05-06 12:42:34.201728+00:00	e01d8fc1-0327-443a-97f9-ddf583155c04	399abd8e-ec7c-4f61-8c0b-ce08c1c50e9f
1254	4	431640	AACGAGGCCG+GGGGGGGGGG	H3CFWDSX7	upload_user	OWLWN_laneBarcode.html	2024-05-06 12:42:34.201728+00:00	c1db12e8-f3aa-4524-8614-477cd5736198	399abd8e-ec7c-4f61-8c0b-ce08c1c50e9f
1255	4	404040	GGGGGGGGGG+AATGCGAACA	H3CFWDSX7	upload_user	OWLWN_laneBarcode.html	2024-05-06 12:42:34.201728+00:00	853342ae-c1aa-473d-950d-b50f638e318a	399abd8e-ec7c-4f61-8c0b-ce08c1c50e9f
1256	4	357300	GGGGGGGGGG+CAGCACGGAG	H3CFWDSX7	upload_user	OWLWN_laneBarcode.html	2024-05-06 12:42:34.201728+00:00	677ae175-1833-4d9a-9f90-5ae38a226bf2	399abd8e-ec7c-4f61-8c0b-ce08c1c50e9f
1257	4	354680	GGGGGGGGGG+CGCTGTCTCA	H3CFWDSX7	upload_user	OWLWN_laneBarcode.html	2024-05-06 12:42:34.201728+00:00	f3f385e1-f13d-4264-8edf-b8dea5384b98	399abd8e-ec7c-4f61-8c0b-ce08c1c50e9f
1258	4	349400	GGGGGGGGGG+TCAGATTAAC	H3CFWDSX7	upload_user	OWLWN_laneBarcode.html	2024-05-06 12:42:34.201728+00:00	7726823f-ab7a-4bad-b134-dc324ca5c3cc	399abd8e-ec7c-4f61-8c0b-ce08c1c50e9f
1259	4	349400	GGGGGGGGGG+ACGAACAACA	H3CFWDSX7	upload_user	OWLWN_laneBarcode.html	2024-05-06 12:42:34.201728+00:00	cfe6936a-9f7e-4cb1-922d-86bab5f98bd7	399abd8e-ec7c-4f61-8c0b-ce08c1c50e9f
1260	1	1077140	TGATGGCTAC+CGGTTGTTGG	H3C2VDSX7	upload_user	QW4F7_laneBarcode.html	2024-05-06 12:43:44.640830+00:00	40c0e2f3-d57c-4f5a-8e28-0caea3225782	0065475a-f5de-431a-a381-b6db299b8bac
1261	1	572160	TGATGGCTAC+CGGGTGTTGG	H3C2VDSX7	upload_user	QW4F7_laneBarcode.html	2024-05-06 12:43:44.640830+00:00	e933b889-1c0a-4e3f-a731-ea3626a931fb	0065475a-f5de-431a-a381-b6db299b8bac
1262	1	561360	GGGGGGGGGG+CTGAGCCGGT	H3C2VDSX7	upload_user	QW4F7_laneBarcode.html	2024-05-06 12:43:44.640830+00:00	58ae7cae-ef89-46e5-ac3e-f209e1044463	0065475a-f5de-431a-a381-b6db299b8bac
1263	1	560240	GGGGGGGGGG+TATTGCGCTC	H3C2VDSX7	upload_user	QW4F7_laneBarcode.html	2024-05-06 12:43:44.640830+00:00	19c4e8d5-e8f8-4d7a-98e2-d7b49d15bcc8	0065475a-f5de-431a-a381-b6db299b8bac
1264	1	546760	GGGGGGGGGG+CCAGGCACCA	H3C2VDSX7	upload_user	QW4F7_laneBarcode.html	2024-05-06 12:43:44.640830+00:00	18a88faa-a401-4320-8cb9-76ea97fd0b8c	0065475a-f5de-431a-a381-b6db299b8bac
1265	1	546260	GAATACCTAT+GGGGGGGGGG	H3C2VDSX7	upload_user	QW4F7_laneBarcode.html	2024-05-06 12:43:44.640830+00:00	f915268b-8e8f-452f-8630-a77ce126dd84	0065475a-f5de-431a-a381-b6db299b8bac
1266	1	505280	NNNNNNNNNN+NNNNNNNNNN	H3C2VDSX7	upload_user	QW4F7_laneBarcode.html	2024-05-06 12:43:44.640830+00:00	5d56a3a7-5235-420c-82f7-ed12b9c611de	0065475a-f5de-431a-a381-b6db299b8bac
1267	1	502700	TTCTGTAGAA+GGGGGGGGGG	H3C2VDSX7	upload_user	QW4F7_laneBarcode.html	2024-05-06 12:43:44.640830+00:00	ffa2eda2-692c-45cc-ba40-3ba08e2640b8	0065475a-f5de-431a-a381-b6db299b8bac
1268	1	492720	GGGGGGGGGG+ACCGTGTGGT	H3C2VDSX7	upload_user	QW4F7_laneBarcode.html	2024-05-06 12:43:44.640830+00:00	bfd3c054-67b1-46b8-8729-496c9b8934b5	0065475a-f5de-431a-a381-b6db299b8bac
1269	1	470500	GGGGGGGGGG+TCAGATTAAC	H3C2VDSX7	upload_user	QW4F7_laneBarcode.html	2024-05-06 12:43:44.640830+00:00	7edd5609-c94f-4218-a2e9-d2ffab21b700	0065475a-f5de-431a-a381-b6db299b8bac
1270	2	988220	TGATGGCTAC+CGGTTGTTGG	H3C2VDSX7	upload_user	QW4F7_laneBarcode.html	2024-05-06 12:43:44.640830+00:00	53430329-7a10-4ed6-9b79-34b472d450e3	0065475a-f5de-431a-a381-b6db299b8bac
1271	2	654180	GGGGGGGGGG+CTGAGCCGGT	H3C2VDSX7	upload_user	QW4F7_laneBarcode.html	2024-05-06 12:43:44.640830+00:00	773ce73f-b33c-4c29-8585-1e16b3fc03c7	0065475a-f5de-431a-a381-b6db299b8bac
1272	2	637320	GGGGGGGGGG+TATTGCGCTC	H3C2VDSX7	upload_user	QW4F7_laneBarcode.html	2024-05-06 12:43:44.640830+00:00	b8a34147-beb7-4315-8a1a-3b4b524f9c5c	0065475a-f5de-431a-a381-b6db299b8bac
1273	2	630120	GGGGGGGGGG+CCAGGCACCA	H3C2VDSX7	upload_user	QW4F7_laneBarcode.html	2024-05-06 12:43:44.640830+00:00	b4a0d7dd-1c9e-4b36-9137-9ed205f235bb	0065475a-f5de-431a-a381-b6db299b8bac
1274	2	573420	GGGGGGGGGG+ACCGTGTGGT	H3C2VDSX7	upload_user	QW4F7_laneBarcode.html	2024-05-06 12:43:44.640830+00:00	bbe72065-66d0-48b9-8e64-6f65b4fcf7cb	0065475a-f5de-431a-a381-b6db299b8bac
1275	2	549160	GAATACCTAT+GGGGGGGGGG	H3C2VDSX7	upload_user	QW4F7_laneBarcode.html	2024-05-06 12:43:44.640830+00:00	b660a866-c8db-4598-bb0b-80a3efa1d8d5	0065475a-f5de-431a-a381-b6db299b8bac
1276	2	539060	TGATGGCTAC+CGGGTGTTGG	H3C2VDSX7	upload_user	QW4F7_laneBarcode.html	2024-05-06 12:43:44.640830+00:00	9dc0c411-d531-4028-b3d1-dcbaf6263937	0065475a-f5de-431a-a381-b6db299b8bac
1277	2	534860	GGGGGGGGGG+TAGCATAACC	H3C2VDSX7	upload_user	QW4F7_laneBarcode.html	2024-05-06 12:43:44.640830+00:00	adca9223-9d3f-4cb4-a333-90302cff9ead	0065475a-f5de-431a-a381-b6db299b8bac
1278	2	522580	TTCTGTAGAA+GGGGGGGGGG	H3C2VDSX7	upload_user	QW4F7_laneBarcode.html	2024-05-06 12:43:44.640830+00:00	c19cf5ce-cf1d-432a-a0f3-ee10ac639495	0065475a-f5de-431a-a381-b6db299b8bac
1279	2	521660	GGGGGGGGGG+TCAGATTAAC	H3C2VDSX7	upload_user	QW4F7_laneBarcode.html	2024-05-06 12:43:44.640830+00:00	156132f9-edc5-4c96-a026-088127d772c5	0065475a-f5de-431a-a381-b6db299b8bac
1280	3	729560	GGGGGGGGGG+CTGAGCCGGT	H3C2VDSX7	upload_user	QW4F7_laneBarcode.html	2024-05-06 12:43:44.640830+00:00	c170f4a2-53ca-4d26-95a3-b055fceee58d	0065475a-f5de-431a-a381-b6db299b8bac
1281	3	692840	GGGGGGGGGG+CCAGGCACCA	H3C2VDSX7	upload_user	QW4F7_laneBarcode.html	2024-05-06 12:43:44.640830+00:00	14ccc810-2f34-4d11-9531-6f6a41083164	0065475a-f5de-431a-a381-b6db299b8bac
1282	3	684560	GGGGGGGGGG+TATTGCGCTC	H3C2VDSX7	upload_user	QW4F7_laneBarcode.html	2024-05-06 12:43:44.640830+00:00	6352988e-0fc0-4d9a-9776-0f575a7a9984	0065475a-f5de-431a-a381-b6db299b8bac
1283	3	674980	TGATGGCTAC+CGGTTGTTGG	H3C2VDSX7	upload_user	QW4F7_laneBarcode.html	2024-05-06 12:43:44.640830+00:00	16a9b53c-183b-4c37-a2f2-dbfe5b3fef4a	0065475a-f5de-431a-a381-b6db299b8bac
1284	3	639020	GGGGGGGGGG+ACCGTGTGGT	H3C2VDSX7	upload_user	QW4F7_laneBarcode.html	2024-05-06 12:43:44.640830+00:00	100df74e-5e55-497c-86ee-3871054eeb92	0065475a-f5de-431a-a381-b6db299b8bac
1285	3	595540	GGGGGGGGGG+TAGCATAACC	H3C2VDSX7	upload_user	QW4F7_laneBarcode.html	2024-05-06 12:43:44.640830+00:00	9500117d-c66d-4302-b44b-d1d839b6b839	0065475a-f5de-431a-a381-b6db299b8bac
1286	3	593940	GGGGGGGGGG+ATGTTGTTGG	H3C2VDSX7	upload_user	QW4F7_laneBarcode.html	2024-05-06 12:43:44.640830+00:00	82ff0596-c692-4e64-8870-0d991f7bf547	0065475a-f5de-431a-a381-b6db299b8bac
1287	3	561120	GGGGGGGGGG+TCAGATTAAC	H3C2VDSX7	upload_user	QW4F7_laneBarcode.html	2024-05-06 12:43:44.640830+00:00	b2149adb-b9ee-4dd2-bdad-791d165241a2	0065475a-f5de-431a-a381-b6db299b8bac
1288	3	538300	GAATACCTAT+GGGGGGGGGG	H3C2VDSX7	upload_user	QW4F7_laneBarcode.html	2024-05-06 12:43:44.640830+00:00	8fa54e51-aefb-460e-a384-3a4ba5fe6c0a	0065475a-f5de-431a-a381-b6db299b8bac
1289	3	530800	GGGGGGGGGG+TCGAGCCATA	H3C2VDSX7	upload_user	QW4F7_laneBarcode.html	2024-05-06 12:43:44.640830+00:00	506148fd-9805-43a7-ad5d-368ff62cd264	0065475a-f5de-431a-a381-b6db299b8bac
1290	4	663780	GGGGGGGGGG+CTGAGCCGGT	H3C2VDSX7	upload_user	QW4F7_laneBarcode.html	2024-05-06 12:43:44.640830+00:00	dfd53ea8-2a1b-4ff3-a475-2ad0445d68bb	0065475a-f5de-431a-a381-b6db299b8bac
1291	4	633040	GGGGGGGGGG+CCAGGCACCA	H3C2VDSX7	upload_user	QW4F7_laneBarcode.html	2024-05-06 12:43:44.640830+00:00	d1c8db7d-3def-4f12-83bc-81361c06abeb	0065475a-f5de-431a-a381-b6db299b8bac
1292	4	630900	GGGGGGGGGG+TATTGCGCTC	H3C2VDSX7	upload_user	QW4F7_laneBarcode.html	2024-05-06 12:43:44.640830+00:00	cc452c98-38dc-4096-8905-aff091a8f09c	0065475a-f5de-431a-a381-b6db299b8bac
1293	4	577760	GGGGGGGGGG+ACCGTGTGGT	H3C2VDSX7	upload_user	QW4F7_laneBarcode.html	2024-05-06 12:43:44.640830+00:00	0d845abf-f9fe-4562-9de7-f49e22431728	0065475a-f5de-431a-a381-b6db299b8bac
1294	4	548200	GGGGGGGGGG+ATGTTGTTGG	H3C2VDSX7	upload_user	QW4F7_laneBarcode.html	2024-05-06 12:43:44.640830+00:00	45a5a007-b161-4064-b3ae-28b423cc9bb7	0065475a-f5de-431a-a381-b6db299b8bac
1295	4	535620	GGGGGGGGGG+TAGCATAACC	H3C2VDSX7	upload_user	QW4F7_laneBarcode.html	2024-05-06 12:43:44.640830+00:00	0fde61f5-1fe9-4a24-b609-7642f8af3a05	0065475a-f5de-431a-a381-b6db299b8bac
1296	4	533940	GAATACCTAT+GGGGGGGGGG	H3C2VDSX7	upload_user	QW4F7_laneBarcode.html	2024-05-06 12:43:44.640830+00:00	c20fcc31-11a8-4457-8de7-a76fd8577954	0065475a-f5de-431a-a381-b6db299b8bac
1297	4	528980	GGGGGGGGGG+TCAGATTAAC	H3C2VDSX7	upload_user	QW4F7_laneBarcode.html	2024-05-06 12:43:44.640830+00:00	3a71ac2e-bc35-4b20-9769-c479ae54cd35	0065475a-f5de-431a-a381-b6db299b8bac
1298	4	495640	TTCTGTAGAA+GGGGGGGGGG	H3C2VDSX7	upload_user	QW4F7_laneBarcode.html	2024-05-06 12:43:44.640830+00:00	03e1d8b0-8cf1-4a1d-aa98-ac838906151e	0065475a-f5de-431a-a381-b6db299b8bac
1299	4	489560	GGGGGGGGGG+TGATGGCTAC	H3C2VDSX7	upload_user	QW4F7_laneBarcode.html	2024-05-06 12:43:44.640830+00:00	cd11c185-8bf1-4947-9f57-70de2c06366f	0065475a-f5de-431a-a381-b6db299b8bac
1300	1	1796840	TGCTACTGCC+GGTGAGTAAT	H37YLDSX7	upload_user	VVMXP_laneBarcode.html	2024-05-06 12:45:04.879332+00:00	91007999-8cca-478c-9271-869ea39761b5	09b3e0c0-a716-4cfa-993a-40b5a49a1346
1301	1	1337180	CGCTGTCTCA+CCTCCGGTTG	H37YLDSX7	upload_user	VVMXP_laneBarcode.html	2024-05-06 12:45:04.879332+00:00	51103368-0185-4783-b4c6-2d8f27ad5829	09b3e0c0-a716-4cfa-993a-40b5a49a1346
1302	1	1312280	AAAAAGCAAT+CCGTTCAAGG	H37YLDSX7	upload_user	VVMXP_laneBarcode.html	2024-05-06 12:45:04.879332+00:00	75cf72f5-f86e-4f1b-a8a4-3e10b88600d5	09b3e0c0-a716-4cfa-993a-40b5a49a1346
1303	1	969280	ACATCACAAG+ATTGTTCGTC	H37YLDSX7	upload_user	VVMXP_laneBarcode.html	2024-05-06 12:45:04.879332+00:00	6ff2c41f-6b70-40c8-9509-c44ab7e7f0df	09b3e0c0-a716-4cfa-993a-40b5a49a1346
1304	1	902580	AGATAACAAG+AACTTATCCT	H37YLDSX7	upload_user	VVMXP_laneBarcode.html	2024-05-06 12:45:04.879332+00:00	300c6053-f6c5-44c4-89c3-1fd941e763da	09b3e0c0-a716-4cfa-993a-40b5a49a1346
1305	1	821700	ACATCTTAAC+TCTAGGCGCG	H37YLDSX7	upload_user	VVMXP_laneBarcode.html	2024-05-06 12:45:04.879332+00:00	64f5213a-72ed-46bb-90c6-f8a1ad86f175	09b3e0c0-a716-4cfa-993a-40b5a49a1346
1306	1	812780	ATAACCTAAG+TGTCTGGCCT	H37YLDSX7	upload_user	VVMXP_laneBarcode.html	2024-05-06 12:45:04.879332+00:00	baaf785b-c5b7-42be-88a1-db800940125b	09b3e0c0-a716-4cfa-993a-40b5a49a1346
1307	1	808040	AATTCTTGGA+CCGTTGACAA	H37YLDSX7	upload_user	VVMXP_laneBarcode.html	2024-05-06 12:45:04.879332+00:00	9fc07604-2283-48f4-b1a2-9c58738f1c6e	09b3e0c0-a716-4cfa-993a-40b5a49a1346
1308	1	785860	ATTGTTCGTC+CCTCTAGAGA	H37YLDSX7	upload_user	VVMXP_laneBarcode.html	2024-05-06 12:45:04.879332+00:00	c07a10b1-e9c3-4def-bd9e-e6ebc253f5bc	09b3e0c0-a716-4cfa-993a-40b5a49a1346
1309	1	754280	ACAACGGAAG+TGGTGTTATG	H37YLDSX7	upload_user	VVMXP_laneBarcode.html	2024-05-06 12:45:04.879332+00:00	0cae2b41-8995-470b-a975-b4933e89852c	09b3e0c0-a716-4cfa-993a-40b5a49a1346
1310	2	1823260	TGCTACTGCC+GGTGAGTAAT	H37YLDSX7	upload_user	VVMXP_laneBarcode.html	2024-05-06 12:45:04.879332+00:00	db5124dd-c2d3-42f8-9820-15cca0878c1c	09b3e0c0-a716-4cfa-993a-40b5a49a1346
1311	2	1347720	CGCTGTCTCA+CCTCCGGTTG	H37YLDSX7	upload_user	VVMXP_laneBarcode.html	2024-05-06 12:45:04.879332+00:00	0726e5af-be49-4061-a87c-880681c1bb65	09b3e0c0-a716-4cfa-993a-40b5a49a1346
1312	2	1333300	AAAAAGCAAT+CCGTTCAAGG	H37YLDSX7	upload_user	VVMXP_laneBarcode.html	2024-05-06 12:45:04.879332+00:00	0f3e4735-b9fe-4a27-8fe1-6fbcc5be6b81	09b3e0c0-a716-4cfa-993a-40b5a49a1346
1313	2	980760	ACATCACAAG+ATTGTTCGTC	H37YLDSX7	upload_user	VVMXP_laneBarcode.html	2024-05-06 12:45:04.879332+00:00	c79df207-f728-40dc-8048-4a6ebb31986c	09b3e0c0-a716-4cfa-993a-40b5a49a1346
1314	2	921940	ATTGTTCGTC+CCTCTAGAGA	H37YLDSX7	upload_user	VVMXP_laneBarcode.html	2024-05-06 12:45:04.879332+00:00	213b4ea1-2153-45f3-a890-ee7fa288c6ad	09b3e0c0-a716-4cfa-993a-40b5a49a1346
1315	2	911880	AGATAACAAG+AACTTATCCT	H37YLDSX7	upload_user	VVMXP_laneBarcode.html	2024-05-06 12:45:04.879332+00:00	0e9a02fa-53ba-47eb-ad42-2bab8cfbad5a	09b3e0c0-a716-4cfa-993a-40b5a49a1346
1316	2	861700	AATTCTTGGA+CCGTTGACAA	H37YLDSX7	upload_user	VVMXP_laneBarcode.html	2024-05-06 12:45:04.879332+00:00	19dec19c-e3bb-420b-905e-f6876df56906	09b3e0c0-a716-4cfa-993a-40b5a49a1346
1317	2	836940	ATAACCTAAG+TGTCTGGCCT	H37YLDSX7	upload_user	VVMXP_laneBarcode.html	2024-05-06 12:45:04.879332+00:00	4fb88d1a-1a03-4a5d-8f44-dd2211a972aa	09b3e0c0-a716-4cfa-993a-40b5a49a1346
1318	2	836200	CGTGTACCAG+CCCTTATCCT	H37YLDSX7	upload_user	VVMXP_laneBarcode.html	2024-05-06 12:45:04.879332+00:00	5641ccaa-5099-4ac5-936c-60d5dd1929bc	09b3e0c0-a716-4cfa-993a-40b5a49a1346
1319	2	833900	ACATCTTAAC+TCTAGGCGCG	H37YLDSX7	upload_user	VVMXP_laneBarcode.html	2024-05-06 12:45:04.879332+00:00	f4ac2a9a-00bd-4663-96d7-7b99316bac82	09b3e0c0-a716-4cfa-993a-40b5a49a1346
1320	3	1860800	ATTGTTCGTC+CCTCTAGAGA	H37YLDSX7	upload_user	VVMXP_laneBarcode.html	2024-05-06 12:45:04.879332+00:00	83fc784e-50e2-40e2-9e4b-faa243124f24	09b3e0c0-a716-4cfa-993a-40b5a49a1346
1321	3	1782940	TGCTACTGCC+GGTGAGTAAT	H37YLDSX7	upload_user	VVMXP_laneBarcode.html	2024-05-06 12:45:04.879332+00:00	ab4d812d-b1ab-4382-8774-c839affdcf60	09b3e0c0-a716-4cfa-993a-40b5a49a1346
1322	3	1732600	CGTGTACCAG+CCCTTATCCT	H37YLDSX7	upload_user	VVMXP_laneBarcode.html	2024-05-06 12:45:04.879332+00:00	919839f1-772b-4127-a439-ec0820900c84	09b3e0c0-a716-4cfa-993a-40b5a49a1346
1323	3	1634500	AATTCTTGGA+CCGTTGACAA	H37YLDSX7	upload_user	VVMXP_laneBarcode.html	2024-05-06 12:45:04.879332+00:00	e62dcf59-001c-434d-9350-c0aa1701885b	09b3e0c0-a716-4cfa-993a-40b5a49a1346
1324	3	1563900	AGCGCCACAC+CCGACATTAG	H37YLDSX7	upload_user	VVMXP_laneBarcode.html	2024-05-06 12:45:04.879332+00:00	92d6671f-c035-4b42-a1af-732573cdb0c9	09b3e0c0-a716-4cfa-993a-40b5a49a1346
1325	3	1354240	GCAATATTCA+CCTTGGCGCC	H37YLDSX7	upload_user	VVMXP_laneBarcode.html	2024-05-06 12:45:04.879332+00:00	ecbf0c64-0c0a-4b92-ba59-95be54abf810	09b3e0c0-a716-4cfa-993a-40b5a49a1346
1326	3	1318720	CGCTGTCTCA+CCTCCGGTTG	H37YLDSX7	upload_user	VVMXP_laneBarcode.html	2024-05-06 12:45:04.879332+00:00	4bb03e39-b67c-4f9a-9083-ba54c1e251d5	09b3e0c0-a716-4cfa-993a-40b5a49a1346
1327	3	1281960	AAAAAGCAAT+CCGTTCAAGG	H37YLDSX7	upload_user	VVMXP_laneBarcode.html	2024-05-06 12:45:04.879332+00:00	a3f86bb3-05c8-4486-8961-b0a979349c48	09b3e0c0-a716-4cfa-993a-40b5a49a1346
1328	3	894940	ACATCACAAG+ATTGTTCGTC	H37YLDSX7	upload_user	VVMXP_laneBarcode.html	2024-05-06 12:45:04.879332+00:00	2d765e22-748b-4e02-86d0-96f466103a08	09b3e0c0-a716-4cfa-993a-40b5a49a1346
1329	3	825580	AGATAACAAG+AACTTATCCT	H37YLDSX7	upload_user	VVMXP_laneBarcode.html	2024-05-06 12:45:04.879332+00:00	004ee00e-d5fe-49af-a7d7-505b3a22108a	09b3e0c0-a716-4cfa-993a-40b5a49a1346
1330	4	1780860	TGCTACTGCC+GGTGAGTAAT	H37YLDSX7	upload_user	VVMXP_laneBarcode.html	2024-05-06 12:45:04.879332+00:00	aa1e5bc9-7c5c-490e-8e87-5e515969b787	09b3e0c0-a716-4cfa-993a-40b5a49a1346
1331	4	1565500	ATTGTTCGTC+CCTCTAGAGA	H37YLDSX7	upload_user	VVMXP_laneBarcode.html	2024-05-06 12:45:04.879332+00:00	06de4194-ff6c-481e-af05-ba35cab46419	09b3e0c0-a716-4cfa-993a-40b5a49a1346
1332	4	1434500	CGTGTACCAG+CCCTTATCCT	H37YLDSX7	upload_user	VVMXP_laneBarcode.html	2024-05-06 12:45:04.879332+00:00	e1b43d17-94c4-40ca-99ac-508a11745581	09b3e0c0-a716-4cfa-993a-40b5a49a1346
1333	4	1375740	AATTCTTGGA+CCGTTGACAA	H37YLDSX7	upload_user	VVMXP_laneBarcode.html	2024-05-06 12:45:04.879332+00:00	3f909ef5-c2b5-4f66-bdf3-98756e448bbd	09b3e0c0-a716-4cfa-993a-40b5a49a1346
1334	4	1321920	CGCTGTCTCA+CCTCCGGTTG	H37YLDSX7	upload_user	VVMXP_laneBarcode.html	2024-05-06 12:45:04.879332+00:00	0efc0e9f-925e-447d-a3c9-9f002697a168	09b3e0c0-a716-4cfa-993a-40b5a49a1346
1335	4	1319040	AGCGCCACAC+CCGACATTAG	H37YLDSX7	upload_user	VVMXP_laneBarcode.html	2024-05-06 12:45:04.879332+00:00	311ea0fb-27e8-4142-aef3-25b44127bec1	09b3e0c0-a716-4cfa-993a-40b5a49a1346
1336	4	1288760	AAAAAGCAAT+CCGTTCAAGG	H37YLDSX7	upload_user	VVMXP_laneBarcode.html	2024-05-06 12:45:04.879332+00:00	8c290e57-ac29-4d34-82c5-36b586fba903	09b3e0c0-a716-4cfa-993a-40b5a49a1346
1337	4	1171680	GCAATATTCA+CCTTGGCGCC	H37YLDSX7	upload_user	VVMXP_laneBarcode.html	2024-05-06 12:45:04.879332+00:00	c221ad96-dd95-462d-b636-de80cb9bb8b7	09b3e0c0-a716-4cfa-993a-40b5a49a1346
1338	4	904120	ACATCACAAG+ATTGTTCGTC	H37YLDSX7	upload_user	VVMXP_laneBarcode.html	2024-05-06 12:45:04.879332+00:00	0560b8c0-edf4-4750-81e6-13f0e66af60c	09b3e0c0-a716-4cfa-993a-40b5a49a1346
1339	4	833120	AGATAACAAG+AACTTATCCT	H37YLDSX7	upload_user	VVMXP_laneBarcode.html	2024-05-06 12:45:04.879332+00:00	88d6b90e-73f5-4e9b-8bd6-11bd0c8ac8a3	09b3e0c0-a716-4cfa-993a-40b5a49a1346
1340	1	1012180	TGATGGCTAC+CGGTTGTTGG	H35NHDSX7	upload_user	PVYB4_laneBarcode.html	2024-05-06 12:46:28.886998+00:00	141fb379-7f0f-4edd-a326-547030596111	ffe676dc-4aa5-4c08-9d69-ffe9446dc005
1341	1	948960	GGGGGGGGGG+CAGCACGGAG	H35NHDSX7	upload_user	PVYB4_laneBarcode.html	2024-05-06 12:46:28.886998+00:00	2d2a8d32-c8ac-4743-bea8-820f83faf74b	ffe676dc-4aa5-4c08-9d69-ffe9446dc005
1342	1	828120	CTTATTGGCC+GGGGGGGGGG	H35NHDSX7	upload_user	PVYB4_laneBarcode.html	2024-05-06 12:46:28.886998+00:00	98b60fed-a8ed-43dd-b94b-a8e3f6a388be	ffe676dc-4aa5-4c08-9d69-ffe9446dc005
1343	1	744060	TGGTGTTATG+GGGGGGGGGG	H35NHDSX7	upload_user	PVYB4_laneBarcode.html	2024-05-06 12:46:28.886998+00:00	3941d71f-3048-4f91-a477-7bcc22ac87f6	ffe676dc-4aa5-4c08-9d69-ffe9446dc005
1344	1	686040	GGGGGGGGGG+TAGAATTGGA	H35NHDSX7	upload_user	PVYB4_laneBarcode.html	2024-05-06 12:46:28.886998+00:00	56fdb099-1aff-4be1-a957-c04019dcbdca	ffe676dc-4aa5-4c08-9d69-ffe9446dc005
1345	1	602180	AGATCTTAAG+TAGAATTGGA	H35NHDSX7	upload_user	PVYB4_laneBarcode.html	2024-05-06 12:46:28.886998+00:00	4f57ab32-9823-4b5b-91dd-500104963267	ffe676dc-4aa5-4c08-9d69-ffe9446dc005
1346	1	537700	ATAACTTAAC+TCGAGCCATA	H35NHDSX7	upload_user	PVYB4_laneBarcode.html	2024-05-06 12:46:28.886998+00:00	5341cc32-a322-42e2-95c5-5423145e5465	ffe676dc-4aa5-4c08-9d69-ffe9446dc005
1347	1	531760	ACATCCAAAT+CAGCACGGAG	H35NHDSX7	upload_user	PVYB4_laneBarcode.html	2024-05-06 12:46:28.886998+00:00	f8ac049d-63bf-4b1f-80a6-839ea7deee2f	ffe676dc-4aa5-4c08-9d69-ffe9446dc005
1348	1	523520	TGGTGTTATG+TAGAATTGAG	H35NHDSX7	upload_user	PVYB4_laneBarcode.html	2024-05-06 12:46:28.886998+00:00	8a9188cb-a393-463b-8112-18babdb3e799	ffe676dc-4aa5-4c08-9d69-ffe9446dc005
1349	1	512140	AAAAATGAAT+ACCGTGTGGT	H35NHDSX7	upload_user	PVYB4_laneBarcode.html	2024-05-06 12:46:28.886998+00:00	8390440a-65ac-4623-861f-0f3c2135e110	ffe676dc-4aa5-4c08-9d69-ffe9446dc005
1350	2	88323140	NNNNNNNNNN+NNNNNNNNNN	H35NHDSX7	upload_user	PVYB4_laneBarcode.html	2024-05-06 12:46:28.886998+00:00	58efd20b-938e-4059-bd92-12e3762fff74	ffe676dc-4aa5-4c08-9d69-ffe9446dc005
1351	2	1241120	NNNCNNNNNN+NNNNNNNNNN	H35NHDSX7	upload_user	PVYB4_laneBarcode.html	2024-05-06 12:46:28.886998+00:00	12e1b3d1-b6cc-419b-aff8-d3879fd89ee1	ffe676dc-4aa5-4c08-9d69-ffe9446dc005
1352	2	1066260	NNNANNNNNN+NNNNNNNNNN	H35NHDSX7	upload_user	PVYB4_laneBarcode.html	2024-05-06 12:46:28.886998+00:00	e37740c9-e565-447a-9f59-e068b8b8418e	ffe676dc-4aa5-4c08-9d69-ffe9446dc005
1353	2	923560	GGGGGGGGGG+CAGCACGGAG	H35NHDSX7	upload_user	PVYB4_laneBarcode.html	2024-05-06 12:46:28.886998+00:00	d5781da7-0eff-4292-9016-9848aa91f2cc	ffe676dc-4aa5-4c08-9d69-ffe9446dc005
1354	2	839100	NNNTNNNNNN+NNNNNNNNNN	H35NHDSX7	upload_user	PVYB4_laneBarcode.html	2024-05-06 12:46:28.886998+00:00	9277ebaf-663f-450a-b60c-91dbbaa8ef1c	ffe676dc-4aa5-4c08-9d69-ffe9446dc005
1355	2	778040	CTTATTGGCC+GGGGGGGGGG	H35NHDSX7	upload_user	PVYB4_laneBarcode.html	2024-05-06 12:46:28.886998+00:00	fe928e49-d883-4842-a95b-14e16ce2f3ee	ffe676dc-4aa5-4c08-9d69-ffe9446dc005
1356	2	733580	TGATGGCTAC+CGGTTGTTGG	H35NHDSX7	upload_user	PVYB4_laneBarcode.html	2024-05-06 12:46:28.886998+00:00	3f58b195-4ce7-4ecf-b182-f0f8830d474a	ffe676dc-4aa5-4c08-9d69-ffe9446dc005
1357	2	710820	GGGGGGGGGG+TAGAATTGGA	H35NHDSX7	upload_user	PVYB4_laneBarcode.html	2024-05-06 12:46:28.886998+00:00	f135d930-a8f5-4443-9115-61fa0408a7e5	ffe676dc-4aa5-4c08-9d69-ffe9446dc005
1358	2	667900	TGGTGTTATG+GGGGGGGGGG	H35NHDSX7	upload_user	PVYB4_laneBarcode.html	2024-05-06 12:46:28.886998+00:00	05431e21-f44b-4dc5-89eb-c8d8fbe233ae	ffe676dc-4aa5-4c08-9d69-ffe9446dc005
1359	2	561140	AGATCTTAAG+TAGAATTGGA	H35NHDSX7	upload_user	PVYB4_laneBarcode.html	2024-05-06 12:46:28.886998+00:00	bf8c2a55-5fd0-44f0-90e9-e326217c0335	ffe676dc-4aa5-4c08-9d69-ffe9446dc005
1360	3	1027020	GGGGGGGGGG+CAGCACGGAG	H35NHDSX7	upload_user	PVYB4_laneBarcode.html	2024-05-06 12:46:28.886998+00:00	e7f3dd48-840d-48ec-a336-feec2c623b74	ffe676dc-4aa5-4c08-9d69-ffe9446dc005
1361	3	828840	GGGGGGGGGG+TAGAATTGGA	H35NHDSX7	upload_user	PVYB4_laneBarcode.html	2024-05-06 12:46:28.886998+00:00	7d67af2b-2930-4c3c-8c59-8ecdc84ecc8b	ffe676dc-4aa5-4c08-9d69-ffe9446dc005
1362	3	790640	CTTATTGGCC+GGGGGGGGGG	H35NHDSX7	upload_user	PVYB4_laneBarcode.html	2024-05-06 12:46:28.886998+00:00	5866b278-9470-4664-ab98-5111021edb51	ffe676dc-4aa5-4c08-9d69-ffe9446dc005
1363	3	674940	TGGTGTTATG+GGGGGGGGGG	H35NHDSX7	upload_user	PVYB4_laneBarcode.html	2024-05-06 12:46:28.886998+00:00	78304755-c50b-4e0b-accd-71e032d9e076	ffe676dc-4aa5-4c08-9d69-ffe9446dc005
1364	3	591600	AGATCTTAAG+TAGAATTGGA	H35NHDSX7	upload_user	PVYB4_laneBarcode.html	2024-05-06 12:46:28.886998+00:00	5865d304-f01b-49d0-90df-74e1493e6a44	ffe676dc-4aa5-4c08-9d69-ffe9446dc005
1365	3	583780	GGGGGGGGGG+AATTCTTGGA	H35NHDSX7	upload_user	PVYB4_laneBarcode.html	2024-05-06 12:46:28.886998+00:00	9530c956-a1b1-4850-ae92-bbef9115ef79	ffe676dc-4aa5-4c08-9d69-ffe9446dc005
1366	3	526160	ACATCCAAAT+CAGCACGGAG	H35NHDSX7	upload_user	PVYB4_laneBarcode.html	2024-05-06 12:46:28.886998+00:00	bd46361d-6f11-4469-9f02-ffb26d0bb4b0	ffe676dc-4aa5-4c08-9d69-ffe9446dc005
1367	3	520940	ATAACTTAAC+TCGAGCCATA	H35NHDSX7	upload_user	PVYB4_laneBarcode.html	2024-05-06 12:46:28.886998+00:00	f0cf914e-af8a-49dd-bd96-0cc9366bf06d	ffe676dc-4aa5-4c08-9d69-ffe9446dc005
1368	3	512540	TGGTGTTATG+TAGAATTGAG	H35NHDSX7	upload_user	PVYB4_laneBarcode.html	2024-05-06 12:46:28.886998+00:00	8fce01a5-24ac-4c76-bd66-74df7c1c53f0	ffe676dc-4aa5-4c08-9d69-ffe9446dc005
1369	3	508440	GGGGGGGGGG+ATCCAGGTAT	H35NHDSX7	upload_user	PVYB4_laneBarcode.html	2024-05-06 12:46:28.886998+00:00	ac942e0d-d48d-4508-926c-fbcf3888e63a	ffe676dc-4aa5-4c08-9d69-ffe9446dc005
1370	4	8747880	NNNNNNNNNN+NNNNNNNNNN	H35NHDSX7	upload_user	PVYB4_laneBarcode.html	2024-05-06 12:46:28.886998+00:00	200610e9-d6f3-4aa0-8541-d0500fa525a8	ffe676dc-4aa5-4c08-9d69-ffe9446dc005
1371	4	1528220	NNNNNNNNTN+NNNNNNNNNN	H35NHDSX7	upload_user	PVYB4_laneBarcode.html	2024-05-06 12:46:28.886998+00:00	b1196da7-208a-4132-a528-f41e60e89489	ffe676dc-4aa5-4c08-9d69-ffe9446dc005
1372	4	919340	NNNNNNNNAN+NNNNNNNNNN	H35NHDSX7	upload_user	PVYB4_laneBarcode.html	2024-05-06 12:46:28.886998+00:00	41df0c06-6bed-45a1-b735-657ccf6b52c4	ffe676dc-4aa5-4c08-9d69-ffe9446dc005
1373	4	910520	GGGGGGGGGG+CAGCACGGAG	H35NHDSX7	upload_user	PVYB4_laneBarcode.html	2024-05-06 12:46:28.886998+00:00	ea37a4fe-a480-45bb-88ee-0f8a1d6500b7	ffe676dc-4aa5-4c08-9d69-ffe9446dc005
1374	4	742620	CTTATTGGCC+GGGGGGGGGG	H35NHDSX7	upload_user	PVYB4_laneBarcode.html	2024-05-06 12:46:28.886998+00:00	b698481f-b4a9-4fcb-a167-ba7f2210e00f	ffe676dc-4aa5-4c08-9d69-ffe9446dc005
1375	4	740380	GGGGGGGGGG+TAGAATTGGA	H35NHDSX7	upload_user	PVYB4_laneBarcode.html	2024-05-06 12:46:28.886998+00:00	bc1a2245-0f29-4172-a62d-3be5e5527471	ffe676dc-4aa5-4c08-9d69-ffe9446dc005
1376	4	648080	TGGTGTTATG+GGGGGGGGGG	H35NHDSX7	upload_user	PVYB4_laneBarcode.html	2024-05-06 12:46:28.886998+00:00	63e1e6ef-9a91-4698-8532-178f58008fbe	ffe676dc-4aa5-4c08-9d69-ffe9446dc005
1377	4	631500	NNNNNNNNCN+NNNNNNNNNN	H35NHDSX7	upload_user	PVYB4_laneBarcode.html	2024-05-06 12:46:28.886998+00:00	fbcdba50-14eb-469c-8b00-dafbb0238c71	ffe676dc-4aa5-4c08-9d69-ffe9446dc005
1378	4	555940	AGATCTTAAG+TAGAATTGGA	H35NHDSX7	upload_user	PVYB4_laneBarcode.html	2024-05-06 12:46:28.886998+00:00	113f7451-40ab-411d-bdfb-881aea26329f	ffe676dc-4aa5-4c08-9d69-ffe9446dc005
1379	4	515260	GGGGGGGGGG+AATTCTTGGA	H35NHDSX7	upload_user	PVYB4_laneBarcode.html	2024-05-06 12:46:28.886998+00:00	7395af1b-d733-40f4-b2d0-85c8069a050e	ffe676dc-4aa5-4c08-9d69-ffe9446dc005
1380	1	429644420	TTGAATGTTG+CTAGATTGCG	H32VNDSX7	upload_user	SS4ED_laneBarcode.html	2024-05-06 12:47:35.608298+00:00	9b958c54-06a9-4439-8b45-522d23701ce8	2fa1d3eb-20e4-4fa6-b647-cf57634d67ae
1381	1	2730420	GGGGGGGGGG+CTAGATTGCG	H32VNDSX7	upload_user	SS4ED_laneBarcode.html	2024-05-06 12:47:35.608298+00:00	16d6b7e0-ce92-4f2e-9db4-c438505d2ff6	2fa1d3eb-20e4-4fa6-b647-cf57634d67ae
1382	1	2160360	TTGAATGTTG+GGGGGGGGGG	H32VNDSX7	upload_user	SS4ED_laneBarcode.html	2024-05-06 12:47:35.608298+00:00	0023c733-9441-4735-b7c7-3512477a9c17	2fa1d3eb-20e4-4fa6-b647-cf57634d67ae
1383	1	1815840	TTGAATGTTA+CTAGATTGCG	H32VNDSX7	upload_user	SS4ED_laneBarcode.html	2024-05-06 12:47:35.608298+00:00	ecca2bf4-4f91-4527-bbb3-c8d21700f984	2fa1d3eb-20e4-4fa6-b647-cf57634d67ae
1384	1	1774420	ACAAAGGAAA+GTTGTAGTGC	H32VNDSX7	upload_user	SS4ED_laneBarcode.html	2024-05-06 12:47:35.608298+00:00	ad2faf14-c489-461d-900d-288f6af06184	2fa1d3eb-20e4-4fa6-b647-cf57634d67ae
1385	1	1568740	TTGAATGTTG+ATAGATTGCG	H32VNDSX7	upload_user	SS4ED_laneBarcode.html	2024-05-06 12:47:35.608298+00:00	31e6d687-8007-4a1d-a5c7-9f74b8850eb0	2fa1d3eb-20e4-4fa6-b647-cf57634d67ae
1386	1	950000	GAATACCTAT+GGGGGGGGGG	H32VNDSX7	upload_user	SS4ED_laneBarcode.html	2024-05-06 12:47:35.608298+00:00	3335b12b-cee1-4837-8aef-fee9976e5831	2fa1d3eb-20e4-4fa6-b647-cf57634d67ae
1387	1	875100	ACAAACAAAC+TCACTGTCCG	H32VNDSX7	upload_user	SS4ED_laneBarcode.html	2024-05-06 12:47:35.608298+00:00	3e3da900-5aea-4b32-bfa9-721fd471cd0b	2fa1d3eb-20e4-4fa6-b647-cf57634d67ae
1388	1	835880	GGGCCGGGGG+CGCGCGGGCG	H32VNDSX7	upload_user	SS4ED_laneBarcode.html	2024-05-06 12:47:35.608298+00:00	50d7c273-d5b2-4ab7-a9c4-0f4f4add10ac	2fa1d3eb-20e4-4fa6-b647-cf57634d67ae
1389	1	828820	TTGAATGTTG+CTAGATTGCA	H32VNDSX7	upload_user	SS4ED_laneBarcode.html	2024-05-06 12:47:35.608298+00:00	7ce29d94-6d31-4ba9-a934-b0a959706c01	2fa1d3eb-20e4-4fa6-b647-cf57634d67ae
1390	2	429204800	TTGAATGTTG+CTAGATTGCG	H32VNDSX7	upload_user	SS4ED_laneBarcode.html	2024-05-06 12:47:35.608298+00:00	66d10e63-9d04-4f27-b600-c19a30423faa	2fa1d3eb-20e4-4fa6-b647-cf57634d67ae
1391	2	2775480	GGGGGGGGGG+CTAGATTGCG	H32VNDSX7	upload_user	SS4ED_laneBarcode.html	2024-05-06 12:47:35.608298+00:00	950ee119-1248-4bb0-bbaf-2f28d41101ab	2fa1d3eb-20e4-4fa6-b647-cf57634d67ae
1392	2	2250120	TTGAATGTTG+GGGGGGGGGG	H32VNDSX7	upload_user	SS4ED_laneBarcode.html	2024-05-06 12:47:35.608298+00:00	0c048662-1991-48d1-9346-843b62062896	2fa1d3eb-20e4-4fa6-b647-cf57634d67ae
1393	2	1807880	TTGAATGTTA+CTAGATTGCG	H32VNDSX7	upload_user	SS4ED_laneBarcode.html	2024-05-06 12:47:35.608298+00:00	f66177ec-145c-4a4c-8287-dcdf03f390fc	2fa1d3eb-20e4-4fa6-b647-cf57634d67ae
1394	2	1751340	ACAAAGGAAA+GTTGTAGTGC	H32VNDSX7	upload_user	SS4ED_laneBarcode.html	2024-05-06 12:47:35.608298+00:00	967e47b3-71a9-45c0-b6fb-e41f877e1b1f	2fa1d3eb-20e4-4fa6-b647-cf57634d67ae
1395	2	1429680	TTGAATGTTG+ATAGATTGCG	H32VNDSX7	upload_user	SS4ED_laneBarcode.html	2024-05-06 12:47:35.608298+00:00	9c5ad6de-fd3d-4cd0-9fba-93b614fcd48c	2fa1d3eb-20e4-4fa6-b647-cf57634d67ae
1396	2	962780	GAATACCTAT+GGGGGGGGGG	H32VNDSX7	upload_user	SS4ED_laneBarcode.html	2024-05-06 12:47:35.608298+00:00	3165ac95-4e5f-4b1e-b127-8820098c457b	2fa1d3eb-20e4-4fa6-b647-cf57634d67ae
1397	2	880760	ACAAACAAAC+TCACTGTCCG	H32VNDSX7	upload_user	SS4ED_laneBarcode.html	2024-05-06 12:47:35.608298+00:00	0aa9f722-a5ff-4ea9-8372-82cf54060250	2fa1d3eb-20e4-4fa6-b647-cf57634d67ae
1398	2	834720	TTGAATGTTG+CTAGATTGCA	H32VNDSX7	upload_user	SS4ED_laneBarcode.html	2024-05-06 12:47:35.608298+00:00	c02f1c8d-7324-44a5-94a5-8328380136f6	2fa1d3eb-20e4-4fa6-b647-cf57634d67ae
1399	2	820680	GGGCCGGGGG+CGCGCGGGCG	H32VNDSX7	upload_user	SS4ED_laneBarcode.html	2024-05-06 12:47:35.608298+00:00	ca09c25c-010c-443b-b0aa-bf261cdaf0fa	2fa1d3eb-20e4-4fa6-b647-cf57634d67ae
1400	3	429228480	TTGAATGTTG+CTAGATTGCG	H32VNDSX7	upload_user	SS4ED_laneBarcode.html	2024-05-06 12:47:35.608298+00:00	7746c641-b423-4343-bdbd-1ff57c051153	2fa1d3eb-20e4-4fa6-b647-cf57634d67ae
1401	3	2808080	GGGGGGGGGG+CTAGATTGCG	H32VNDSX7	upload_user	SS4ED_laneBarcode.html	2024-05-06 12:47:35.608298+00:00	8019cf95-bf76-4e7b-a59d-1591ebbd2667	2fa1d3eb-20e4-4fa6-b647-cf57634d67ae
1402	3	2267040	TTGAATGTTG+GGGGGGGGGG	H32VNDSX7	upload_user	SS4ED_laneBarcode.html	2024-05-06 12:47:35.608298+00:00	0a78564c-3884-4da0-8a23-181277b5ee0d	2fa1d3eb-20e4-4fa6-b647-cf57634d67ae
1403	3	1802860	TTGAATGTTA+CTAGATTGCG	H32VNDSX7	upload_user	SS4ED_laneBarcode.html	2024-05-06 12:47:35.608298+00:00	956bbfa0-b42e-45fc-8356-61c5456a677a	2fa1d3eb-20e4-4fa6-b647-cf57634d67ae
1404	3	1770240	ACAAAGGAAA+GTTGTAGTGC	H32VNDSX7	upload_user	SS4ED_laneBarcode.html	2024-05-06 12:47:35.608298+00:00	0151d341-b153-4561-b853-17265c27de01	2fa1d3eb-20e4-4fa6-b647-cf57634d67ae
1405	3	1524320	TTGAATGTTG+ATAGATTGCG	H32VNDSX7	upload_user	SS4ED_laneBarcode.html	2024-05-06 12:47:35.608298+00:00	19fbf7ee-8e85-4da5-8394-cc7343aa1a77	2fa1d3eb-20e4-4fa6-b647-cf57634d67ae
1406	3	963540	GAATACCTAT+GGGGGGGGGG	H32VNDSX7	upload_user	SS4ED_laneBarcode.html	2024-05-06 12:47:35.608298+00:00	c62e471a-afac-4628-8a5e-713ee7bc4361	2fa1d3eb-20e4-4fa6-b647-cf57634d67ae
1407	3	872940	ACAAACAAAC+TCACTGTCCG	H32VNDSX7	upload_user	SS4ED_laneBarcode.html	2024-05-06 12:47:35.608298+00:00	7d3d0714-f65d-45b2-95be-c20bad58d112	2fa1d3eb-20e4-4fa6-b647-cf57634d67ae
1408	3	845200	GGGGGGGGGG+GTTGTAGTGC	H32VNDSX7	upload_user	SS4ED_laneBarcode.html	2024-05-06 12:47:35.608298+00:00	b78ddf8b-3e9a-4b18-b651-33fdd905d825	2fa1d3eb-20e4-4fa6-b647-cf57634d67ae
1409	3	825960	TTGAATGTTG+CTAGATTGCA	H32VNDSX7	upload_user	SS4ED_laneBarcode.html	2024-05-06 12:47:35.608298+00:00	a4d0c239-3f08-4211-9732-fa62bece3f7e	2fa1d3eb-20e4-4fa6-b647-cf57634d67ae
1410	4	430126720	TTGAATGTTG+CTAGATTGCG	H32VNDSX7	upload_user	SS4ED_laneBarcode.html	2024-05-06 12:47:35.608298+00:00	afcad0ca-0ceb-4f61-a3ed-ba951e0f1da0	2fa1d3eb-20e4-4fa6-b647-cf57634d67ae
1411	4	2739860	GGGGGGGGGG+CTAGATTGCG	H32VNDSX7	upload_user	SS4ED_laneBarcode.html	2024-05-06 12:47:35.608298+00:00	b3f96d2e-9ef5-4216-8fb5-5bb270f0a789	2fa1d3eb-20e4-4fa6-b647-cf57634d67ae
1412	4	2166740	TTGAATGTTG+GGGGGGGGGG	H32VNDSX7	upload_user	SS4ED_laneBarcode.html	2024-05-06 12:47:35.608298+00:00	293f6510-819d-434b-9806-2d285b0a2bc7	2fa1d3eb-20e4-4fa6-b647-cf57634d67ae
1413	4	1814080	TTGAATGTTA+CTAGATTGCG	H32VNDSX7	upload_user	SS4ED_laneBarcode.html	2024-05-06 12:47:35.608298+00:00	9b4b7fa6-3246-4353-8442-a62a02179e81	2fa1d3eb-20e4-4fa6-b647-cf57634d67ae
1414	4	1796480	ACAAAGGAAA+GTTGTAGTGC	H32VNDSX7	upload_user	SS4ED_laneBarcode.html	2024-05-06 12:47:35.608298+00:00	3921c155-805e-499c-9c83-565422bd3be6	2fa1d3eb-20e4-4fa6-b647-cf57634d67ae
1415	4	1497680	TTGAATGTTG+ATAGATTGCG	H32VNDSX7	upload_user	SS4ED_laneBarcode.html	2024-05-06 12:47:35.608298+00:00	ea82e851-42ea-441a-8127-f3a81dc02047	2fa1d3eb-20e4-4fa6-b647-cf57634d67ae
1416	4	959200	GAATACCTAT+GGGGGGGGGG	H32VNDSX7	upload_user	SS4ED_laneBarcode.html	2024-05-06 12:47:35.608298+00:00	9721cfec-e589-4990-af77-013a9b06f268	2fa1d3eb-20e4-4fa6-b647-cf57634d67ae
1417	4	875440	ACAAACAAAC+TCACTGTCCG	H32VNDSX7	upload_user	SS4ED_laneBarcode.html	2024-05-06 12:47:35.608298+00:00	91ed5455-d961-4a9f-b315-c5f03241b8ff	2fa1d3eb-20e4-4fa6-b647-cf57634d67ae
1418	4	831960	TTGAATGTTG+CTAGATTGCA	H32VNDSX7	upload_user	SS4ED_laneBarcode.html	2024-05-06 12:47:35.608298+00:00	fb2d9a60-6d55-4188-b2ad-44dd051194f2	2fa1d3eb-20e4-4fa6-b647-cf57634d67ae
1419	4	813740	TTGAATGTGA+CTAGATTGCG	H32VNDSX7	upload_user	SS4ED_laneBarcode.html	2024-05-06 12:47:35.608298+00:00	31032ae6-2fd6-4772-becb-4d2c040060d6	2fa1d3eb-20e4-4fa6-b647-cf57634d67ae
1420	1	1294860	ATAAACAAAG+ACGAACAACA	H35MFDSX7	upload_user	BWDQD_laneBarcode.html	2024-05-06 12:48:55.807746+00:00	2225650a-c959-4461-aaba-952d520c08c1	ebc21351-ccc1-47b7-8be7-041f5e57a200
1421	1	1220140	AGAAAATAAT+TATCGGACCG	H35MFDSX7	upload_user	BWDQD_laneBarcode.html	2024-05-06 12:48:55.807746+00:00	5a1ad128-9511-4cee-9dee-b37c465af5d1	ebc21351-ccc1-47b7-8be7-041f5e57a200
1422	1	1219980	ATATCTGAAA+ATACTTGTTC	H35MFDSX7	upload_user	BWDQD_laneBarcode.html	2024-05-06 12:48:55.807746+00:00	d0d36ad8-24f3-4a83-972e-aaf1ee60df73	ebc21351-ccc1-47b7-8be7-041f5e57a200
1423	1	1152000	AGAACAGAAA+AGAGAACCTA	H35MFDSX7	upload_user	BWDQD_laneBarcode.html	2024-05-06 12:48:55.807746+00:00	8b8c0394-bbab-4d3b-afd1-5eec6dfda3b6	ebc21351-ccc1-47b7-8be7-041f5e57a200
1424	1	1133720	ACATCACAAA+CAACGTTCGG	H35MFDSX7	upload_user	BWDQD_laneBarcode.html	2024-05-06 12:48:55.807746+00:00	168de12d-1352-4580-b05b-64d123dae3ed	ebc21351-ccc1-47b7-8be7-041f5e57a200
1425	1	1031560	AAATAGGAAG+ATCCAGGTAT	H35MFDSX7	upload_user	BWDQD_laneBarcode.html	2024-05-06 12:48:55.807746+00:00	ac07aa7b-e224-4c2f-adb0-fbcabb2ad856	ebc21351-ccc1-47b7-8be7-041f5e57a200
1426	1	996320	ACATATCAAA+CTCGAATATA	H35MFDSX7	upload_user	BWDQD_laneBarcode.html	2024-05-06 12:48:55.807746+00:00	c0446795-2acc-4751-a070-3472f6160272	ebc21351-ccc1-47b7-8be7-041f5e57a200
1427	1	986260	AGATCTTAAG+TAGAATTGGA	H35MFDSX7	upload_user	BWDQD_laneBarcode.html	2024-05-06 12:48:55.807746+00:00	b66f8af6-5b8a-4a13-ab71-1f23180b6950	ebc21351-ccc1-47b7-8be7-041f5e57a200
1428	1	981200	AGAACTCAAT+CGCTGTCTCA	H35MFDSX7	upload_user	BWDQD_laneBarcode.html	2024-05-06 12:48:55.807746+00:00	5a1bf3d7-790d-431e-a4b7-e7cce4f72209	ebc21351-ccc1-47b7-8be7-041f5e57a200
1429	1	946860	AAATAAGAAT+TTCTTAACCA	H35MFDSX7	upload_user	BWDQD_laneBarcode.html	2024-05-06 12:48:55.807746+00:00	2fe6035b-917c-4acb-9d60-c9db7b126e2f	ebc21351-ccc1-47b7-8be7-041f5e57a200
1430	2	1342200	ATAAACAAAG+ACGAACAACA	H35MFDSX7	upload_user	BWDQD_laneBarcode.html	2024-05-06 12:48:55.807746+00:00	bbfe0797-5ea9-4684-8548-12405eaee9be	ebc21351-ccc1-47b7-8be7-041f5e57a200
1431	2	1295860	ATATCTGAAA+ATACTTGTTC	H35MFDSX7	upload_user	BWDQD_laneBarcode.html	2024-05-06 12:48:55.807746+00:00	1eb61260-738d-4027-848b-c10164286181	ebc21351-ccc1-47b7-8be7-041f5e57a200
1432	2	1269260	AGAAAATAAT+TATCGGACCG	H35MFDSX7	upload_user	BWDQD_laneBarcode.html	2024-05-06 12:48:55.807746+00:00	985ffd48-90e8-467d-af78-43881fcf2054	ebc21351-ccc1-47b7-8be7-041f5e57a200
1433	2	1229860	AGAACAGAAA+AGAGAACCTA	H35MFDSX7	upload_user	BWDQD_laneBarcode.html	2024-05-06 12:48:55.807746+00:00	8c5b5a3b-7065-4bfb-ab02-6494f4841227	ebc21351-ccc1-47b7-8be7-041f5e57a200
1434	2	1202660	ACATCACAAA+CAACGTTCGG	H35MFDSX7	upload_user	BWDQD_laneBarcode.html	2024-05-06 12:48:55.807746+00:00	b415ac57-249c-4ffc-9345-f21a48a4eb13	ebc21351-ccc1-47b7-8be7-041f5e57a200
1435	2	1102840	AAATAGGAAG+ATCCAGGTAT	H35MFDSX7	upload_user	BWDQD_laneBarcode.html	2024-05-06 12:48:55.807746+00:00	9da203f6-198b-4efb-99a2-7e1d1e6f76de	ebc21351-ccc1-47b7-8be7-041f5e57a200
1436	2	1037660	ACATATCAAA+CTCGAATATA	H35MFDSX7	upload_user	BWDQD_laneBarcode.html	2024-05-06 12:48:55.807746+00:00	f0ee55cf-617c-454a-8ec9-ecd25f335521	ebc21351-ccc1-47b7-8be7-041f5e57a200
1437	2	1032700	AGATCTTAAG+TAGAATTGGA	H35MFDSX7	upload_user	BWDQD_laneBarcode.html	2024-05-06 12:48:55.807746+00:00	0d8d0e78-e751-49ac-9408-663ab959c854	ebc21351-ccc1-47b7-8be7-041f5e57a200
1438	2	1030480	AGAACTCAAT+CGCTGTCTCA	H35MFDSX7	upload_user	BWDQD_laneBarcode.html	2024-05-06 12:48:55.807746+00:00	8f2ac425-48a5-4a69-969e-51b2289091b3	ebc21351-ccc1-47b7-8be7-041f5e57a200
1439	2	1001820	AAATAAGAAT+TTCTTAACCA	H35MFDSX7	upload_user	BWDQD_laneBarcode.html	2024-05-06 12:48:55.807746+00:00	cc404dd3-7e31-408c-b4a0-d7f6ad751523	ebc21351-ccc1-47b7-8be7-041f5e57a200
1440	3	1321700	ATAAACAAAG+ACGAACAACA	H35MFDSX7	upload_user	BWDQD_laneBarcode.html	2024-05-06 12:48:55.807746+00:00	2608618d-4e42-46e4-8f77-1e83c3bf7517	ebc21351-ccc1-47b7-8be7-041f5e57a200
1441	3	1266680	ATATCTGAAA+ATACTTGTTC	H35MFDSX7	upload_user	BWDQD_laneBarcode.html	2024-05-06 12:48:55.807746+00:00	36b2e243-5b24-4e1c-b2ab-29784dbb1cb9	ebc21351-ccc1-47b7-8be7-041f5e57a200
1442	3	1243460	AGAAAATAAT+TATCGGACCG	H35MFDSX7	upload_user	BWDQD_laneBarcode.html	2024-05-06 12:48:55.807746+00:00	f49af8af-6f2e-4458-ba06-f5f21518c0ff	ebc21351-ccc1-47b7-8be7-041f5e57a200
1443	3	1204840	AGAACAGAAA+AGAGAACCTA	H35MFDSX7	upload_user	BWDQD_laneBarcode.html	2024-05-06 12:48:55.807746+00:00	1378cee7-4a93-4d3b-890b-80411b4202e0	ebc21351-ccc1-47b7-8be7-041f5e57a200
1444	3	1166440	ACATCACAAA+CAACGTTCGG	H35MFDSX7	upload_user	BWDQD_laneBarcode.html	2024-05-06 12:48:55.807746+00:00	36a238b2-a5e3-418f-94af-e44cfcac3faa	ebc21351-ccc1-47b7-8be7-041f5e57a200
1445	3	1074800	AAATAGGAAG+ATCCAGGTAT	H35MFDSX7	upload_user	BWDQD_laneBarcode.html	2024-05-06 12:48:55.807746+00:00	15fd1ba4-d79b-41d5-a620-6a1a5efbb977	ebc21351-ccc1-47b7-8be7-041f5e57a200
1446	3	1025600	ACATATCAAA+CTCGAATATA	H35MFDSX7	upload_user	BWDQD_laneBarcode.html	2024-05-06 12:48:55.807746+00:00	08cd01f1-e3cf-4052-b81c-912140ae9a6d	ebc21351-ccc1-47b7-8be7-041f5e57a200
1447	3	1008860	AGATCTTAAG+TAGAATTGGA	H35MFDSX7	upload_user	BWDQD_laneBarcode.html	2024-05-06 12:48:55.807746+00:00	68013727-5767-446f-bf3b-105a4dd5bb32	ebc21351-ccc1-47b7-8be7-041f5e57a200
1448	3	1000500	AGAACTCAAT+CGCTGTCTCA	H35MFDSX7	upload_user	BWDQD_laneBarcode.html	2024-05-06 12:48:55.807746+00:00	acbbe333-07d2-40b3-a29b-098c99b29175	ebc21351-ccc1-47b7-8be7-041f5e57a200
1449	3	978620	AAATAAGAAT+TTCTTAACCA	H35MFDSX7	upload_user	BWDQD_laneBarcode.html	2024-05-06 12:48:55.807746+00:00	29899b9c-11d2-4d08-a573-0380660f5d36	ebc21351-ccc1-47b7-8be7-041f5e57a200
1450	4	1279100	ATAAACAAAG+ACGAACAACA	H35MFDSX7	upload_user	BWDQD_laneBarcode.html	2024-05-06 12:48:55.807746+00:00	47fe3bb6-1b5c-431a-9055-433002f8c15a	ebc21351-ccc1-47b7-8be7-041f5e57a200
1451	4	1204480	ATATCTGAAA+ATACTTGTTC	H35MFDSX7	upload_user	BWDQD_laneBarcode.html	2024-05-06 12:48:55.807746+00:00	062a6318-4c87-4a29-bbee-ce0d7f885f16	ebc21351-ccc1-47b7-8be7-041f5e57a200
1452	4	1188540	AGAAAATAAT+TATCGGACCG	H35MFDSX7	upload_user	BWDQD_laneBarcode.html	2024-05-06 12:48:55.807746+00:00	f0984f07-dbc4-4a27-ae88-611ca96c282a	ebc21351-ccc1-47b7-8be7-041f5e57a200
1453	4	1150520	AGAACAGAAA+AGAGAACCTA	H35MFDSX7	upload_user	BWDQD_laneBarcode.html	2024-05-06 12:48:55.807746+00:00	32e53119-c86c-48d9-a360-b955422880af	ebc21351-ccc1-47b7-8be7-041f5e57a200
1454	4	1125720	ACATCACAAA+CAACGTTCGG	H35MFDSX7	upload_user	BWDQD_laneBarcode.html	2024-05-06 12:48:55.807746+00:00	217eb725-4d4b-47dd-9b80-605853c0f520	ebc21351-ccc1-47b7-8be7-041f5e57a200
1455	4	1014260	AAATAGGAAG+ATCCAGGTAT	H35MFDSX7	upload_user	BWDQD_laneBarcode.html	2024-05-06 12:48:55.807746+00:00	46d50472-ba09-4068-9c54-978e6bb2a91a	ebc21351-ccc1-47b7-8be7-041f5e57a200
1456	4	983960	ACATATCAAA+CTCGAATATA	H35MFDSX7	upload_user	BWDQD_laneBarcode.html	2024-05-06 12:48:55.807746+00:00	bd04e656-3747-4847-be30-82c0c750b414	ebc21351-ccc1-47b7-8be7-041f5e57a200
1457	4	967200	AGATCTTAAG+TAGAATTGGA	H35MFDSX7	upload_user	BWDQD_laneBarcode.html	2024-05-06 12:48:55.807746+00:00	c74dc235-8587-4408-ae48-0839c6bd7322	ebc21351-ccc1-47b7-8be7-041f5e57a200
1458	4	955820	AGAACTCAAT+CGCTGTCTCA	H35MFDSX7	upload_user	BWDQD_laneBarcode.html	2024-05-06 12:48:55.807746+00:00	14c379b7-0e68-470d-bb0a-a0934890ee52	ebc21351-ccc1-47b7-8be7-041f5e57a200
1459	4	934620	AAATAAGAAT+TTCTTAACCA	H35MFDSX7	upload_user	BWDQD_laneBarcode.html	2024-05-06 12:48:55.807746+00:00	76b8c432-e509-4425-87d4-a16bfeb044be	ebc21351-ccc1-47b7-8be7-041f5e57a200
1460	1	2355180	NNNNNNNNNN+NNNNNNNNNN	H35TKDSX7	upload_user	ESQZY_laneBarcode.html	2024-05-06 12:49:48.648231+00:00	621f8ec5-453f-4e89-87ba-bd2c1643aed9	32319eaa-742b-47eb-ac6f-532a8461824b
1461	1	1481600	AAAACTCAAG+ACATATCCAG	H35TKDSX7	upload_user	ESQZY_laneBarcode.html	2024-05-06 12:49:48.648231+00:00	c3965397-7825-4036-a97e-0d18e59b5456	32319eaa-742b-47eb-ac6f-532a8461824b
1462	1	1253320	AAATCGAAAA+TCCGCCAATT	H35TKDSX7	upload_user	ESQZY_laneBarcode.html	2024-05-06 12:49:48.648231+00:00	93eb9510-53eb-4670-b729-ee0c1c6291e1	32319eaa-742b-47eb-ac6f-532a8461824b
1463	1	1221320	ATATAATAAA+TCGACATCTC	H35TKDSX7	upload_user	ESQZY_laneBarcode.html	2024-05-06 12:49:48.648231+00:00	4f97e1b4-fa79-451a-8c0e-7d2e67761a6a	32319eaa-742b-47eb-ac6f-532a8461824b
1464	1	1208680	AAATATGAAC+TATGACAATC	H35TKDSX7	upload_user	ESQZY_laneBarcode.html	2024-05-06 12:49:48.648231+00:00	e6d74d11-fe6a-46e6-9c83-c79dc06f3086	32319eaa-742b-47eb-ac6f-532a8461824b
1465	1	939520	ACATCTAAAA+AGAGCTTATC	H35TKDSX7	upload_user	ESQZY_laneBarcode.html	2024-05-06 12:49:48.648231+00:00	19d193fb-c6aa-473b-b21c-cccd581f96be	32319eaa-742b-47eb-ac6f-532a8461824b
1466	1	920140	ATAAAGGAAT+GCTGACGTTG	H35TKDSX7	upload_user	ESQZY_laneBarcode.html	2024-05-06 12:49:48.648231+00:00	07a1f93e-7e4e-4e58-adce-23a114c9885e	32319eaa-742b-47eb-ac6f-532a8461824b
1467	1	893400	ATAACTTAAT+AGGTATGGCG	H35TKDSX7	upload_user	ESQZY_laneBarcode.html	2024-05-06 12:49:48.648231+00:00	e0bbf4f9-f884-4324-9a0d-c1a6aa40a7cf	32319eaa-742b-47eb-ac6f-532a8461824b
1468	1	811500	ATAACGGAAT+ACGGTCAGGA	H35TKDSX7	upload_user	ESQZY_laneBarcode.html	2024-05-06 12:49:48.648231+00:00	cd0b953b-ce12-4d4f-83f7-bbc0cb4e0e59	32319eaa-742b-47eb-ac6f-532a8461824b
1469	1	690620	AAATCCAAAT+GTAACTGAAG	H35TKDSX7	upload_user	ESQZY_laneBarcode.html	2024-05-06 12:49:48.648231+00:00	81fc4800-6830-4a9c-bcd5-a8b2298198e0	32319eaa-742b-47eb-ac6f-532a8461824b
1470	2	2525520	NNNNNNNNNN+NNNNNNNNNN	H35TKDSX7	upload_user	ESQZY_laneBarcode.html	2024-05-06 12:49:48.648231+00:00	6dbea866-564a-4971-8c35-dea04d80850d	32319eaa-742b-47eb-ac6f-532a8461824b
1471	2	1495420	AAAACTCAAG+ACATATCCAG	H35TKDSX7	upload_user	ESQZY_laneBarcode.html	2024-05-06 12:49:48.648231+00:00	9912e13c-d5e9-4fdc-83d6-adcf44e7d9c5	32319eaa-742b-47eb-ac6f-532a8461824b
1472	2	1253500	AAATCGAAAA+TCCGCCAATT	H35TKDSX7	upload_user	ESQZY_laneBarcode.html	2024-05-06 12:49:48.648231+00:00	6996ff3a-43c2-43fa-b0fb-a03b78ef08f6	32319eaa-742b-47eb-ac6f-532a8461824b
1473	2	1236920	ATATAATAAA+TCGACATCTC	H35TKDSX7	upload_user	ESQZY_laneBarcode.html	2024-05-06 12:49:48.648231+00:00	60cfd82f-d064-4fba-828b-291655f1f17f	32319eaa-742b-47eb-ac6f-532a8461824b
1474	2	1215240	AAATATGAAC+TATGACAATC	H35TKDSX7	upload_user	ESQZY_laneBarcode.html	2024-05-06 12:49:48.648231+00:00	17f9f40f-7ad3-4cad-85a0-f34fffc8245f	32319eaa-742b-47eb-ac6f-532a8461824b
1475	2	948820	ACATCTAAAA+AGAGCTTATC	H35TKDSX7	upload_user	ESQZY_laneBarcode.html	2024-05-06 12:49:48.648231+00:00	eb985018-c491-4791-94dc-5516965271c0	32319eaa-742b-47eb-ac6f-532a8461824b
1476	2	927100	ATAAAGGAAT+GCTGACGTTG	H35TKDSX7	upload_user	ESQZY_laneBarcode.html	2024-05-06 12:49:48.648231+00:00	f4a4e315-31b0-4d0c-8467-cbdcf3427cc3	32319eaa-742b-47eb-ac6f-532a8461824b
1477	2	903120	ATAACTTAAT+AGGTATGGCG	H35TKDSX7	upload_user	ESQZY_laneBarcode.html	2024-05-06 12:49:48.648231+00:00	2f738e13-6498-4d5e-88a5-0015ccfe3c59	32319eaa-742b-47eb-ac6f-532a8461824b
1478	2	822740	ATAACGGAAT+ACGGTCAGGA	H35TKDSX7	upload_user	ESQZY_laneBarcode.html	2024-05-06 12:49:48.648231+00:00	50faa1b2-c549-4fc0-b218-e0209cd8243a	32319eaa-742b-47eb-ac6f-532a8461824b
1479	2	693700	AAATCCAAAT+GTAACTGAAG	H35TKDSX7	upload_user	ESQZY_laneBarcode.html	2024-05-06 12:49:48.648231+00:00	50034d86-d63a-4bb2-aedc-c4bb691fea0c	32319eaa-742b-47eb-ac6f-532a8461824b
1480	3	2490300	NNNNNNNNNN+NNNNNNNNNN	H35TKDSX7	upload_user	ESQZY_laneBarcode.html	2024-05-06 12:49:48.648231+00:00	ebabc68f-7624-41c0-8080-a7a9a6f4b22f	32319eaa-742b-47eb-ac6f-532a8461824b
1481	3	1488720	AAAACTCAAG+ACATATCCAG	H35TKDSX7	upload_user	ESQZY_laneBarcode.html	2024-05-06 12:49:48.648231+00:00	e0e82d60-03d7-45f7-ae1c-697fba35768f	32319eaa-742b-47eb-ac6f-532a8461824b
1482	3	1243160	AAATCGAAAA+TCCGCCAATT	H35TKDSX7	upload_user	ESQZY_laneBarcode.html	2024-05-06 12:49:48.648231+00:00	4147481f-e094-466b-9f14-42b895f0acd6	32319eaa-742b-47eb-ac6f-532a8461824b
1483	3	1223360	ATATAATAAA+TCGACATCTC	H35TKDSX7	upload_user	ESQZY_laneBarcode.html	2024-05-06 12:49:48.648231+00:00	6999ddd8-bd99-4e8c-b004-f5667f437fe2	32319eaa-742b-47eb-ac6f-532a8461824b
1484	3	1208300	AAATATGAAC+TATGACAATC	H35TKDSX7	upload_user	ESQZY_laneBarcode.html	2024-05-06 12:49:48.648231+00:00	0c5f5732-e331-4cd0-a295-05b2ea032568	32319eaa-742b-47eb-ac6f-532a8461824b
1485	3	958240	ACATCTAAAA+AGAGCTTATC	H35TKDSX7	upload_user	ESQZY_laneBarcode.html	2024-05-06 12:49:48.648231+00:00	53fe1c93-96ff-4062-acd7-8524c4a4aa24	32319eaa-742b-47eb-ac6f-532a8461824b
1486	3	918080	ATAAAGGAAT+GCTGACGTTG	H35TKDSX7	upload_user	ESQZY_laneBarcode.html	2024-05-06 12:49:48.648231+00:00	ccf6aa6c-9731-4dba-a364-36535eb01529	32319eaa-742b-47eb-ac6f-532a8461824b
1487	3	889200	ATAACTTAAT+AGGTATGGCG	H35TKDSX7	upload_user	ESQZY_laneBarcode.html	2024-05-06 12:49:48.648231+00:00	91d1d8a9-b851-443e-8642-c6ac3583efad	32319eaa-742b-47eb-ac6f-532a8461824b
1488	3	805280	ATAACGGAAT+ACGGTCAGGA	H35TKDSX7	upload_user	ESQZY_laneBarcode.html	2024-05-06 12:49:48.648231+00:00	84d40b22-b212-44e3-b403-cbc474b92406	32319eaa-742b-47eb-ac6f-532a8461824b
1489	3	691800	AAATCCAAAT+GTAACTGAAG	H35TKDSX7	upload_user	ESQZY_laneBarcode.html	2024-05-06 12:49:48.648231+00:00	209ba9f2-1557-4a77-9815-a72eaeb72a48	32319eaa-742b-47eb-ac6f-532a8461824b
1490	4	2381980	NNNNNNNNNN+NNNNNNNNNN	H35TKDSX7	upload_user	ESQZY_laneBarcode.html	2024-05-06 12:49:48.648231+00:00	3e6a4147-ed75-4b2f-8fb7-108bb4d3891c	32319eaa-742b-47eb-ac6f-532a8461824b
1491	4	1517660	AAAACTCAAG+ACATATCCAG	H35TKDSX7	upload_user	ESQZY_laneBarcode.html	2024-05-06 12:49:48.648231+00:00	8889c3d4-cd57-45aa-9221-91a6ae8f0ba7	32319eaa-742b-47eb-ac6f-532a8461824b
1492	4	1279840	AAATCGAAAA+TCCGCCAATT	H35TKDSX7	upload_user	ESQZY_laneBarcode.html	2024-05-06 12:49:48.648231+00:00	b6eab199-176f-4ace-8e69-cce537102bdc	32319eaa-742b-47eb-ac6f-532a8461824b
1493	4	1246700	ATATAATAAA+TCGACATCTC	H35TKDSX7	upload_user	ESQZY_laneBarcode.html	2024-05-06 12:49:48.648231+00:00	123f3768-244a-4b6c-be0c-2900764220cc	32319eaa-742b-47eb-ac6f-532a8461824b
1494	4	1223080	AAATATGAAC+TATGACAATC	H35TKDSX7	upload_user	ESQZY_laneBarcode.html	2024-05-06 12:49:48.648231+00:00	f0ca1a05-0379-488f-9ee9-ff8154fe712f	32319eaa-742b-47eb-ac6f-532a8461824b
1495	4	978300	ACATCTAAAA+AGAGCTTATC	H35TKDSX7	upload_user	ESQZY_laneBarcode.html	2024-05-06 12:49:48.648231+00:00	e8668c68-f23d-4733-aef5-b24e118a7a8b	32319eaa-742b-47eb-ac6f-532a8461824b
1496	4	929920	ATAAAGGAAT+GCTGACGTTG	H35TKDSX7	upload_user	ESQZY_laneBarcode.html	2024-05-06 12:49:48.648231+00:00	6bcc986f-df3d-4c19-92bd-aae144d3fb4c	32319eaa-742b-47eb-ac6f-532a8461824b
1497	4	914160	ATAACTTAAT+AGGTATGGCG	H35TKDSX7	upload_user	ESQZY_laneBarcode.html	2024-05-06 12:49:48.648231+00:00	48f84ff5-644d-46cf-aa37-b2b314c19b24	32319eaa-742b-47eb-ac6f-532a8461824b
1498	4	835560	ATAACGGAAT+ACGGTCAGGA	H35TKDSX7	upload_user	ESQZY_laneBarcode.html	2024-05-06 12:49:48.648231+00:00	764c13ea-dca6-472a-9f81-4bf319c2d3d4	32319eaa-742b-47eb-ac6f-532a8461824b
1499	4	710280	AAATCCAAAT+GTAACTGAAG	H35TKDSX7	upload_user	ESQZY_laneBarcode.html	2024-05-06 12:49:48.648231+00:00	0fc8fb13-a981-407e-99ff-d280ec5470db	32319eaa-742b-47eb-ac6f-532a8461824b
1500	1	2766100	TTGAATGTTG+CTAGATTGCG	H3CMGDSX7	upload_user	laneBarcode.html	2024-05-06 12:51:47.484083+00:00	d6e68bc3-2558-424e-b7d3-fa61fc43e846	73890353-3223-4dd0-8e58-a1f2940f9dfb
1501	1	2606380	GGGGGGGGGG+TACACTACAA	H3CMGDSX7	upload_user	laneBarcode.html	2024-05-06 12:51:47.484083+00:00	1d4fa949-712a-4d55-91a9-9337a0a768d3	73890353-3223-4dd0-8e58-a1f2940f9dfb
1502	1	2190120	TCCGTTATGT+GGGGGGGGGG	H3CMGDSX7	upload_user	laneBarcode.html	2024-05-06 12:51:47.484083+00:00	8e326e08-2300-47cd-8f82-dc185891d025	73890353-3223-4dd0-8e58-a1f2940f9dfb
1503	1	1077560	GCCGGGCGGG+GCCCCGCCCC	H3CMGDSX7	upload_user	laneBarcode.html	2024-05-06 12:51:47.484083+00:00	9dc91474-1117-4786-9f2b-eb87fa964bdf	73890353-3223-4dd0-8e58-a1f2940f9dfb
1504	1	1031920	ATAACTTAAC+TCGAGCCATA	H3CMGDSX7	upload_user	laneBarcode.html	2024-05-06 12:51:47.484083+00:00	0b6672e9-edb7-429f-899e-fccd33adff28	73890353-3223-4dd0-8e58-a1f2940f9dfb
1505	1	944920	ATAAATGAAC+TCGGCGGTTA	H3CMGDSX7	upload_user	laneBarcode.html	2024-05-06 12:51:47.484083+00:00	ada8f0f4-b332-415f-9bdd-cdfc50fe03d8	73890353-3223-4dd0-8e58-a1f2940f9dfb
1506	1	926240	ACATATAAAT+TACACTACAA	H3CMGDSX7	upload_user	laneBarcode.html	2024-05-06 12:51:47.484083+00:00	ac8da5ee-ebe4-4cce-ad78-1c071c84918e	73890353-3223-4dd0-8e58-a1f2940f9dfb
1507	1	854840	TCGTTATGTA+TACACTACAA	H3CMGDSX7	upload_user	laneBarcode.html	2024-05-06 12:51:47.484083+00:00	bab3b9ff-b0d5-4d82-9cf4-b82050ac5469	73890353-3223-4dd0-8e58-a1f2940f9dfb
1508	1	753260	TCCGTATGTA+TACACTACAA	H3CMGDSX7	upload_user	laneBarcode.html	2024-05-06 12:51:47.484083+00:00	c99d2c10-2aaf-4dcd-98bd-bb87b2eef553	73890353-3223-4dd0-8e58-a1f2940f9dfb
1509	1	715780	AAATAGGAAG+ATCCAGGTAT	H3CMGDSX7	upload_user	laneBarcode.html	2024-05-06 12:51:47.484083+00:00	acbfb23f-792f-40af-9683-5fd51cb5e4e3	73890353-3223-4dd0-8e58-a1f2940f9dfb
1510	2	2770260	TTGAATGTTG+CTAGATTGCG	H3CMGDSX7	upload_user	laneBarcode.html	2024-05-06 12:51:47.484083+00:00	77b50a95-5789-45a3-ab01-74efeed4d01d	73890353-3223-4dd0-8e58-a1f2940f9dfb
1511	2	2690580	GGGGGGGGGG+TACACTACAA	H3CMGDSX7	upload_user	laneBarcode.html	2024-05-06 12:51:47.484083+00:00	7db416b4-4911-4e2c-bb6e-790635af849c	73890353-3223-4dd0-8e58-a1f2940f9dfb
1512	2	2301620	TCCGTTATGT+GGGGGGGGGG	H3CMGDSX7	upload_user	laneBarcode.html	2024-05-06 12:51:47.484083+00:00	73ba0b2c-6ff2-4ef9-8584-b392a43855fd	73890353-3223-4dd0-8e58-a1f2940f9dfb
1513	2	1106760	GCCGGGCGGG+GCCCCGCCCC	H3CMGDSX7	upload_user	laneBarcode.html	2024-05-06 12:51:47.484083+00:00	ab49aa21-6067-4416-b2cc-21dcac0f7dde	73890353-3223-4dd0-8e58-a1f2940f9dfb
1514	2	1055540	ATAACTTAAC+TCGAGCCATA	H3CMGDSX7	upload_user	laneBarcode.html	2024-05-06 12:51:47.484083+00:00	00d9c67b-db48-4d08-a0f9-0da941aa61aa	73890353-3223-4dd0-8e58-a1f2940f9dfb
1515	2	956280	ATAAATGAAC+TCGGCGGTTA	H3CMGDSX7	upload_user	laneBarcode.html	2024-05-06 12:51:47.484083+00:00	c9002eb1-cd2a-4d70-adbe-50186fea661d	73890353-3223-4dd0-8e58-a1f2940f9dfb
1516	2	928400	ACATATAAAT+TACACTACAA	H3CMGDSX7	upload_user	laneBarcode.html	2024-05-06 12:51:47.484083+00:00	008f765e-327b-4ba3-a8be-d43e4924d256	73890353-3223-4dd0-8e58-a1f2940f9dfb
1517	2	851100	TCGTTATGTA+TACACTACAA	H3CMGDSX7	upload_user	laneBarcode.html	2024-05-06 12:51:47.484083+00:00	90449e88-cb8a-459c-83a0-7778aaa15321	73890353-3223-4dd0-8e58-a1f2940f9dfb
1518	2	750580	TCCGTATGTA+TACACTACAA	H3CMGDSX7	upload_user	laneBarcode.html	2024-05-06 12:51:47.484083+00:00	ef5a503e-7835-4341-bb08-5eb3e3a95b86	73890353-3223-4dd0-8e58-a1f2940f9dfb
1519	2	722120	AAATAGGAAG+ATCCAGGTAT	H3CMGDSX7	upload_user	laneBarcode.html	2024-05-06 12:51:47.484083+00:00	2372065e-adf3-48e5-9149-b96150e5b8bd	73890353-3223-4dd0-8e58-a1f2940f9dfb
1520	3	2746920	TTGAATGTTG+CTAGATTGCG	H3CMGDSX7	upload_user	laneBarcode.html	2024-05-06 12:51:47.484083+00:00	154c4fdc-f37e-466e-b372-3c645b25a4b3	73890353-3223-4dd0-8e58-a1f2940f9dfb
1521	3	2702400	GGGGGGGGGG+TACACTACAA	H3CMGDSX7	upload_user	laneBarcode.html	2024-05-06 12:51:47.484083+00:00	2092bfa0-91c4-4a02-998f-54d34ef37f24	73890353-3223-4dd0-8e58-a1f2940f9dfb
1522	3	2327400	TCCGTTATGT+GGGGGGGGGG	H3CMGDSX7	upload_user	laneBarcode.html	2024-05-06 12:51:47.484083+00:00	b2c6c1b0-c6f0-46fa-afd2-1904822a5435	73890353-3223-4dd0-8e58-a1f2940f9dfb
1523	3	1102540	GCCGGGCGGG+GCCCCGCCCC	H3CMGDSX7	upload_user	laneBarcode.html	2024-05-06 12:51:47.484083+00:00	0502068b-ce2c-4232-8d81-f9ed444d0fba	73890353-3223-4dd0-8e58-a1f2940f9dfb
1524	3	1033780	ATAACTTAAC+TCGAGCCATA	H3CMGDSX7	upload_user	laneBarcode.html	2024-05-06 12:51:47.484083+00:00	03a15aa3-70ce-453b-a1b6-48e8a8b18698	73890353-3223-4dd0-8e58-a1f2940f9dfb
1525	3	945080	ATAAATGAAC+TCGGCGGTTA	H3CMGDSX7	upload_user	laneBarcode.html	2024-05-06 12:51:47.484083+00:00	12461723-e492-4052-a0de-884c52a28ccd	73890353-3223-4dd0-8e58-a1f2940f9dfb
1526	3	928940	ACATATAAAT+TACACTACAA	H3CMGDSX7	upload_user	laneBarcode.html	2024-05-06 12:51:47.484083+00:00	d406eb72-f761-46cd-86c8-359993cc5006	73890353-3223-4dd0-8e58-a1f2940f9dfb
1527	3	846320	TCGTTATGTA+TACACTACAA	H3CMGDSX7	upload_user	laneBarcode.html	2024-05-06 12:51:47.484083+00:00	a3d5bdde-6020-4ad7-a836-62e2586558ea	73890353-3223-4dd0-8e58-a1f2940f9dfb
1528	3	748600	TCCGTATGTA+TACACTACAA	H3CMGDSX7	upload_user	laneBarcode.html	2024-05-06 12:51:47.484083+00:00	0866e4cb-8da2-4019-b7b7-5c292a0a5b66	73890353-3223-4dd0-8e58-a1f2940f9dfb
1529	3	701600	AAATAGGAAG+ATCCAGGTAT	H3CMGDSX7	upload_user	laneBarcode.html	2024-05-06 12:51:47.484083+00:00	887cfb82-347d-457d-9d61-0f0aa1f77ef7	73890353-3223-4dd0-8e58-a1f2940f9dfb
1530	4	2758620	TTGAATGTTG+CTAGATTGCG	H3CMGDSX7	upload_user	laneBarcode.html	2024-05-06 12:51:47.484083+00:00	33ad63d8-8ad8-484d-9408-7130d205ab34	73890353-3223-4dd0-8e58-a1f2940f9dfb
1531	4	2636480	GGGGGGGGGG+TACACTACAA	H3CMGDSX7	upload_user	laneBarcode.html	2024-05-06 12:51:47.484083+00:00	8825ce5e-648a-441d-96ca-d6a6028e7ada	73890353-3223-4dd0-8e58-a1f2940f9dfb
1532	4	2254100	TCCGTTATGT+GGGGGGGGGG	H3CMGDSX7	upload_user	laneBarcode.html	2024-05-06 12:51:47.484083+00:00	103db918-7f13-4c64-86a2-c02d5d5aaa9e	73890353-3223-4dd0-8e58-a1f2940f9dfb
1533	4	1134800	GCCGGGCGGG+GCCCCGCCCC	H3CMGDSX7	upload_user	laneBarcode.html	2024-05-06 12:51:47.484083+00:00	d1616865-846a-4498-a565-545966c6bb1a	73890353-3223-4dd0-8e58-a1f2940f9dfb
1534	4	1042560	ATAACTTAAC+TCGAGCCATA	H3CMGDSX7	upload_user	laneBarcode.html	2024-05-06 12:51:47.484083+00:00	4da89df7-9e61-45b5-a693-ea735df09cfe	73890353-3223-4dd0-8e58-a1f2940f9dfb
1535	4	953680	ATAAATGAAC+TCGGCGGTTA	H3CMGDSX7	upload_user	laneBarcode.html	2024-05-06 12:51:47.484083+00:00	7d1945d0-6484-404c-a9d4-b9dd5701c9b8	73890353-3223-4dd0-8e58-a1f2940f9dfb
1536	4	921460	ACATATAAAT+TACACTACAA	H3CMGDSX7	upload_user	laneBarcode.html	2024-05-06 12:51:47.484083+00:00	c3d3be73-4bc6-451f-82b4-b3c2bbeff92a	73890353-3223-4dd0-8e58-a1f2940f9dfb
1537	4	854600	TCGTTATGTA+TACACTACAA	H3CMGDSX7	upload_user	laneBarcode.html	2024-05-06 12:51:47.484083+00:00	67d52b20-8762-4866-b1ed-2f806233a54c	73890353-3223-4dd0-8e58-a1f2940f9dfb
1538	4	750540	TCCGTATGTA+TACACTACAA	H3CMGDSX7	upload_user	laneBarcode.html	2024-05-06 12:51:47.484083+00:00	a5526224-a6e0-4e40-95cb-b3b79ec9a61d	73890353-3223-4dd0-8e58-a1f2940f9dfb
1539	4	705480	AAATAGGAAG+ATCCAGGTAT	H3CMGDSX7	upload_user	laneBarcode.html	2024-05-06 12:51:47.484083+00:00	f0d57770-a36f-41c7-9e73-ed9d28bff48e	73890353-3223-4dd0-8e58-a1f2940f9dfb
